user_id,failed_logins,login_hour,new_devices,downloads_per_day,external_shares,sensitive_file_access,privilege_requests,label
USER_00001,4,0,1,132,3,9,1,1
USER_00002,0,8,0,16,1,1,0,0
USER_00003,10,2,0,75,5,11,1,1
USER_00004,2,19,0,10,1,5,1,1
USER_00005,2,17,0,52,0,1,0,1
USER_00006,5,15,4,54,5,8,0,1
USER_00007,7,23,2,241,3,8,2,1
USER_00008,1,23,3,52,6,11,0,0
USER_00009,2,15,0,36,3,3,0,0
USER_00010,1,22,0,16,0,4,0,0
USER_00011,1,14,0,51,1,1,0,0
USER_00012,7,6,3,81,5,13,2,1
USER_00013,0,12,1,14,1,3,0,0
USER_00014,5,4,1,274,4,10,2,1
USER_00015,4,13,0,17,0,2,0,0
USER_00016,0,11,1,9,0,2,0,0
USER_00017,5,12,1,10,2,3,1,0
USER_00018,0,7,0,14,1,5,0,0
USER_00019,5,1,0,57,9,11,2,1
USER_00020,1,17,2,54,2,5,0,1
USER_00021,2,1,1,150,1,13,0,1
USER_00022,0,12,0,16,3,6,0,0
USER_00023,2,1,1,31,5,8,1,1
USER_00024,6,7,0,181,2,6,4,1
USER_00025,5,5,0,72,0,11,3,1
USER_00026,4,17,0,28,3,2,0,0
USER_00027,1,16,0,45,1,4,1,0
USER_00028,2,16,2,18,0,2,0,0
USER_00029,1,14,0,27,2,2,1,0
USER_00030,0,8,1,32,3,2,0,0
USER_00031,6,1,1,156,5,7,1,1
USER_00032,2,7,2,133,6,7,1,1
USER_00033,2,10,0,15,0,2,0,0
USER_00034,3,13,0,21,2,10,1,0
USER_00035,0,9,1,26,1,4,0,0
USER_00036,5,9,1,23,1,2,1,0
USER_00037,2,6,0,13,2,3,0,0
USER_00038,0,8,0,31,1,1,0,0
USER_00039,3,11,0,12,3,1,0,0
USER_00040,1,11,0,36,0,4,0,0
USER_00041,2,17,0,72,1,2,0,0
USER_00042,7,10,3,112,3,10,2,1
USER_00043,1,3,3,57,3,13,1,1
USER_00044,1,12,0,60,1,7,1,0
USER_00045,4,4,1,56,5,7,0,1
USER_00046,3,5,1,134,3,9,1,1
USER_00047,1,17,0,43,0,3,1,0
USER_00048,0,14,0,28,1,2,1,0
USER_00049,1,18,0,36,4,1,0,0
USER_00050,0,15,0,15,0,1,0,0
USER_00051,0,11,1,11,1,4,2,0
USER_00052,1,13,1,21,1,2,2,0
USER_00053,2,0,2,73,5,9,1,1
USER_00054,2,16,0,27,0,4,0,0
USER_00055,1,5,0,72,4,3,4,1
USER_00056,6,22,3,72,6,11,2,1
USER_00057,0,17,0,21,0,1,1,0
USER_00058,0,14,0,31,0,1,0,0
USER_00059,2,13,1,7,1,1,0,0
USER_00060,2,14,0,39,1,3,1,0
USER_00061,0,11,1,8,0,2,1,0
USER_00062,2,5,0,13,1,3,0,0
USER_00063,1,9,0,65,0,2,0,0
USER_00064,6,3,1,85,4,11,0,1
USER_00065,1,14,0,39,1,4,1,0
USER_00066,2,10,0,14,0,6,0,0
USER_00067,0,10,0,18,1,3,1,0
USER_00068,1,16,0,20,0,4,0,0
USER_00069,1,14,0,31,2,3,0,1
USER_00070,4,17,0,37,0,3,0,0
USER_00071,1,13,1,35,1,3,0,0
USER_00072,1,8,0,27,1,0,0,0
USER_00073,3,20,1,226,7,10,2,1
USER_00074,1,15,2,23,2,5,0,0
USER_00075,1,11,0,19,3,8,1,1
USER_00076,3,16,0,10,2,3,0,0
USER_00077,0,14,0,18,2,2,1,0
USER_00078,0,17,0,67,1,2,0,0
USER_00079,0,14,0,21,3,3,0,0
USER_00080,5,6,3,42,7,12,2,1
USER_00081,1,14,1,21,2,4,0,0
USER_00082,1,16,0,18,1,4,0,0
USER_00083,5,23,3,248,3,10,4,1
USER_00084,0,13,0,15,0,3,1,0
USER_00085,1,9,0,26,2,1,0,0
USER_00086,4,15,0,36,3,4,1,0
USER_00087,3,3,2,207,5,8,1,1
USER_00088,2,15,1,39,1,0,0,0
USER_00089,0,17,0,30,0,1,0,0
USER_00090,1,11,0,12,0,2,0,0
USER_00091,0,14,0,42,1,1,0,0
USER_00092,1,14,1,29,2,3,1,0
USER_00093,3,11,1,13,2,5,0,0
USER_00094,0,10,0,21,4,5,0,0
USER_00095,0,18,1,44,0,4,0,0
USER_00096,4,12,0,26,1,1,1,0
USER_00097,3,12,0,18,0,4,0,1
USER_00098,0,12,1,28,0,2,0,0
USER_00099,1,15,0,17,0,4,0,0
USER_00100,5,23,0,88,4,10,2,1
USER_00101,7,12,1,245,6,6,2,0
USER_00102,1,14,0,64,1,4,0,0
USER_00103,1,15,0,16,2,2,0,0
USER_00104,5,1,1,135,2,10,1,1
USER_00105,8,19,0,54,6,12,0,1
USER_00106,7,2,2,49,2,10,3,1
USER_00107,1,10,0,29,0,1,1,0
USER_00108,4,14,0,40,1,2,1,0
USER_00109,1,15,1,33,2,3,0,0
USER_00110,6,3,0,173,4,7,1,1
USER_00111,3,11,0,51,1,3,1,0
USER_00112,1,9,0,13,0,0,0,0
USER_00113,1,13,0,15,3,2,0,0
USER_00114,2,15,1,10,3,4,0,0
USER_00115,3,11,0,34,1,3,0,1
USER_00116,7,4,3,39,3,10,0,1
USER_00117,8,16,4,188,4,12,1,1
USER_00118,2,0,1,22,7,7,0,1
USER_00119,5,12,1,28,2,2,0,0
USER_00120,0,14,1,9,0,3,0,0
USER_00121,3,12,0,136,1,3,0,1
USER_00122,2,14,0,26,2,0,1,0
USER_00123,1,14,0,56,0,4,1,0
USER_00124,2,17,0,37,3,2,1,0
USER_00125,2,13,0,22,1,2,0,0
USER_00126,2,12,0,16,0,3,0,0
USER_00127,3,14,1,44,1,3,0,0
USER_00128,1,7,0,25,1,2,0,0
USER_00129,0,8,0,45,1,3,0,0
USER_00130,3,16,0,23,1,5,0,0
USER_00131,2,11,1,70,0,2,0,0
USER_00132,2,6,1,48,6,6,0,0
USER_00133,1,15,0,15,1,2,0,0
USER_00134,0,13,0,44,0,3,0,0
USER_00135,0,16,0,30,0,5,0,0
USER_00136,1,12,0,18,0,3,0,0
USER_00137,5,1,0,491,5,6,1,1
USER_00138,2,12,0,15,1,3,1,0
USER_00139,7,23,1,58,5,9,0,1
USER_00140,3,13,1,37,3,1,1,0
USER_00141,3,10,0,59,1,5,1,0
USER_00142,3,13,2,32,1,4,0,0
USER_00143,5,6,1,56,5,6,1,0
USER_00144,1,13,1,22,2,5,1,1
USER_00145,2,10,0,28,0,3,1,0
USER_00146,2,18,0,31,1,3,1,0
USER_00147,4,14,0,13,2,6,0,0
USER_00148,0,5,0,21,1,3,0,0
USER_00149,1,14,0,31,0,4,0,0
USER_00150,0,15,0,14,3,2,0,0
USER_00151,8,22,0,81,1,12,2,1
USER_00152,6,9,1,133,4,13,1,0
USER_00153,0,16,1,47,2,4,0,0
USER_00154,1,14,0,14,0,2,0,0
USER_00155,2,14,0,35,1,1,2,0
USER_00156,1,9,0,36,0,2,1,0
USER_00157,2,10,1,16,0,2,0,0
USER_00158,2,8,0,17,2,0,0,0
USER_00159,4,1,3,102,2,9,1,1
USER_00160,2,6,1,22,11,6,3,1
USER_00161,3,20,0,12,1,2,0,0
USER_00162,3,23,3,139,6,11,2,1
USER_00163,4,14,0,36,1,8,0,0
USER_00164,2,17,1,15,0,5,0,0
USER_00165,0,14,0,43,2,5,0,0
USER_00166,3,13,1,13,1,2,0,0
USER_00167,3,15,3,213,6,13,1,1
USER_00168,5,5,1,87,4,11,2,1
USER_00169,1,13,0,24,3,3,0,0
USER_00170,7,4,1,41,7,5,1,1
USER_00171,0,9,0,26,0,4,0,0
USER_00172,1,10,0,40,1,2,0,0
USER_00173,0,12,0,14,0,2,0,0
USER_00174,9,19,1,51,2,5,1,1
USER_00175,2,11,1,19,0,2,0,0
USER_00176,2,12,0,26,2,1,0,0
USER_00177,0,16,1,20,0,0,0,0
USER_00178,3,10,1,12,7,9,2,1
USER_00179,7,4,0,222,4,9,0,1
USER_00180,3,8,1,43,4,11,1,1
USER_00181,1,20,0,25,7,11,3,1
USER_00182,3,2,1,409,6,13,1,1
USER_00183,0,7,1,10,1,6,1,0
USER_00184,1,8,0,42,0,4,1,0
USER_00185,7,2,0,159,4,8,0,1
USER_00186,1,10,1,14,1,4,0,0
USER_00187,2,9,0,26,0,6,0,0
USER_00188,2,13,0,17,0,3,0,0
USER_00189,4,3,4,45,2,8,0,1
USER_00190,3,11,0,22,0,2,0,0
USER_00191,6,21,0,474,5,14,0,1
USER_00192,1,16,0,53,2,1,0,0
USER_00193,2,14,0,30,0,5,0,0
USER_00194,3,9,3,62,6,7,1,1
USER_00195,1,11,1,53,0,3,0,0
USER_00196,3,14,0,21,1,4,0,0
USER_00197,1,4,0,65,0,3,0,1
USER_00198,4,23,2,48,5,8,3,0
USER_00199,2,9,0,17,2,1,0,0
USER_00200,2,18,0,10,0,1,3,0
USER_00201,6,2,1,47,6,4,1,1
USER_00202,5,4,3,57,7,11,2,1
USER_00203,2,20,0,21,2,2,0,0
USER_00204,2,22,0,34,1,1,0,1
USER_00205,3,13,0,17,0,0,0,0
USER_00206,2,13,0,22,1,5,2,0
USER_00207,0,15,0,26,1,3,1,0
USER_00208,0,15,0,41,1,0,0,0
USER_00209,3,5,2,20,4,6,0,1
USER_00210,0,12,0,46,1,3,0,0
USER_00211,0,10,1,16,0,3,0,0
USER_00212,3,14,1,23,2,2,1,0
USER_00213,2,14,0,20,0,2,0,0
USER_00214,4,7,2,274,5,8,3,0
USER_00215,8,9,3,14,2,8,0,1
USER_00216,8,1,2,83,5,5,1,1
USER_00217,2,19,0,44,1,2,0,0
USER_00218,2,4,0,25,0,3,0,0
USER_00219,4,8,1,21,8,9,0,0
USER_00220,2,19,1,20,1,3,0,0
USER_00221,3,12,0,17,1,3,0,0
USER_00222,0,15,0,23,0,5,0,0
USER_00223,1,13,0,54,0,3,0,0
USER_00224,5,5,2,126,7,10,1,1
USER_00225,3,11,0,59,5,4,0,0
USER_00226,5,4,2,135,6,5,3,1
USER_00227,3,15,0,43,1,4,0,0
USER_00228,3,10,0,15,1,6,0,0
USER_00229,1,13,0,31,2,2,0,0
USER_00230,2,12,1,21,1,3,0,0
USER_00231,3,20,0,33,1,4,0,0
USER_00232,1,17,0,53,0,3,0,0
USER_00233,6,3,0,75,4,9,1,1
USER_00234,2,18,0,16,1,2,0,0
USER_00235,1,0,3,17,7,12,1,1
USER_00236,8,1,2,61,4,8,1,1
USER_00237,1,16,0,30,1,5,0,0
USER_00238,3,6,1,17,6,12,1,1
USER_00239,1,15,0,31,0,4,0,0
USER_00240,2,13,1,39,2,1,0,0
USER_00241,4,2,3,26,7,15,3,1
USER_00242,6,22,2,55,7,7,0,0
USER_00243,5,15,0,26,2,3,0,0
USER_00244,0,9,0,16,1,3,0,0
USER_00245,4,21,1,52,0,2,1,0
USER_00246,13,9,4,307,9,10,1,1
USER_00247,1,11,0,18,0,2,0,0
USER_00248,1,18,1,31,1,2,0,0
USER_00249,1,19,0,19,1,3,0,0
USER_00250,3,14,1,55,4,5,0,0
USER_00251,3,12,1,84,0,4,1,0
USER_00252,2,0,1,118,3,10,1,1
USER_00253,2,9,1,40,0,3,2,0
USER_00254,2,8,0,49,1,2,0,0
USER_00255,1,17,0,18,0,3,0,1
USER_00256,4,5,1,102,3,8,3,1
USER_00257,5,11,1,42,5,8,2,1
USER_00258,2,17,0,16,1,3,0,1
USER_00259,1,12,0,16,0,0,0,0
USER_00260,2,11,0,21,1,1,1,0
USER_00261,1,15,0,24,0,4,0,0
USER_00262,4,22,4,179,5,8,3,1
USER_00263,0,7,1,81,0,3,0,0
USER_00264,3,12,0,28,1,0,1,0
USER_00265,4,7,0,94,2,6,3,0
USER_00266,0,7,0,36,1,5,0,1
USER_00267,0,11,0,18,1,3,0,0
USER_00268,0,13,1,15,2,7,1,0
USER_00269,0,8,1,30,0,2,1,0
USER_00270,2,13,0,10,0,4,0,0
USER_00271,3,13,2,22,2,4,0,0
USER_00272,0,15,0,13,4,1,1,0
USER_00273,1,12,0,32,0,3,0,0
USER_00274,4,15,0,22,0,7,0,0
USER_00275,5,16,0,22,0,5,1,0
USER_00276,0,7,1,11,0,2,0,0
USER_00277,1,19,0,48,0,3,0,0
USER_00278,0,17,1,21,2,2,0,0
USER_00279,2,10,0,610,2,6,4,1
USER_00280,3,9,0,71,8,8,5,1
USER_00281,1,16,0,52,2,2,1,0
USER_00282,3,11,0,20,1,2,0,0
USER_00283,3,9,0,20,1,3,0,1
USER_00284,0,12,0,63,1,3,0,0
USER_00285,1,17,0,15,2,3,1,0
USER_00286,2,18,1,26,2,2,0,0
USER_00287,1,20,0,43,0,2,0,0
USER_00288,1,12,0,27,2,3,0,1
USER_00289,0,12,0,24,2,6,1,0
USER_00290,6,12,1,32,0,4,0,1
USER_00291,6,6,2,888,9,14,1,1
USER_00292,2,11,0,22,3,5,0,0
USER_00293,3,8,0,126,6,14,1,1
USER_00294,2,20,1,45,3,2,1,0
USER_00295,5,4,2,158,8,7,2,1
USER_00296,5,19,3,33,1,9,0,1
USER_00297,6,8,0,91,4,9,0,1
USER_00298,6,11,3,75,2,16,2,1
USER_00299,6,0,2,134,2,6,0,0
USER_00300,3,12,1,14,1,1,0,0
USER_00301,6,8,2,95,2,6,2,0
USER_00302,1,10,0,15,1,2,0,0
USER_00303,2,13,1,20,3,3,0,0
USER_00304,1,12,0,54,1,2,1,0
USER_00305,4,1,2,171,5,3,1,0
USER_00306,1,15,0,77,0,3,0,0
USER_00307,1,11,0,16,2,5,1,0
USER_00308,2,14,1,22,0,2,0,0
USER_00309,2,17,0,9,0,3,0,0
USER_00310,1,7,1,45,0,3,0,0
USER_00311,2,14,0,74,0,4,0,0
USER_00312,1,18,0,13,1,5,0,0
USER_00313,0,14,1,86,0,1,0,0
USER_00314,0,11,0,29,1,0,1,0
USER_00315,4,15,0,41,0,1,0,0
USER_00316,1,11,0,12,2,1,0,0
USER_00317,3,16,0,36,0,2,1,0
USER_00318,1,15,0,52,1,5,0,0
USER_00319,0,20,0,16,0,3,0,0
USER_00320,10,9,0,108,7,16,1,1
USER_00321,5,2,3,33,4,4,2,1
USER_00322,2,12,0,26,1,4,0,1
USER_00323,1,13,0,58,1,4,0,0
USER_00324,0,10,0,25,0,0,0,0
USER_00325,6,7,2,44,6,9,1,0
USER_00326,2,14,0,48,0,8,0,1
USER_00327,2,3,1,48,8,12,4,1
USER_00328,0,16,0,24,2,3,1,0
USER_00329,1,18,0,18,2,3,0,0
USER_00330,3,21,0,20,1,3,0,0
USER_00331,4,9,0,11,4,9,3,0
USER_00332,1,15,0,19,0,3,0,1
USER_00333,1,16,0,8,0,5,0,0
USER_00334,4,2,0,33,4,9,1,1
USER_00335,3,11,1,12,0,4,0,0
USER_00336,1,17,0,15,1,1,0,0
USER_00337,2,10,0,38,1,2,0,0
USER_00338,7,13,0,65,9,9,2,1
USER_00339,2,11,1,32,1,4,3,1
USER_00340,6,22,2,57,7,6,0,1
USER_00341,3,8,1,15,1,3,0,0
USER_00342,7,6,1,184,8,8,2,0
USER_00343,4,21,3,68,4,9,1,0
USER_00344,0,22,2,24,1,3,0,0
USER_00345,10,11,1,89,3,11,2,1
USER_00346,2,13,0,128,3,10,0,1
USER_00347,4,2,2,64,5,13,3,1
USER_00348,2,5,0,75,1,0,0,0
USER_00349,1,14,1,25,2,1,0,1
USER_00350,1,22,0,36,1,1,0,0
USER_00351,4,10,1,62,0,1,0,0
USER_00352,2,19,0,29,0,3,2,0
USER_00353,0,20,1,23,2,2,0,0
USER_00354,1,9,0,12,1,4,0,0
USER_00355,4,7,0,12,1,3,0,0
USER_00356,1,10,1,40,1,4,1,0
USER_00357,3,5,3,64,4,7,2,1
USER_00358,4,22,3,21,5,13,0,1
USER_00359,1,15,2,22,0,3,0,0
USER_00360,1,13,1,17,2,4,1,1
USER_00361,6,1,0,68,6,8,1,1
USER_00362,1,11,0,28,0,0,1,0
USER_00363,4,12,1,18,3,6,0,1
USER_00364,4,13,0,18,1,3,1,0
USER_00365,1,19,0,82,0,0,0,0
USER_00366,3,12,0,52,1,4,0,0
USER_00367,4,3,1,129,4,11,2,1
USER_00368,3,15,0,46,0,5,1,0
USER_00369,1,10,0,19,2,5,0,0
USER_00370,5,18,3,41,9,9,2,1
USER_00371,0,7,2,121,3,9,1,1
USER_00372,2,15,0,6,2,4,0,0
USER_00373,4,12,1,22,0,1,0,0
USER_00374,5,13,1,28,0,2,0,0
USER_00375,2,20,0,17,1,2,0,0
USER_00376,5,14,1,19,1,4,1,0
USER_00377,2,6,1,111,5,6,2,1
USER_00378,0,10,1,22,1,2,0,0
USER_00379,3,17,0,13,0,5,0,1
USER_00380,5,2,1,63,10,11,0,1
USER_00381,3,11,0,13,1,2,0,0
USER_00382,7,18,2,70,10,9,1,1
USER_00383,3,12,2,54,8,13,0,0
USER_00384,2,10,0,12,2,4,0,0
USER_00385,1,12,1,65,1,0,0,0
USER_00386,0,21,2,48,7,9,1,0
USER_00387,11,18,0,34,2,14,4,1
USER_00388,6,23,2,84,2,6,0,0
USER_00389,3,15,0,39,0,5,0,0
USER_00390,5,16,0,59,6,10,1,1
USER_00391,3,13,0,8,3,1,0,0
USER_00392,3,9,0,32,2,1,0,0
USER_00393,3,14,1,59,0,6,1,0
USER_00394,2,15,0,13,0,2,0,0
USER_00395,4,18,0,19,0,0,0,0
USER_00396,3,12,0,14,1,2,0,0
USER_00397,8,19,2,74,2,6,2,1
USER_00398,4,15,1,9,1,4,0,0
USER_00399,1,12,0,30,0,2,0,1
USER_00400,0,15,0,46,0,3,0,0
USER_00401,3,16,0,31,1,7,0,0
USER_00402,3,8,0,99,7,11,0,1
USER_00403,4,21,5,52,3,8,2,1
USER_00404,3,11,0,23,1,1,0,0
USER_00405,2,13,1,47,4,9,1,0
USER_00406,5,19,0,73,3,6,0,1
USER_00407,1,9,0,39,1,1,0,0
USER_00408,3,1,3,72,3,7,2,1
USER_00409,2,9,0,27,0,3,0,0
USER_00410,2,1,0,84,6,7,0,1
USER_00411,2,17,0,104,1,3,0,0
USER_00412,2,7,1,13,1,2,1,1
USER_00413,1,13,0,48,0,4,0,0
USER_00414,5,18,3,44,3,11,1,0
USER_00415,1,13,0,20,1,1,1,0
USER_00416,1,16,0,14,4,2,0,0
USER_00417,3,14,1,62,2,2,0,0
USER_00418,5,2,2,33,4,15,1,1
USER_00419,1,17,0,11,1,1,0,0
USER_00420,3,6,0,200,2,8,0,0
USER_00421,1,13,0,33,1,3,0,0
USER_00422,4,12,1,9,2,3,0,0
USER_00423,1,9,0,42,0,2,0,0
USER_00424,2,15,0,29,3,4,0,1
USER_00425,1,13,0,40,0,2,0,0
USER_00426,3,4,2,188,7,13,2,1
USER_00427,2,20,0,14,0,6,0,0
USER_00428,4,1,0,53,1,11,1,1
USER_00429,2,12,0,24,1,6,1,0
USER_00430,1,12,3,43,5,12,2,1
USER_00431,5,20,3,129,1,7,1,0
USER_00432,5,22,1,13,5,10,1,1
USER_00433,0,14,0,57,0,4,0,0
USER_00434,3,8,1,33,5,12,3,1
USER_00435,4,18,1,33,2,1,1,0
USER_00436,2,16,1,12,2,1,1,0
USER_00437,0,11,0,48,0,1,0,0
USER_00438,0,19,0,9,1,2,0,0
USER_00439,9,11,0,74,6,10,2,1
USER_00440,1,13,0,16,1,2,0,0
USER_00441,5,7,2,29,8,12,1,1
USER_00442,1,15,0,28,0,3,0,0
USER_00443,4,17,3,116,3,8,3,1
USER_00444,0,12,1,33,1,2,2,0
USER_00445,1,10,0,8,1,0,0,0
USER_00446,5,3,0,32,4,9,4,1
USER_00447,4,6,3,82,4,7,1,0
USER_00448,1,18,0,24,0,5,1,0
USER_00449,0,14,0,41,2,7,0,0
USER_00450,1,10,0,40,2,6,0,0
USER_00451,0,5,0,34,0,4,0,0
USER_00452,4,2,1,45,6,12,2,1
USER_00453,2,1,0,63,10,13,0,1
USER_00454,1,17,0,12,0,1,0,0
USER_00455,1,15,1,53,1,3,0,0
USER_00456,3,12,0,117,0,3,0,0
USER_00457,6,9,2,22,6,11,1,0
USER_00458,4,16,0,11,2,6,2,0
USER_00459,8,22,3,83,5,12,0,1
USER_00460,1,17,1,26,1,3,1,0
USER_00461,2,17,0,42,0,4,0,0
USER_00462,2,8,0,12,2,4,1,0
USER_00463,5,5,1,56,7,9,1,1
USER_00464,1,11,0,74,1,5,1,0
USER_00465,0,13,0,22,3,2,0,0
USER_00466,3,14,2,24,1,2,0,0
USER_00467,0,17,0,39,1,6,0,0
USER_00468,3,10,5,106,3,10,2,0
USER_00469,0,16,0,34,1,3,0,0
USER_00470,0,12,0,32,0,4,0,0
USER_00471,1,20,0,16,0,2,0,0
USER_00472,1,11,0,39,2,7,0,0
USER_00473,0,11,0,35,0,2,1,0
USER_00474,0,14,0,40,1,4,2,0
USER_00475,3,17,0,46,0,1,0,0
USER_00476,2,10,0,47,2,4,1,0
USER_00477,0,12,0,34,2,4,0,0
USER_00478,0,12,0,16,2,2,1,0
USER_00479,0,9,0,41,1,5,0,0
USER_00480,2,11,0,49,2,3,0,0
USER_00481,2,11,0,30,0,2,0,0
USER_00482,0,18,0,20,3,1,0,0
USER_00483,1,14,0,33,1,0,0,0
USER_00484,1,11,0,18,3,3,1,1
USER_00485,3,20,1,16,2,2,0,1
USER_00486,1,19,0,27,1,3,0,0
USER_00487,3,19,0,26,0,2,0,0
USER_00488,2,11,0,15,2,5,0,0
USER_00489,1,17,0,36,4,2,0,0
USER_00490,3,21,0,32,0,4,1,0
USER_00491,9,5,4,195,6,10,2,1
USER_00492,1,12,0,36,1,3,0,0
USER_00493,2,11,0,19,1,3,0,1
USER_00494,0,14,0,51,1,4,0,0
USER_00495,6,13,1,265,6,13,1,1
USER_00496,1,13,0,24,1,3,0,0
USER_00497,1,11,0,26,0,3,0,0
USER_00498,3,13,1,26,0,2,1,0
USER_00499,0,17,0,78,0,4,0,0
USER_00500,0,3,1,43,4,3,0,1
USER_00501,7,9,1,40,5,8,1,0
USER_00502,5,11,6,37,7,11,2,1
USER_00503,4,2,1,18,6,8,1,0
USER_00504,1,7,0,11,1,1,0,0
USER_00505,0,15,0,43,0,2,0,0
USER_00506,3,23,1,101,5,11,1,1
USER_00507,0,15,2,13,0,1,0,0
USER_00508,6,4,1,8,6,13,1,1
USER_00509,0,6,0,20,0,3,0,0
USER_00510,2,9,0,43,1,3,1,0
USER_00511,3,12,0,22,4,4,2,0
USER_00512,5,4,2,62,4,10,1,1
USER_00513,2,14,0,35,0,5,0,0
USER_00514,3,19,1,19,1,4,0,0
USER_00515,3,4,0,16,1,1,0,0
USER_00516,5,11,1,40,3,1,0,0
USER_00517,1,12,0,33,2,0,0,0
USER_00518,4,2,3,105,3,6,2,1
USER_00519,2,18,0,41,1,4,1,0
USER_00520,4,0,3,83,8,8,0,1
USER_00521,3,1,1,83,4,7,2,1
USER_00522,1,12,0,15,3,3,2,0
USER_00523,1,15,0,21,1,3,0,0
USER_00524,1,19,0,31,0,5,1,0
USER_00525,2,13,1,11,1,2,1,0
USER_00526,2,18,0,36,1,2,0,1
USER_00527,5,4,0,54,6,6,0,1
USER_00528,2,3,3,127,10,11,3,1
USER_00529,3,0,4,33,4,11,0,1
USER_00530,1,13,0,39,1,4,1,0
USER_00531,1,18,0,40,3,6,0,0
USER_00532,4,7,0,38,4,8,2,1
USER_00533,1,16,0,38,1,0,0,0
USER_00534,3,10,0,56,2,3,2,1
USER_00535,2,10,0,54,0,5,0,0
USER_00536,1,13,0,34,1,2,0,0
USER_00537,0,8,1,50,0,5,0,0
USER_00538,1,9,0,84,0,4,0,0
USER_00539,2,10,2,20,0,5,0,0
USER_00540,10,1,2,56,4,7,1,1
USER_00541,7,3,2,47,6,8,1,1
USER_00542,2,13,0,16,2,4,1,0
USER_00543,0,2,1,79,3,10,2,1
USER_00544,9,6,1,70,3,12,0,0
USER_00545,1,10,0,18,0,1,0,0
USER_00546,0,14,0,14,2,4,0,0
USER_00547,2,12,0,38,0,2,0,0
USER_00548,1,13,0,27,0,0,0,0
USER_00549,6,10,0,68,6,5,3,1
USER_00550,2,14,0,10,1,1,0,1
USER_00551,1,16,0,28,2,2,0,0
USER_00552,1,8,0,20,0,3,0,0
USER_00553,1,11,0,12,1,3,0,0
USER_00554,3,3,0,123,2,12,3,1
USER_00555,4,16,0,33,2,3,0,0
USER_00556,3,21,0,14,0,3,1,0
USER_00557,0,16,2,14,1,1,0,0
USER_00558,2,12,0,14,1,3,0,0
USER_00559,1,14,0,32,2,2,0,0
USER_00560,0,15,0,40,3,6,1,0
USER_00561,0,9,0,7,0,4,1,1
USER_00562,0,13,0,20,3,0,0,0
USER_00563,7,23,0,68,6,10,2,1
USER_00564,3,12,0,197,0,2,1,0
USER_00565,1,12,0,25,2,2,0,0
USER_00566,0,13,1,18,1,1,0,0
USER_00567,6,1,0,44,5,9,2,1
USER_00568,0,10,0,12,0,1,0,0
USER_00569,1,14,0,10,1,3,1,0
USER_00570,0,13,0,38,0,3,0,0
USER_00571,3,13,0,33,0,3,0,0
USER_00572,9,0,1,142,3,8,5,1
USER_00573,2,13,1,35,0,2,0,0
USER_00574,3,3,3,110,1,7,1,0
USER_00575,3,4,1,52,7,11,2,1
USER_00576,1,19,0,55,2,1,0,0
USER_00577,8,0,1,38,4,6,4,1
USER_00578,4,15,0,29,2,5,0,0
USER_00579,4,3,2,148,5,6,2,1
USER_00580,1,10,0,43,1,4,0,0
USER_00581,0,13,1,16,0,4,0,0
USER_00582,0,15,1,58,0,4,1,1
USER_00583,1,10,1,21,0,6,1,0
USER_00584,1,17,2,15,1,4,3,1
USER_00585,2,4,0,72,7,4,4,1
USER_00586,3,11,0,15,1,2,0,0
USER_00587,3,16,0,14,0,3,0,0
USER_00588,0,14,0,15,2,6,1,1
USER_00589,0,10,1,116,1,1,0,1
USER_00590,0,8,0,39,1,1,0,0
USER_00591,6,4,2,67,4,8,3,1
USER_00592,0,14,1,42,2,3,0,0
USER_00593,5,20,0,45,1,2,0,0
USER_00594,1,11,0,14,2,5,0,0
USER_00595,3,14,0,20,0,2,1,0
USER_00596,1,9,0,7,0,4,0,0
USER_00597,4,19,3,277,5,9,1,1
USER_00598,0,11,1,8,2,3,0,0
USER_00599,10,11,1,297,11,8,0,1
USER_00600,2,14,0,62,2,4,0,0
USER_00601,2,17,0,42,0,2,0,0
USER_00602,6,6,2,53,5,14,2,1
USER_00603,5,3,3,20,4,11,2,1
USER_00604,5,10,1,48,4,11,1,1
USER_00605,7,2,3,60,11,5,1,1
USER_00606,6,16,0,26,4,11,1,0
USER_00607,4,4,1,375,4,10,0,1
USER_00608,2,17,0,13,0,6,0,0
USER_00609,6,20,1,76,5,5,3,1
USER_00610,1,15,0,35,1,4,1,0
USER_00611,2,15,1,15,0,2,0,0
USER_00612,3,12,0,60,0,5,0,0
USER_00613,3,2,2,87,5,5,0,1
USER_00614,4,23,1,129,4,6,1,1
USER_00615,1,15,1,16,0,2,0,0
USER_00616,3,4,4,178,1,10,1,1
USER_00617,3,7,2,72,3,9,0,1
USER_00618,3,14,0,18,1,5,0,0
USER_00619,2,17,0,17,1,3,0,0
USER_00620,2,14,0,31,0,1,0,0
USER_00621,4,1,3,139,6,12,1,1
USER_00622,0,12,1,20,0,1,0,0
USER_00623,7,23,4,90,5,10,1,1
USER_00624,2,13,0,22,0,4,0,0
USER_00625,5,2,0,122,4,8,0,1
USER_00626,1,12,0,7,1,5,0,0
USER_00627,4,1,2,111,10,6,0,1
USER_00628,1,15,1,25,0,2,0,0
USER_00629,2,15,0,18,0,5,0,0
USER_00630,5,20,1,47,5,11,4,0
USER_00631,7,0,1,151,5,11,1,1
USER_00632,2,6,2,72,4,11,0,1
USER_00633,2,14,0,21,2,1,0,0
USER_00634,2,18,0,58,2,1,0,0
USER_00635,3,18,0,67,3,1,0,0
USER_00636,0,14,0,26,1,5,0,0
USER_00637,0,11,0,79,1,3,0,0
USER_00638,6,4,2,148,2,7,2,1
USER_00639,5,2,1,279,5,11,0,1
USER_00640,4,5,2,66,4,8,0,1
USER_00641,6,9,2,19,9,4,0,0
USER_00642,3,8,1,35,5,7,1,0
USER_00643,2,12,0,42,0,9,0,1
USER_00644,0,11,1,62,1,2,0,0
USER_00645,2,6,0,17,2,3,0,0
USER_00646,5,3,1,106,3,14,0,1
USER_00647,0,17,0,28,0,1,2,0
USER_00648,1,15,1,16,1,3,0,0
USER_00649,2,6,0,6,0,3,1,0
USER_00650,1,12,0,42,3,4,0,0
USER_00651,1,15,0,25,1,4,0,0
USER_00652,2,21,0,376,3,11,3,0
USER_00653,2,21,1,39,1,2,0,0
USER_00654,0,13,0,24,1,3,0,0
USER_00655,5,5,0,26,5,8,1,1
USER_00656,2,15,0,35,2,4,0,0
USER_00657,4,4,3,56,1,8,1,1
USER_00658,2,10,2,47,0,1,0,0
USER_00659,4,16,0,47,0,1,1,0
USER_00660,2,15,0,23,1,1,0,0
USER_00661,0,12,0,70,0,0,0,0
USER_00662,1,6,1,126,7,13,2,0
USER_00663,2,6,0,36,2,3,0,0
USER_00664,2,13,0,25,1,1,0,0
USER_00665,0,13,0,9,0,4,0,0
USER_00666,4,21,3,125,5,3,1,0
USER_00667,6,23,1,41,4,9,2,0
USER_00668,4,2,2,65,4,15,2,1
USER_00669,2,6,0,33,1,1,0,0
USER_00670,3,20,0,33,0,8,0,0
USER_00671,2,4,0,27,1,4,0,0
USER_00672,1,11,1,23,0,4,0,0
USER_00673,5,22,1,36,3,16,0,1
USER_00674,3,2,1,57,5,11,5,1
USER_00675,1,9,2,28,1,6,0,0
USER_00676,5,15,0,19,0,3,0,0
USER_00677,3,5,2,128,5,9,2,1
USER_00678,1,16,1,19,0,6,0,0
USER_00679,1,5,0,44,2,9,0,0
USER_00680,1,12,0,20,0,5,0,0
USER_00681,4,15,0,26,1,4,0,0
USER_00682,2,9,1,10,1,3,0,0
USER_00683,1,14,0,29,1,4,0,0
USER_00684,1,14,0,42,5,4,1,0
USER_00685,0,14,0,34,1,9,1,0
USER_00686,2,12,0,17,0,6,1,0
USER_00687,0,16,0,29,0,4,0,0
USER_00688,8,17,0,66,7,7,0,1
USER_00689,5,6,2,39,5,8,0,0
USER_00690,3,11,1,15,1,6,1,0
USER_00691,2,10,0,49,1,3,0,0
USER_00692,6,23,2,142,4,4,2,1
USER_00693,0,11,0,22,0,6,0,0
USER_00694,2,18,1,17,1,5,1,1
USER_00695,5,16,2,79,2,4,0,1
USER_00696,3,11,0,102,1,1,0,0
USER_00697,3,20,1,349,12,13,2,1
USER_00698,2,15,0,21,1,3,0,0
USER_00699,2,14,1,19,0,2,1,0
USER_00700,2,13,0,13,1,6,0,0
USER_00701,2,15,1,41,1,1,2,0
USER_00702,0,15,0,32,1,4,1,0
USER_00703,3,10,0,18,4,4,0,1
USER_00704,4,20,1,118,3,12,1,1
USER_00705,2,6,0,36,2,3,0,0
USER_00706,0,7,0,30,0,2,0,0
USER_00707,4,2,3,73,4,10,6,1
USER_00708,5,12,2,63,5,11,1,1
USER_00709,2,16,1,10,2,5,1,0
USER_00710,0,15,1,32,0,5,0,0
USER_00711,3,4,0,252,2,5,0,1
USER_00712,1,12,0,25,0,1,0,0
USER_00713,9,10,0,53,6,10,3,1
USER_00714,4,1,1,42,5,12,4,1
USER_00715,6,1,4,231,3,9,1,1
USER_00716,1,14,0,40,1,4,0,0
USER_00717,2,9,0,28,0,4,0,0
USER_00718,1,12,0,63,0,3,0,0
USER_00719,1,8,0,42,0,4,0,0
USER_00720,1,4,3,18,7,12,2,1
USER_00721,3,18,0,12,1,3,1,0
USER_00722,3,14,1,79,3,1,0,0
USER_00723,0,20,0,7,0,2,0,0
USER_00724,3,5,3,89,3,6,2,1
USER_00725,2,8,1,13,2,3,0,0
USER_00726,3,9,0,25,1,0,0,0
USER_00727,0,18,0,28,0,3,1,0
USER_00728,5,13,0,15,1,3,0,0
USER_00729,2,8,0,13,1,2,0,0
USER_00730,0,16,0,19,1,2,0,0
USER_00731,2,18,0,25,0,1,0,0
USER_00732,3,18,0,34,1,0,0,0
USER_00733,1,15,0,33,0,5,1,0
USER_00734,1,17,0,18,1,2,2,0
USER_00735,0,15,0,16,2,4,0,0
USER_00736,0,10,0,58,2,3,0,0
USER_00737,2,17,0,10,2,5,1,0
USER_00738,4,12,0,38,0,2,0,0
USER_00739,4,19,1,16,2,3,0,0
USER_00740,2,12,0,29,0,2,0,0
USER_00741,0,12,0,55,0,2,0,0
USER_00742,0,9,0,24,0,2,0,0
USER_00743,4,2,0,41,8,7,0,1
USER_00744,1,20,2,27,0,3,0,0
USER_00745,1,16,0,29,1,6,0,0
USER_00746,1,13,0,26,0,2,0,0
USER_00747,2,11,1,32,3,0,0,0
USER_00748,5,11,0,18,1,4,0,0
USER_00749,3,7,2,31,4,5,3,1
USER_00750,4,1,1,101,7,13,5,1
USER_00751,0,6,0,41,0,3,2,0
USER_00752,2,0,1,101,0,0,0,1
USER_00753,1,14,0,47,0,5,1,0
USER_00754,1,12,0,39,0,2,0,0
USER_00755,0,11,0,17,0,1,0,1
USER_00756,3,15,0,8,1,2,0,0
USER_00757,2,9,0,6,1,0,1,0
USER_00758,7,6,0,68,5,6,0,1
USER_00759,1,15,0,25,1,2,0,0
USER_00760,1,10,1,16,1,1,0,0
USER_00761,5,8,2,18,4,3,0,1
USER_00762,0,11,0,35,1,1,0,0
USER_00763,1,12,0,19,0,2,1,0
USER_00764,2,12,0,16,1,1,1,0
USER_00765,6,21,0,63,4,14,3,1
USER_00766,1,14,0,34,0,6,0,0
USER_00767,3,11,1,26,1,2,1,0
USER_00768,4,14,0,28,1,3,0,0
USER_00769,5,11,0,43,0,5,1,0
USER_00770,4,13,2,19,1,4,1,0
USER_00771,1,11,0,46,0,0,0,0
USER_00772,4,7,0,37,0,4,0,0
USER_00773,0,14,1,62,0,3,0,0
USER_00774,5,23,0,22,12,8,0,1
USER_00775,2,14,1,38,2,5,0,1
USER_00776,6,1,0,72,3,8,5,1
USER_00777,0,8,0,25,0,3,0,0
USER_00778,1,16,1,40,1,3,0,0
USER_00779,2,14,2,185,6,10,1,1
USER_00780,4,23,3,109,10,12,2,1
USER_00781,4,16,1,28,1,4,1,0
USER_00782,4,23,2,82,7,9,0,1
USER_00783,1,13,0,42,0,4,0,0
USER_00784,1,18,0,51,1,2,1,0
USER_00785,1,7,1,84,5,7,1,0
USER_00786,1,17,0,22,2,3,1,0
USER_00787,4,3,1,117,3,7,0,1
USER_00788,1,13,0,24,2,2,0,0
USER_00789,3,7,0,267,1,7,2,0
USER_00790,1,16,1,18,0,4,0,0
USER_00791,1,11,0,18,0,5,0,0
USER_00792,2,13,0,50,1,2,0,0
USER_00793,1,11,0,10,1,4,0,0
USER_00794,0,13,0,18,0,2,0,0
USER_00795,1,10,1,38,2,2,1,0
USER_00796,0,12,0,40,2,1,0,0
USER_00797,3,12,0,12,1,1,0,0
USER_00798,2,17,0,42,0,2,0,0
USER_00799,2,1,1,125,5,11,0,0
USER_00800,5,4,1,135,5,5,1,1
USER_00801,8,23,3,347,5,8,0,1
USER_00802,0,15,0,44,3,2,0,0
USER_00803,2,0,2,125,5,5,0,1
USER_00804,1,12,0,10,2,6,1,0
USER_00805,4,16,0,39,1,2,0,0
USER_00806,1,16,0,53,1,5,0,0
USER_00807,1,7,0,30,1,4,0,0
USER_00808,3,16,0,20,2,3,0,0
USER_00809,1,12,1,25,0,1,0,0
USER_00810,1,7,3,145,5,9,2,0
USER_00811,3,14,0,8,1,6,0,0
USER_00812,1,12,0,41,0,1,0,0
USER_00813,3,4,1,130,5,10,2,1
USER_00814,2,15,0,42,2,3,0,0
USER_00815,2,15,0,26,1,1,0,0
USER_00816,2,20,3,101,6,4,2,0
USER_00817,2,15,2,20,9,13,0,1
USER_00818,2,12,0,27,2,3,0,0
USER_00819,0,15,1,4,1,3,0,0
USER_00820,2,18,0,21,1,3,0,0
USER_00821,2,15,0,7,0,1,1,0
USER_00822,0,10,0,56,1,3,0,0
USER_00823,0,12,0,26,1,2,0,0
USER_00824,3,14,0,55,1,4,0,0
USER_00825,3,8,1,142,5,7,1,1
USER_00826,0,13,0,25,2,3,0,1
USER_00827,3,15,0,19,2,3,0,0
USER_00828,1,8,1,6,0,1,0,0
USER_00829,5,8,0,75,2,15,1,1
USER_00830,2,16,0,44,2,3,0,0
USER_00831,1,5,0,29,2,4,1,0
USER_00832,4,17,1,37,0,4,0,1
USER_00833,3,14,0,15,0,2,0,0
USER_00834,4,13,0,12,1,3,0,0
USER_00835,1,6,0,269,6,13,0,0
USER_00836,2,16,0,15,3,2,1,0
USER_00837,8,5,2,178,2,21,2,1
USER_00838,7,1,1,111,4,7,2,1
USER_00839,1,11,1,21,0,4,0,0
USER_00840,2,12,0,68,0,2,0,0
USER_00841,1,16,0,9,0,2,1,0
USER_00842,9,8,2,92,2,20,2,1
USER_00843,0,15,0,15,0,3,1,0
USER_00844,1,12,0,20,1,4,0,0
USER_00845,1,17,0,67,0,7,0,0
USER_00846,3,2,1,112,7,15,0,1
USER_00847,1,17,0,17,1,0,0,1
USER_00848,2,18,1,18,2,4,0,0
USER_00849,1,12,0,21,0,2,0,0
USER_00850,6,23,0,64,8,2,2,1
USER_00851,4,17,0,22,2,0,0,0
USER_00852,0,13,0,8,0,3,0,0
USER_00853,4,19,0,35,4,17,0,1
USER_00854,5,5,4,148,4,12,2,1
USER_00855,4,11,0,42,0,1,0,0
USER_00856,2,18,0,28,1,5,1,0
USER_00857,7,20,2,106,10,6,1,1
USER_00858,6,9,3,70,6,15,0,1
USER_00859,1,14,0,15,1,1,0,0
USER_00860,4,8,1,51,1,2,0,0
USER_00861,5,4,3,178,8,13,0,1
USER_00862,5,21,1,95,3,12,0,1
USER_00863,0,0,3,117,2,9,0,0
USER_00864,1,20,0,31,1,0,0,0
USER_00865,0,23,0,35,1,5,1,0
USER_00866,5,11,0,43,6,12,0,1
USER_00867,7,4,2,114,3,6,1,1
USER_00868,4,9,1,101,11,6,4,1
USER_00869,2,15,0,36,0,6,0,0
USER_00870,1,12,0,13,0,3,0,0
USER_00871,1,3,0,33,6,8,1,0
USER_00872,0,12,0,14,2,1,0,0
USER_00873,5,0,0,349,3,11,1,1
USER_00874,0,9,0,21,0,3,0,0
USER_00875,5,0,1,64,2,12,0,1
USER_00876,8,16,0,232,11,5,1,1
USER_00877,0,16,0,51,0,4,0,0
USER_00878,1,15,0,8,0,4,0,0
USER_00879,0,5,0,35,1,7,0,1
USER_00880,0,15,0,28,1,3,0,0
USER_00881,1,16,0,45,0,3,0,0
USER_00882,5,10,0,11,5,3,1,1
USER_00883,2,5,3,24,6,13,3,1
USER_00884,1,12,1,48,1,2,0,0
USER_00885,1,14,0,124,0,0,0,0
USER_00886,3,13,2,31,2,2,0,0
USER_00887,1,7,0,31,0,11,0,1
USER_00888,4,10,0,20,0,5,1,0
USER_00889,1,15,0,58,2,0,0,0
USER_00890,0,15,0,16,0,3,1,0
USER_00891,0,21,0,22,0,7,0,0
USER_00892,7,5,4,28,2,9,2,1
USER_00893,1,7,1,9,1,2,0,0
USER_00894,0,18,0,17,0,3,0,0
USER_00895,5,4,2,26,5,6,1,0
USER_00896,1,3,0,204,4,13,4,1
USER_00897,3,16,0,6,0,2,0,0
USER_00898,2,14,0,40,1,1,0,0
USER_00899,1,10,0,7,0,0,2,0
USER_00900,0,14,0,12,0,7,1,0
USER_00901,1,11,0,21,0,1,0,0
USER_00902,0,8,0,29,0,2,0,0
USER_00903,2,12,0,20,0,6,0,0
USER_00904,2,15,0,23,0,2,0,0
USER_00905,5,4,0,110,3,15,2,1
USER_00906,0,11,0,38,0,4,0,0
USER_00907,1,15,0,12,2,4,0,0
USER_00908,1,12,0,30,2,4,0,0
USER_00909,0,10,0,47,1,4,0,0
USER_00910,0,14,1,16,1,0,0,0
USER_00911,3,5,1,32,4,6,3,1
USER_00912,2,22,0,592,1,8,2,0
USER_00913,4,0,2,13,1,9,1,0
USER_00914,6,23,0,38,7,10,1,1
USER_00915,4,2,1,46,8,7,1,1
USER_00916,1,10,0,56,8,14,1,1
USER_00917,3,16,0,21,4,3,0,1
USER_00918,2,7,0,26,1,4,0,0
USER_00919,4,10,0,49,1,2,0,0
USER_00920,0,10,0,35,2,4,0,0
USER_00921,0,17,0,12,2,2,0,0
USER_00922,2,8,2,54,6,6,1,0
USER_00923,2,10,0,33,1,3,0,0
USER_00924,2,9,0,5,0,2,0,0
USER_00925,2,6,0,10,2,4,1,0
USER_00926,2,7,0,13,2,1,1,0
USER_00927,2,11,0,36,1,7,1,0
USER_00928,4,2,3,373,3,5,1,1
USER_00929,2,13,0,22,2,5,1,1
USER_00930,6,4,0,73,6,9,0,1
USER_00931,1,14,0,22,1,3,0,0
USER_00932,0,11,0,154,1,4,0,0
USER_00933,1,13,0,41,1,5,0,0
USER_00934,3,3,2,47,5,8,3,1
USER_00935,5,5,1,178,5,11,1,1
USER_00936,1,12,0,10,0,0,0,0
USER_00937,5,23,3,70,6,3,0,1
USER_00938,1,16,0,18,0,3,0,0
USER_00939,5,8,2,146,6,8,1,0
USER_00940,1,13,1,11,0,6,1,0
USER_00941,3,15,1,31,3,2,0,0
USER_00942,4,12,2,30,7,14,2,0
USER_00943,1,12,0,48,2,2,0,0
USER_00944,2,17,1,12,1,1,1,0
USER_00945,1,15,1,16,1,3,0,0
USER_00946,2,13,1,43,1,1,1,0
USER_00947,5,9,0,72,1,4,1,0
USER_00948,3,7,1,439,3,16,2,1
USER_00949,4,0,3,241,5,6,2,1
USER_00950,1,15,0,38,4,5,0,0
USER_00951,1,9,0,75,1,2,1,0
USER_00952,0,16,0,70,1,1,0,0
USER_00953,0,12,0,19,1,1,0,0
USER_00954,0,7,1,39,0,5,1,0
USER_00955,5,10,1,63,2,10,3,0
USER_00956,5,2,1,22,3,7,0,1
USER_00957,8,4,1,30,4,6,3,1
USER_00958,3,16,0,30,0,2,0,0
USER_00959,1,18,0,118,1,1,1,0
USER_00960,0,15,0,43,1,2,1,0
USER_00961,3,12,2,26,0,3,0,1
USER_00962,2,7,1,8,2,2,0,0
USER_00963,0,15,0,30,3,1,2,0
USER_00964,1,13,0,72,1,4,0,0
USER_00965,3,1,4,198,9,7,1,1
USER_00966,3,11,0,36,1,4,0,0
USER_00967,3,21,2,74,7,8,2,1
USER_00968,0,16,0,41,1,5,0,0
USER_00969,3,17,1,16,2,1,0,0
USER_00970,5,17,0,19,3,3,1,0
USER_00971,1,14,2,41,0,4,0,0
USER_00972,1,9,0,26,0,4,0,0
USER_00973,1,13,0,38,0,3,0,0
USER_00974,4,19,0,149,2,10,3,1
USER_00975,4,13,1,25,1,0,1,0
USER_00976,1,14,0,109,2,2,0,0
USER_00977,3,15,1,18,0,2,0,0
USER_00978,0,16,0,34,1,3,0,0
USER_00979,2,16,1,83,0,4,0,0
USER_00980,2,12,0,13,0,2,0,0
USER_00981,4,22,2,79,3,3,1,0
USER_00982,5,0,2,45,3,7,2,0
USER_00983,5,10,2,73,3,3,1,0
USER_00984,3,12,0,18,0,4,0,0
USER_00985,2,6,0,37,0,1,0,0
USER_00986,4,6,3,64,5,16,2,1
USER_00987,0,15,0,25,1,3,0,1
USER_00988,2,12,0,43,1,7,0,0
USER_00989,0,14,0,26,0,1,0,0
USER_00990,7,5,1,112,6,5,4,1
USER_00991,1,9,0,21,0,6,0,0
USER_00992,4,4,1,358,4,7,0,1
USER_00993,9,2,0,113,6,10,2,1
USER_00994,3,9,0,29,3,3,3,1
USER_00995,8,3,4,93,5,10,0,1
USER_00996,3,18,0,11,1,5,1,0
USER_00997,2,10,1,63,4,5,0,0
USER_00998,0,13,0,38,1,9,1,1
USER_00999,6,0,0,81,0,10,0,1
USER_01000,3,15,0,41,1,2,0,0
USER_01001,1,10,0,43,1,5,0,0
USER_01002,0,11,1,31,0,1,0,0
USER_01003,1,16,0,15,0,2,1,0
USER_01004,1,11,0,18,0,5,0,1
USER_01005,1,14,0,57,2,2,0,0
USER_01006,3,14,1,12,2,3,0,0
USER_01007,9,0,5,172,5,10,1,1
USER_01008,0,9,0,44,0,5,0,0
USER_01009,3,23,1,51,4,9,3,1
USER_01010,2,12,0,24,2,2,0,0
USER_01011,1,12,1,17,0,0,0,0
USER_01012,0,16,0,32,2,2,0,0
USER_01013,1,9,0,12,0,4,0,1
USER_01014,5,11,3,29,8,8,2,1
USER_01015,0,13,1,29,2,2,0,0
USER_01016,1,18,0,14,2,3,0,0
USER_01017,1,7,1,11,1,5,1,0
USER_01018,5,20,0,176,6,16,0,1
USER_01019,1,12,0,22,1,5,0,0
USER_01020,1,16,0,6,1,2,0,0
USER_01021,6,5,0,218,3,9,3,1
USER_01022,6,21,2,295,7,9,0,1
USER_01023,4,22,0,33,8,8,2,1
USER_01024,2,12,0,25,6,5,0,1
USER_01025,1,15,0,40,0,2,1,0
USER_01026,0,14,0,17,0,1,0,0
USER_01027,5,23,0,62,8,7,3,1
USER_01028,2,16,0,26,2,1,0,0
USER_01029,4,7,0,146,5,14,0,1
USER_01030,1,10,0,17,0,2,0,0
USER_01031,1,15,0,31,0,2,0,0
USER_01032,6,3,3,147,5,11,2,1
USER_01033,0,17,0,14,2,1,0,0
USER_01034,2,16,2,60,3,11,2,0
USER_01035,4,17,0,34,1,1,0,1
USER_01036,1,13,0,27,0,3,0,0
USER_01037,1,12,0,10,2,2,0,0
USER_01038,2,14,0,17,0,2,0,0
USER_01039,0,14,0,20,1,1,1,0
USER_01040,0,10,0,21,2,3,0,0
USER_01041,3,13,0,64,1,4,0,0
USER_01042,0,18,0,7,2,2,0,0
USER_01043,2,9,1,65,1,2,0,0
USER_01044,3,15,1,13,0,2,0,0
USER_01045,3,17,0,13,0,4,0,0
USER_01046,2,13,0,17,0,1,1,0
USER_01047,2,12,0,44,1,3,0,0
USER_01048,4,3,2,65,5,5,1,1
USER_01049,6,1,1,51,4,9,1,1
USER_01050,2,12,0,20,2,3,1,0
USER_01051,0,19,0,22,1,2,0,0
USER_01052,1,13,1,23,2,4,0,0
USER_01053,2,13,0,23,4,5,0,0
USER_01054,2,10,0,48,1,2,0,0
USER_01055,4,14,0,29,1,9,0,1
USER_01056,1,9,0,40,1,4,0,0
USER_01057,2,0,3,69,4,12,4,1
USER_01058,3,3,1,10,2,0,0,0
USER_01059,0,13,0,23,0,7,1,0
USER_01060,2,2,1,340,4,10,3,1
USER_01061,4,2,0,101,3,10,1,1
USER_01062,2,11,0,27,0,3,1,0
USER_01063,1,11,0,25,2,1,0,0
USER_01064,1,15,0,18,0,1,0,0
USER_01065,1,11,0,50,1,3,0,0
USER_01066,5,0,0,89,0,6,0,0
USER_01067,1,18,0,18,0,2,0,0
USER_01068,1,13,0,47,2,5,0,0
USER_01069,1,18,0,16,0,5,0,0
USER_01070,2,18,1,22,1,3,0,1
USER_01071,7,4,3,92,2,6,2,1
USER_01072,1,10,2,34,1,1,0,0
USER_01073,1,14,1,24,1,4,0,0
USER_01074,3,4,3,50,4,11,2,1
USER_01075,0,21,1,65,2,9,0,0
USER_01076,1,20,0,35,1,2,1,0
USER_01077,0,15,0,70,3,0,0,0
USER_01078,0,9,0,34,0,4,0,0
USER_01079,1,14,0,23,1,4,0,0
USER_01080,2,13,0,12,1,2,0,0
USER_01081,0,15,0,22,2,1,0,0
USER_01082,2,3,1,198,3,14,0,0
USER_01083,3,21,1,117,2,8,2,1
USER_01084,4,1,2,116,6,8,1,1
USER_01085,6,4,1,52,6,13,1,1
USER_01086,5,1,0,89,4,5,0,0
USER_01087,3,3,3,241,1,12,0,1
USER_01088,7,8,1,69,1,7,1,1
USER_01089,3,11,0,33,0,3,0,0
USER_01090,2,16,0,43,0,7,0,0
USER_01091,1,13,0,26,1,3,0,0
USER_01092,0,10,1,9,1,4,0,0
USER_01093,1,11,1,46,1,0,0,0
USER_01094,1,13,0,28,3,1,0,0
USER_01095,2,13,0,39,1,2,0,1
USER_01096,1,9,0,18,3,3,0,0
USER_01097,2,14,0,60,1,8,1,0
USER_01098,3,11,2,98,6,10,0,1
USER_01099,9,6,4,34,4,10,0,1
USER_01100,1,16,0,77,1,3,0,0
USER_01101,0,10,0,20,0,2,0,0
USER_01102,3,13,0,29,0,3,0,0
USER_01103,4,3,1,35,6,8,1,1
USER_01104,4,5,0,31,7,10,0,1
USER_01105,4,12,0,12,2,0,1,1
USER_01106,3,5,1,81,3,10,3,1
USER_01107,0,11,0,37,1,2,2,0
USER_01108,2,14,0,60,2,1,0,0
USER_01109,7,11,2,389,7,10,0,1
USER_01110,2,15,0,23,0,3,0,0
USER_01111,1,12,0,26,1,2,0,0
USER_01112,2,17,1,28,2,4,0,0
USER_01113,1,17,0,78,2,5,0,1
USER_01114,2,1,5,111,6,10,3,1
USER_01115,3,8,2,53,3,11,0,0
USER_01116,0,14,0,77,1,2,0,0
USER_01117,0,15,0,11,0,5,0,0
USER_01118,4,4,0,58,6,10,0,1
USER_01119,0,11,0,13,1,3,1,1
USER_01120,4,1,1,260,2,7,4,1
USER_01121,1,16,1,19,0,1,0,0
USER_01122,1,13,0,17,2,2,0,0
USER_01123,6,2,1,33,5,12,0,1
USER_01124,2,16,0,34,1,0,0,0
USER_01125,2,10,0,19,0,2,1,0
USER_01126,1,16,1,30,1,4,0,0
USER_01127,3,10,1,24,2,2,0,0
USER_01128,1,12,0,36,0,3,1,0
USER_01129,1,8,0,19,0,3,1,0
USER_01130,3,4,2,128,3,14,3,1
USER_01131,4,5,2,76,6,10,2,1
USER_01132,3,14,0,36,3,4,0,0
USER_01133,0,12,0,8,3,6,0,0
USER_01134,6,19,1,47,6,7,0,1
USER_01135,4,21,0,67,7,6,3,0
USER_01136,4,9,0,11,1,1,0,0
USER_01137,1,17,1,27,1,4,0,0
USER_01138,1,15,0,33,0,4,1,0
USER_01139,3,8,0,47,2,4,0,1
USER_01140,1,19,1,39,2,4,0,0
USER_01141,1,12,1,13,2,3,0,0
USER_01142,8,13,0,30,6,8,0,1
USER_01143,7,3,2,227,4,2,2,1
USER_01144,9,3,1,116,6,9,3,1
USER_01145,0,11,1,19,1,4,0,0
USER_01146,0,10,1,41,2,4,0,0
USER_01147,5,11,1,66,0,6,1,0
USER_01148,5,7,3,127,7,5,3,1
USER_01149,3,18,0,17,0,0,0,0
USER_01150,3,23,2,57,5,5,2,1
USER_01151,0,12,0,7,1,1,2,0
USER_01152,5,1,1,40,7,10,2,1
USER_01153,0,19,0,31,0,1,0,0
USER_01154,3,14,0,16,2,2,1,0
USER_01155,2,15,1,30,0,3,0,0
USER_01156,0,16,0,6,1,2,0,0
USER_01157,0,15,0,36,0,6,1,0
USER_01158,3,7,1,14,0,5,0,0
USER_01159,1,10,1,35,2,0,0,1
USER_01160,2,7,1,34,5,9,1,0
USER_01161,1,11,0,31,1,10,0,0
USER_01162,0,8,0,18,3,3,0,0
USER_01163,3,16,2,59,3,10,2,1
USER_01164,0,15,0,19,1,3,0,1
USER_01165,2,15,1,19,0,3,0,0
USER_01166,3,1,2,42,8,3,1,1
USER_01167,6,12,1,146,4,11,1,0
USER_01168,0,14,1,12,0,5,0,0
USER_01169,1,0,1,153,4,10,2,1
USER_01170,3,15,0,53,2,5,0,0
USER_01171,1,14,0,66,0,6,0,0
USER_01172,7,6,0,96,3,10,2,1
USER_01173,0,8,0,38,2,2,1,1
USER_01174,7,22,2,134,1,5,2,1
USER_01175,2,14,1,16,2,1,1,0
USER_01176,3,22,2,86,6,6,0,1
USER_01177,2,18,0,20,0,2,1,0
USER_01178,3,13,1,47,1,1,0,0
USER_01179,0,11,0,21,2,1,1,0
USER_01180,1,17,0,36,0,3,0,0
USER_01181,4,6,2,32,0,11,2,0
USER_01182,3,15,1,36,0,3,0,0
USER_01183,3,14,0,12,1,2,0,0
USER_01184,0,9,1,12,0,2,0,0
USER_01185,1,9,0,40,0,2,0,0
USER_01186,6,0,1,55,6,9,1,1
USER_01187,0,6,0,19,0,2,0,0
USER_01188,6,0,3,44,5,9,1,1
USER_01189,3,13,0,12,2,4,1,0
USER_01190,1,13,0,47,1,4,1,0
USER_01191,2,18,0,15,0,3,0,0
USER_01192,3,9,1,23,0,4,0,1
USER_01193,4,10,2,31,8,7,1,1
USER_01194,3,5,0,340,1,10,1,1
USER_01195,7,2,0,122,3,12,0,1
USER_01196,1,9,0,10,2,1,2,0
USER_01197,2,20,0,8,1,2,0,0
USER_01198,3,10,0,28,1,3,0,0
USER_01199,3,14,0,20,0,1,0,0
USER_01200,5,2,1,34,7,7,3,1
USER_01201,0,16,0,33,2,3,0,0
USER_01202,1,9,1,10,2,5,0,0
USER_01203,4,4,1,58,5,5,3,1
USER_01204,7,7,0,53,7,11,2,1
USER_01205,2,15,0,24,1,5,0,0
USER_01206,1,13,1,20,2,4,0,0
USER_01207,0,17,1,18,1,1,1,0
USER_01208,2,10,0,24,0,3,0,0
USER_01209,2,12,0,13,1,3,0,0
USER_01210,1,13,1,25,0,5,0,0
USER_01211,8,14,2,72,5,9,1,1
USER_01212,6,10,0,293,3,7,4,1
USER_01213,3,17,1,26,1,4,1,0
USER_01214,2,11,0,25,2,1,0,0
USER_01215,3,11,1,20,3,7,1,1
USER_01216,2,14,0,46,0,5,0,0
USER_01217,2,14,0,6,2,5,0,0
USER_01218,2,17,0,10,1,4,0,0
USER_01219,1,13,0,34,0,4,1,0
USER_01220,2,12,0,41,1,2,0,0
USER_01221,0,19,1,19,1,1,0,0
USER_01222,3,14,0,42,1,1,0,0
USER_01223,4,13,1,57,6,8,2,1
USER_01224,0,7,1,16,2,3,0,0
USER_01225,1,13,0,30,0,2,0,0
USER_01226,6,2,3,435,2,10,2,1
USER_01227,0,13,0,24,0,1,0,0
USER_01228,1,13,0,65,2,3,0,0
USER_01229,6,2,0,100,5,10,3,1
USER_01230,0,13,0,5,1,1,0,0
USER_01231,3,17,0,26,1,1,0,0
USER_01232,3,13,0,35,2,1,2,0
USER_01233,4,15,0,47,1,3,0,0
USER_01234,1,12,1,54,0,7,0,0
USER_01235,0,12,0,33,2,2,0,0
USER_01236,1,13,1,27,0,4,0,0
USER_01237,1,15,0,31,0,1,1,0
USER_01238,1,16,0,29,1,4,0,0
USER_01239,2,16,0,5,0,4,0,0
USER_01240,2,12,0,34,2,2,0,0
USER_01241,3,11,2,296,2,9,3,1
USER_01242,2,9,0,88,0,6,1,1
USER_01243,2,14,2,21,2,1,0,0
USER_01244,1,6,0,33,0,6,0,0
USER_01245,0,8,0,38,0,4,0,0
USER_01246,5,14,0,42,2,3,0,1
USER_01247,1,15,0,33,0,4,0,0
USER_01248,2,9,0,27,1,4,1,0
USER_01249,6,2,2,288,7,10,1,1
USER_01250,2,3,2,159,8,7,1,1
USER_01251,2,17,0,14,1,2,0,0
USER_01252,1,18,0,21,2,3,0,0
USER_01253,0,5,1,120,1,2,0,1
USER_01254,2,20,1,6,1,3,1,0
USER_01255,0,16,1,20,1,3,0,0
USER_01256,4,23,3,49,4,7,1,1
USER_01257,2,21,1,82,7,11,2,1
USER_01258,2,2,0,118,5,7,2,1
USER_01259,1,14,0,36,0,1,0,0
USER_01260,7,4,2,49,1,5,0,0
USER_01261,0,14,1,27,1,3,0,0
USER_01262,0,15,0,24,0,3,1,0
USER_01263,4,16,0,17,0,4,1,0
USER_01264,4,6,1,150,6,9,2,1
USER_01265,1,12,0,48,1,3,0,0
USER_01266,7,5,1,38,4,11,3,1
USER_01267,2,12,1,12,0,4,1,0
USER_01268,3,4,0,106,10,10,0,1
USER_01269,2,19,0,23,0,3,0,1
USER_01270,1,14,1,39,1,1,1,0
USER_01271,3,8,1,127,5,6,1,0
USER_01272,0,13,0,37,1,3,0,0
USER_01273,2,8,1,9,0,0,1,0
USER_01274,0,10,0,36,1,1,1,0
USER_01275,0,10,1,16,0,3,0,0
USER_01276,2,16,0,12,1,4,0,0
USER_01277,1,12,0,24,2,5,1,0
USER_01278,1,13,0,35,1,7,0,0
USER_01279,5,18,0,50,8,9,3,1
USER_01280,3,12,0,60,1,2,0,0
USER_01281,1,20,1,16,2,2,2,0
USER_01282,0,13,1,105,0,2,0,0
USER_01283,0,18,1,13,1,2,0,0
USER_01284,1,11,0,14,1,5,2,0
USER_01285,6,4,1,16,5,7,3,1
USER_01286,1,1,1,36,10,11,4,1
USER_01287,1,14,0,50,0,2,0,0
USER_01288,2,15,1,17,1,3,0,0
USER_01289,2,19,0,22,1,5,0,0
USER_01290,0,14,1,18,0,7,1,0
USER_01291,1,14,1,35,0,5,1,1
USER_01292,2,12,0,28,0,6,1,0
USER_01293,1,13,0,134,1,4,0,0
USER_01294,0,14,1,30,1,4,0,0
USER_01295,1,15,0,33,0,4,0,0
USER_01296,0,14,0,40,1,3,0,0
USER_01297,0,8,0,8,1,1,0,0
USER_01298,0,18,0,14,2,0,0,0
USER_01299,2,3,0,223,6,8,1,1
USER_01300,1,19,0,60,0,5,0,0
USER_01301,1,10,0,20,1,6,0,0
USER_01302,3,11,1,22,2,2,0,0
USER_01303,5,21,1,116,7,7,0,1
USER_01304,1,12,0,29,0,0,2,0
USER_01305,4,11,2,118,3,9,1,1
USER_01306,2,3,1,84,5,8,2,1
USER_01307,3,18,0,55,2,4,0,0
USER_01308,2,11,0,7,0,5,0,0
USER_01309,3,11,0,44,5,3,0,0
USER_01310,1,9,2,70,9,12,2,1
USER_01311,1,9,0,22,4,2,0,0
USER_01312,2,11,0,144,6,12,1,0
USER_01313,2,12,1,24,4,6,1,1
USER_01314,3,11,0,7,1,0,1,0
USER_01315,0,3,0,22,1,1,0,0
USER_01316,1,14,0,24,1,5,0,0
USER_01317,0,17,1,21,0,6,0,0
USER_01318,0,9,0,20,0,3,0,0
USER_01319,8,7,1,41,6,7,1,1
USER_01320,3,11,7,25,3,6,3,0
USER_01321,1,11,0,16,1,1,1,0
USER_01322,1,15,1,20,2,4,0,0
USER_01323,1,16,0,33,1,3,1,1
USER_01324,7,15,1,276,7,8,2,1
USER_01325,2,15,1,20,0,1,0,0
USER_01326,9,22,1,78,5,10,0,0
USER_01327,1,16,1,25,0,4,0,0
USER_01328,0,7,1,12,1,4,0,0
USER_01329,2,16,0,30,2,1,1,0
USER_01330,2,17,0,24,0,3,0,0
USER_01331,8,6,2,57,6,10,2,0
USER_01332,4,10,0,15,2,3,1,0
USER_01333,1,19,0,30,4,3,0,0
USER_01334,2,8,0,43,5,6,0,0
USER_01335,3,6,2,174,5,10,0,0
USER_01336,7,22,0,208,7,9,2,1
USER_01337,1,7,0,9,0,3,0,0
USER_01338,0,12,1,25,0,2,1,0
USER_01339,3,0,1,115,2,6,2,0
USER_01340,1,15,0,70,1,3,0,0
USER_01341,5,13,0,12,1,2,1,0
USER_01342,2,21,2,127,3,5,0,0
USER_01343,1,13,0,21,1,3,0,0
USER_01344,0,6,0,29,2,0,0,0
USER_01345,5,7,3,125,5,8,1,1
USER_01346,1,13,0,10,0,3,1,0
USER_01347,1,12,1,18,0,4,0,0
USER_01348,1,17,0,19,0,2,1,0
USER_01349,2,16,0,9,1,5,1,0
USER_01350,0,10,1,21,1,0,1,0
USER_01351,7,1,1,131,3,11,1,1
USER_01352,10,5,3,87,7,9,2,1
USER_01353,0,13,0,56,3,3,0,0
USER_01354,1,8,0,15,0,2,1,0
USER_01355,9,10,3,127,5,7,2,0
USER_01356,1,12,0,45,2,4,0,0
USER_01357,1,13,1,13,1,1,1,0
USER_01358,2,10,0,16,0,6,1,0
USER_01359,0,14,1,42,0,5,0,0
USER_01360,0,11,0,16,3,3,0,0
USER_01361,0,16,1,46,0,3,0,0
USER_01362,0,18,1,24,0,8,0,0
USER_01363,0,14,0,17,0,0,0,0
USER_01364,5,10,0,31,0,2,0,1
USER_01365,4,10,0,16,4,5,0,1
USER_01366,0,14,0,48,0,6,0,0
USER_01367,0,14,0,24,1,2,0,0
USER_01368,1,11,0,36,1,4,0,0
USER_01369,0,12,0,10,1,5,0,0
USER_01370,0,15,0,15,1,3,0,0
USER_01371,2,17,0,10,1,1,0,0
USER_01372,8,3,4,539,7,12,3,1
USER_01373,1,15,0,20,1,3,0,1
USER_01374,3,3,0,174,6,5,1,1
USER_01375,3,14,0,28,10,16,3,1
USER_01376,3,11,1,15,0,3,1,1
USER_01377,3,14,0,69,0,6,0,0
USER_01378,8,17,0,29,8,7,2,1
USER_01379,0,14,0,11,2,7,0,0
USER_01380,2,14,0,18,6,5,0,0
USER_01381,5,10,0,27,0,2,0,0
USER_01382,0,14,0,30,0,1,0,0
USER_01383,0,6,0,24,1,3,1,0
USER_01384,3,1,2,58,4,12,3,1
USER_01385,1,5,0,81,8,11,3,1
USER_01386,1,11,0,24,0,2,1,0
USER_01387,10,8,2,10,7,9,1,0
USER_01388,1,16,1,7,0,0,0,0
USER_01389,5,1,1,35,6,10,1,1
USER_01390,0,15,0,50,2,3,0,0
USER_01391,2,22,0,87,3,8,2,1
USER_01392,7,20,1,177,4,8,2,1
USER_01393,1,12,0,15,0,4,0,0
USER_01394,2,3,0,7,0,4,1,1
USER_01395,4,19,0,102,5,9,1,1
USER_01396,3,13,0,17,2,4,0,0
USER_01397,2,20,0,51,0,3,1,0
USER_01398,6,2,1,38,5,12,2,1
USER_01399,3,10,0,25,3,2,0,0
USER_01400,3,14,0,30,3,5,1,0
USER_01401,1,2,0,29,0,2,1,0
USER_01402,0,17,0,14,0,1,0,0
USER_01403,8,3,1,461,5,15,3,1
USER_01404,2,11,0,30,1,4,0,0
USER_01405,2,16,1,21,1,1,0,0
USER_01406,1,14,0,29,0,3,0,0
USER_01407,2,23,1,86,4,8,0,0
USER_01408,1,15,1,20,2,5,1,0
USER_01409,5,3,3,84,2,13,1,1
USER_01410,7,2,3,335,10,5,0,1
USER_01411,5,9,2,43,6,11,0,1
USER_01412,6,6,4,145,5,9,1,1
USER_01413,6,4,3,47,4,16,1,1
USER_01414,4,21,1,115,7,6,3,1
USER_01415,1,9,0,42,1,3,0,0
USER_01416,6,19,0,115,3,12,5,1
USER_01417,0,14,1,17,2,2,0,0
USER_01418,2,12,0,27,0,1,1,0
USER_01419,3,5,3,62,5,10,0,1
USER_01420,4,6,1,120,6,9,6,0
USER_01421,3,7,1,14,2,8,2,0
USER_01422,2,14,0,17,2,3,0,0
USER_01423,0,16,2,22,1,4,0,0
USER_01424,2,18,1,19,0,3,1,0
USER_01425,3,12,0,28,0,2,0,0
USER_01426,1,12,0,64,0,1,1,0
USER_01427,1,7,0,45,0,3,0,0
USER_01428,2,8,0,80,0,1,0,0
USER_01429,3,20,0,458,6,5,2,1
USER_01430,0,14,0,34,1,6,1,0
USER_01431,6,19,3,159,9,8,1,1
USER_01432,1,6,0,31,1,4,0,0
USER_01433,2,13,0,18,0,3,0,0
USER_01434,2,7,0,13,2,3,0,0
USER_01435,2,5,0,18,2,0,3,0
USER_01436,4,5,2,112,12,5,0,1
USER_01437,2,19,2,12,0,6,0,1
USER_01438,1,10,0,20,3,4,0,0
USER_01439,6,3,3,100,3,9,0,1
USER_01440,8,11,1,30,6,15,1,1
USER_01441,0,17,0,30,1,4,0,0
USER_01442,3,15,1,30,1,2,1,0
USER_01443,2,18,1,31,0,2,0,1
USER_01444,0,11,0,25,0,3,0,0
USER_01445,1,14,1,33,0,2,2,0
USER_01446,1,13,1,11,1,1,1,0
USER_01447,2,1,2,219,3,8,7,1
USER_01448,1,16,0,21,3,3,0,0
USER_01449,1,12,0,80,1,3,1,0
USER_01450,2,20,1,19,0,3,0,0
USER_01451,3,6,0,94,5,11,3,1
USER_01452,0,11,1,39,2,2,0,0
USER_01453,3,0,5,47,9,4,0,1
USER_01454,3,3,0,64,6,11,0,1
USER_01455,2,7,1,8,1,4,0,0
USER_01456,0,14,1,25,1,1,1,0
USER_01457,4,2,0,17,0,2,1,0
USER_01458,3,13,1,27,1,4,1,0
USER_01459,9,22,0,63,13,7,1,1
USER_01460,3,13,0,23,0,0,2,0
USER_01461,2,6,0,79,8,13,1,0
USER_01462,2,11,1,8,1,0,0,0
USER_01463,2,7,0,46,0,1,0,0
USER_01464,2,8,0,13,2,2,0,0
USER_01465,1,13,0,26,1,1,0,1
USER_01466,1,13,0,65,2,3,0,0
USER_01467,0,16,0,15,2,4,1,0
USER_01468,1,11,0,33,2,3,0,0
USER_01469,3,5,2,14,5,9,1,1
USER_01470,3,12,0,33,2,1,0,0
USER_01471,4,8,1,21,7,2,0,0
USER_01472,0,14,0,7,0,1,1,0
USER_01473,1,15,0,36,0,0,2,0
USER_01474,3,18,0,21,2,5,0,0
USER_01475,1,14,1,30,0,2,0,0
USER_01476,2,9,0,26,0,6,1,0
USER_01477,2,11,2,15,2,2,0,0
USER_01478,6,8,2,29,2,8,1,0
USER_01479,1,11,0,29,1,1,0,0
USER_01480,0,9,0,16,2,3,0,0
USER_01481,1,11,0,23,0,4,1,0
USER_01482,0,16,0,61,2,2,0,0
USER_01483,0,14,0,21,2,3,0,0
USER_01484,2,16,0,21,0,0,0,0
USER_01485,1,10,0,56,3,4,0,0
USER_01486,2,18,0,101,1,5,0,0
USER_01487,3,6,2,44,3,3,0,1
USER_01488,0,14,0,23,0,5,0,0
USER_01489,2,4,1,118,4,7,0,1
USER_01490,0,4,0,44,0,0,0,0
USER_01491,3,18,1,66,0,4,0,0
USER_01492,7,23,3,11,6,12,3,1
USER_01493,2,9,0,8,2,5,0,0
USER_01494,2,1,1,10,3,9,1,1
USER_01495,0,13,0,23,2,2,0,0
USER_01496,3,12,0,44,1,4,0,0
USER_01497,2,6,2,25,5,6,1,0
USER_01498,0,11,0,18,0,2,0,0
USER_01499,0,7,0,48,0,4,0,0
USER_01500,0,11,0,31,0,2,0,0
USER_01501,2,13,0,27,1,2,0,0
USER_01502,4,1,2,76,8,10,0,1
USER_01503,1,7,0,23,1,4,0,0
USER_01504,0,10,0,12,1,6,0,0
USER_01505,4,21,2,59,8,9,2,1
USER_01506,0,16,0,26,0,3,0,0
USER_01507,2,5,3,93,4,6,0,1
USER_01508,1,6,0,21,1,6,0,0
USER_01509,1,12,0,34,1,5,0,0
USER_01510,9,1,0,47,7,14,3,1
USER_01511,2,16,0,46,1,2,1,0
USER_01512,1,12,1,24,0,3,0,0
USER_01513,1,14,0,15,1,2,0,0
USER_01514,2,2,0,100,3,4,2,1
USER_01515,4,13,0,122,5,9,1,0
USER_01516,3,11,0,16,2,3,0,0
USER_01517,0,18,0,21,1,3,0,0
USER_01518,2,4,2,179,6,12,1,1
USER_01519,1,11,0,18,0,3,0,0
USER_01520,1,12,0,13,0,2,0,0
USER_01521,4,14,1,30,0,1,0,0
USER_01522,1,16,0,52,2,2,0,1
USER_01523,2,3,1,24,6,13,0,1
USER_01524,7,8,0,273,5,8,0,1
USER_01525,4,7,3,129,3,10,4,1
USER_01526,3,15,2,14,3,1,1,0
USER_01527,2,13,0,12,1,3,0,0
USER_01528,2,14,0,28,1,2,0,0
USER_01529,1,14,0,14,0,4,0,0
USER_01530,3,18,0,21,0,4,1,0
USER_01531,0,17,0,52,2,1,0,0
USER_01532,1,16,0,28,1,1,0,1
USER_01533,1,12,1,20,1,4,0,0
USER_01534,2,7,0,156,3,13,0,1
USER_01535,2,11,0,31,0,3,0,0
USER_01536,1,13,0,17,1,1,0,0
USER_01537,5,10,0,78,8,9,1,1
USER_01538,5,23,1,48,8,5,2,1
USER_01539,5,9,4,19,4,5,2,0
USER_01540,3,10,1,44,3,3,0,0
USER_01541,5,9,1,22,6,7,0,1
USER_01542,3,15,0,22,0,5,0,0
USER_01543,0,13,0,55,2,2,0,0
USER_01544,3,17,0,62,0,5,0,0
USER_01545,1,10,0,28,0,4,1,0
USER_01546,1,11,0,94,4,5,0,1
USER_01547,1,12,0,19,0,1,0,0
USER_01548,5,5,0,122,10,5,2,1
USER_01549,1,14,0,11,0,3,0,0
USER_01550,2,0,1,26,0,1,0,0
USER_01551,0,10,0,18,2,3,0,0
USER_01552,1,13,0,18,0,2,0,0
USER_01553,1,12,0,35,0,3,2,0
USER_01554,3,15,0,17,1,1,0,0
USER_01555,3,16,0,19,0,0,0,0
USER_01556,3,8,2,34,4,12,1,1
USER_01557,7,1,3,47,7,14,1,1
USER_01558,2,12,1,47,0,1,0,1
USER_01559,1,19,0,88,1,5,0,0
USER_01560,4,5,0,55,5,6,3,1
USER_01561,2,7,1,16,4,8,5,1
USER_01562,2,11,0,9,2,6,0,0
USER_01563,5,0,3,140,3,3,1,1
USER_01564,3,2,1,108,15,8,2,1
USER_01565,2,16,0,49,8,10,5,1
USER_01566,1,10,2,14,2,5,0,0
USER_01567,1,15,0,21,2,4,0,0
USER_01568,2,17,0,37,0,2,0,0
USER_01569,1,11,0,29,0,3,0,0
USER_01570,2,17,0,23,0,6,0,0
USER_01571,2,17,0,36,0,2,1,0
USER_01572,2,14,0,26,1,1,0,0
USER_01573,0,13,0,22,0,1,0,0
USER_01574,5,2,2,9,7,8,2,1
USER_01575,2,10,0,15,0,2,0,0
USER_01576,2,9,0,27,2,2,0,0
USER_01577,5,4,1,25,4,9,0,1
USER_01578,7,5,0,80,11,5,0,1
USER_01579,7,2,2,47,7,8,2,1
USER_01580,7,0,2,14,4,17,0,1
USER_01581,5,15,1,82,5,10,1,1
USER_01582,4,18,0,32,1,2,0,0
USER_01583,0,7,0,13,1,2,1,0
USER_01584,4,19,0,59,1,5,1,0
USER_01585,2,13,1,34,0,5,1,0
USER_01586,7,1,0,46,2,7,2,1
USER_01587,2,13,2,36,1,1,3,0
USER_01588,1,19,0,24,1,5,0,0
USER_01589,2,11,1,14,2,4,0,0
USER_01590,1,13,0,17,0,3,0,1
USER_01591,1,9,1,29,0,1,0,0
USER_01592,1,14,1,68,2,3,0,1
USER_01593,6,2,1,183,7,12,1,1
USER_01594,1,14,1,38,1,4,0,0
USER_01595,1,23,5,44,5,7,2,1
USER_01596,3,12,0,34,2,6,0,1
USER_01597,2,13,0,33,1,4,1,0
USER_01598,3,15,0,16,0,3,1,1
USER_01599,7,11,0,98,3,11,3,0
USER_01600,3,9,0,11,1,4,0,0
USER_01601,5,2,2,34,6,14,3,1
USER_01602,0,18,0,21,1,2,0,0
USER_01603,2,15,1,53,2,3,0,0
USER_01604,4,6,6,45,4,10,3,1
USER_01605,1,16,0,52,1,5,0,0
USER_01606,2,5,0,51,0,2,0,1
USER_01607,2,19,1,306,5,6,2,0
USER_01608,4,22,0,5,0,2,0,0
USER_01609,1,13,0,29,1,4,0,1
USER_01610,2,14,0,56,3,3,1,0
USER_01611,0,12,0,31,1,1,0,0
USER_01612,8,2,2,86,6,12,1,1
USER_01613,7,2,1,81,6,9,3,1
USER_01614,4,16,1,16,0,5,0,0
USER_01615,3,9,5,96,6,12,2,1
USER_01616,0,10,0,23,0,2,1,0
USER_01617,2,11,0,20,0,1,1,0
USER_01618,1,11,0,6,2,2,0,0
USER_01619,10,0,3,179,4,4,0,1
USER_01620,1,12,1,11,0,7,2,0
USER_01621,1,13,1,59,0,1,1,0
USER_01622,1,9,0,46,0,3,0,0
USER_01623,2,2,0,125,4,10,4,0
USER_01624,0,14,1,7,0,3,0,0
USER_01625,6,11,0,16,2,4,0,0
USER_01626,3,0,0,14,7,5,4,0
USER_01627,1,12,0,26,0,3,1,0
USER_01628,2,17,2,16,0,4,0,0
USER_01629,2,18,0,63,0,1,0,0
USER_01630,1,11,1,14,3,2,0,0
USER_01631,3,11,0,7,0,5,0,0
USER_01632,5,5,2,58,6,13,1,1
USER_01633,2,7,0,38,3,1,0,0
USER_01634,3,13,0,21,0,7,0,1
USER_01635,3,0,0,62,3,9,2,1
USER_01636,3,12,3,22,0,3,0,0
USER_01637,3,11,0,20,0,6,0,0
USER_01638,2,11,1,96,9,11,2,0
USER_01639,1,13,1,27,1,4,0,0
USER_01640,2,23,0,197,5,14,3,1
USER_01641,4,21,2,179,6,9,1,1
USER_01642,0,9,0,53,0,2,0,0
USER_01643,0,9,0,26,2,6,0,0
USER_01644,2,19,0,24,1,3,0,0
USER_01645,4,13,1,45,1,3,1,0
USER_01646,3,16,0,71,0,4,0,0
USER_01647,1,9,0,19,0,2,0,0
USER_01648,4,2,0,30,7,8,0,1
USER_01649,8,23,1,47,5,9,0,1
USER_01650,4,20,1,77,3,10,2,0
USER_01651,1,18,0,27,2,1,0,0
USER_01652,2,16,0,161,0,1,1,0
USER_01653,0,11,0,20,0,5,1,0
USER_01654,1,18,1,48,2,6,0,1
USER_01655,7,17,2,64,9,7,2,1
USER_01656,0,12,0,19,0,4,1,0
USER_01657,2,13,1,4,1,2,0,0
USER_01658,7,21,1,33,2,4,1,0
USER_01659,1,8,0,11,0,1,0,0
USER_01660,3,16,1,28,2,2,0,0
USER_01661,0,14,0,20,2,5,0,0
USER_01662,3,18,0,9,0,0,1,0
USER_01663,6,23,2,437,5,11,2,1
USER_01664,1,9,0,20,0,3,0,1
USER_01665,4,5,2,35,6,7,1,1
USER_01666,8,8,1,57,6,9,1,1
USER_01667,6,3,1,375,3,8,1,1
USER_01668,1,14,0,30,0,2,0,0
USER_01669,2,17,0,32,2,1,0,0
USER_01670,4,0,1,306,9,6,1,1
USER_01671,5,17,1,21,0,3,0,0
USER_01672,2,14,0,37,1,5,0,1
USER_01673,0,2,0,101,12,9,0,1
USER_01674,4,8,0,73,2,3,0,0
USER_01675,4,0,1,186,3,9,0,1
USER_01676,3,5,0,31,8,7,0,1
USER_01677,2,19,4,43,2,12,1,1
USER_01678,3,11,0,52,2,4,1,1
USER_01679,7,10,1,61,4,11,1,1
USER_01680,1,19,0,28,0,3,0,0
USER_01681,3,6,2,21,4,9,3,0
USER_01682,4,8,1,54,9,9,2,1
USER_01683,5,22,0,44,5,12,1,0
USER_01684,1,10,0,12,2,4,1,0
USER_01685,3,10,0,17,2,4,1,0
USER_01686,1,11,1,20,1,2,0,1
USER_01687,1,12,0,47,0,3,0,0
USER_01688,2,10,0,25,3,2,0,0
USER_01689,5,14,0,12,0,4,0,0
USER_01690,2,8,1,39,3,3,0,1
USER_01691,6,23,2,170,4,9,2,1
USER_01692,6,1,1,93,6,10,3,1
USER_01693,0,12,0,15,0,3,1,0
USER_01694,4,18,1,225,3,10,1,1
USER_01695,1,17,0,17,1,0,0,0
USER_01696,2,12,0,40,1,1,1,0
USER_01697,1,18,0,26,2,2,0,0
USER_01698,6,21,1,30,6,10,0,1
USER_01699,1,4,0,74,0,10,1,0
USER_01700,4,3,1,43,6,9,0,1
USER_01701,2,9,2,166,7,8,2,0
USER_01702,1,6,1,46,7,6,2,0
USER_01703,0,14,0,30,0,4,0,0
USER_01704,3,12,0,53,0,5,0,0
USER_01705,0,10,0,38,0,8,0,0
USER_01706,0,23,0,36,5,7,3,1
USER_01707,0,12,0,58,3,3,0,0
USER_01708,1,10,0,19,0,3,0,0
USER_01709,7,5,1,65,6,10,3,1
USER_01710,2,17,0,51,0,3,0,1
USER_01711,3,20,1,413,3,10,1,1
USER_01712,1,15,1,18,0,5,0,0
USER_01713,4,10,1,242,6,10,3,1
USER_01714,7,9,3,69,4,11,3,1
USER_01715,3,10,1,13,1,2,0,0
USER_01716,4,2,1,51,1,13,2,1
USER_01717,4,11,0,38,0,2,1,1
USER_01718,5,11,0,19,1,1,0,0
USER_01719,2,16,0,16,4,3,0,0
USER_01720,5,9,2,42,4,15,5,1
USER_01721,0,13,0,9,1,1,0,0
USER_01722,3,10,1,90,0,3,0,1
USER_01723,5,8,2,148,3,11,3,1
USER_01724,1,17,0,16,0,1,2,0
USER_01725,2,14,0,48,2,2,0,0
USER_01726,3,18,0,14,1,5,0,0
USER_01727,1,11,1,18,0,4,0,0
USER_01728,8,3,3,225,9,7,2,1
USER_01729,2,12,0,26,2,5,0,0
USER_01730,2,11,0,11,2,3,0,0
USER_01731,6,5,3,90,6,9,2,1
USER_01732,0,12,1,43,1,1,0,0
USER_01733,8,18,0,198,2,9,2,0
USER_01734,3,7,1,24,0,2,2,0
USER_01735,6,20,1,24,3,4,3,1
USER_01736,5,23,0,107,9,10,3,1
USER_01737,8,23,4,27,6,5,1,1
USER_01738,1,19,0,10,0,2,0,0
USER_01739,1,3,1,41,0,3,0,0
USER_01740,7,2,3,254,8,8,3,1
USER_01741,0,10,1,11,1,7,0,0
USER_01742,0,17,0,43,0,3,0,0
USER_01743,0,17,0,19,1,4,1,1
USER_01744,5,5,1,57,7,10,0,1
USER_01745,4,3,0,45,6,4,2,1
USER_01746,1,9,0,35,3,2,0,0
USER_01747,2,0,1,83,7,8,2,1
USER_01748,0,16,1,46,1,2,1,0
USER_01749,3,13,0,24,1,0,0,0
USER_01750,2,15,1,39,1,5,0,0
USER_01751,2,12,0,31,2,0,0,0
USER_01752,1,16,0,22,1,2,1,0
USER_01753,6,2,3,86,4,4,0,0
USER_01754,8,20,2,129,8,5,0,0
USER_01755,2,22,1,48,1,2,0,0
USER_01756,6,7,0,9,2,1,0,0
USER_01757,1,18,1,11,1,1,0,0
USER_01758,3,23,3,100,9,13,0,1
USER_01759,1,20,2,103,4,9,1,1
USER_01760,6,0,2,77,3,12,0,1
USER_01761,2,15,0,24,1,0,0,0
USER_01762,0,9,0,42,0,2,0,0
USER_01763,2,14,1,57,0,8,2,1
USER_01764,1,12,0,9,0,4,0,0
USER_01765,2,12,0,27,1,6,1,1
USER_01766,2,14,0,42,2,2,0,0
USER_01767,4,0,2,24,3,11,3,1
USER_01768,0,15,0,33,0,3,0,0
USER_01769,1,12,0,19,2,2,0,0
USER_01770,3,20,1,61,5,7,3,1
USER_01771,3,15,0,16,0,3,1,0
USER_01772,5,6,2,98,4,10,1,0
USER_01773,0,13,0,52,2,3,1,0
USER_01774,5,21,2,19,7,8,3,1
USER_01775,1,13,0,13,1,6,0,0
USER_01776,3,13,0,14,2,3,1,0
USER_01777,5,6,1,128,6,6,5,1
USER_01778,2,12,0,12,0,5,0,0
USER_01779,1,17,0,27,1,3,0,0
USER_01780,1,17,2,12,2,1,0,0
USER_01781,0,11,0,16,0,2,0,0
USER_01782,5,18,1,44,9,11,1,1
USER_01783,3,15,0,20,1,2,0,0
USER_01784,1,19,0,21,2,5,0,0
USER_01785,2,17,0,23,2,5,0,0
USER_01786,3,8,2,127,7,11,2,1
USER_01787,1,12,0,20,1,1,0,0
USER_01788,0,10,1,7,0,2,0,0
USER_01789,1,2,2,28,5,5,2,1
USER_01790,3,14,0,17,0,2,0,0
USER_01791,3,14,2,170,4,8,4,1
USER_01792,2,11,0,11,0,1,0,0
USER_01793,1,10,0,35,1,1,0,0
USER_01794,1,12,1,21,0,3,0,0
USER_01795,5,21,0,268,4,4,1,0
USER_01796,2,11,0,34,0,1,0,0
USER_01797,0,13,0,66,0,2,0,0
USER_01798,2,14,0,5,0,6,0,0
USER_01799,0,6,0,22,1,2,0,0
USER_01800,0,7,0,16,0,5,0,0
USER_01801,0,11,0,39,1,3,1,0
USER_01802,2,10,0,30,1,2,0,0
USER_01803,1,14,2,35,0,2,0,0
USER_01804,3,12,2,24,1,1,1,0
USER_01805,1,16,1,43,1,1,0,0
USER_01806,1,15,0,25,0,5,1,0
USER_01807,2,16,0,17,2,2,1,0
USER_01808,4,11,0,26,2,6,1,1
USER_01809,2,12,0,51,1,3,0,0
USER_01810,2,20,0,33,1,3,1,1
USER_01811,4,9,0,31,2,2,0,0
USER_01812,1,15,0,34,1,3,0,0
USER_01813,4,2,2,144,3,12,1,1
USER_01814,2,15,0,19,0,1,0,0
USER_01815,5,3,2,109,9,13,0,1
USER_01816,0,13,0,6,1,2,0,0
USER_01817,7,0,3,146,7,14,1,1
USER_01818,1,14,0,37,3,6,0,0
USER_01819,5,8,0,13,0,2,1,0
USER_01820,0,12,0,12,2,3,0,0
USER_01821,3,3,0,24,4,6,3,1
USER_01822,0,15,1,22,2,6,0,0
USER_01823,1,14,0,28,1,3,0,0
USER_01824,2,16,0,13,1,2,0,0
USER_01825,6,6,0,9,4,14,2,1
USER_01826,2,13,0,18,0,1,0,0
USER_01827,0,13,0,50,0,5,0,0
USER_01828,0,20,0,18,1,4,1,0
USER_01829,5,7,2,149,5,11,1,1
USER_01830,2,11,0,15,5,8,0,0
USER_01831,1,13,0,77,0,6,0,0
USER_01832,5,17,1,73,6,6,1,0
USER_01833,1,16,0,29,2,3,1,0
USER_01834,5,15,0,41,3,5,1,0
USER_01835,0,12,1,20,0,6,0,0
USER_01836,3,12,1,97,1,5,1,0
USER_01837,1,18,1,43,2,2,1,0
USER_01838,1,12,0,11,5,1,0,0
USER_01839,4,2,1,38,7,6,0,1
USER_01840,6,6,2,130,6,5,2,1
USER_01841,1,8,1,37,1,5,1,0
USER_01842,1,17,1,13,2,2,0,0
USER_01843,2,6,0,21,0,4,0,0
USER_01844,6,23,4,166,5,8,1,1
USER_01845,4,12,1,17,1,3,0,0
USER_01846,1,14,0,14,0,3,0,0
USER_01847,1,17,0,14,3,3,0,0
USER_01848,1,11,0,16,2,1,0,1
USER_01849,5,15,0,8,0,2,0,0
USER_01850,6,6,0,68,2,3,0,0
USER_01851,3,11,0,30,3,4,1,0
USER_01852,4,20,3,55,6,12,0,0
USER_01853,2,14,0,19,1,4,0,0
USER_01854,5,22,3,41,4,6,1,1
USER_01855,5,4,1,86,11,13,0,1
USER_01856,3,4,2,840,5,9,4,1
USER_01857,3,19,0,12,1,2,0,0
USER_01858,0,13,1,11,1,2,0,0
USER_01859,0,15,0,49,1,0,0,0
USER_01860,2,16,1,23,0,1,0,0
USER_01861,3,11,0,36,1,3,1,0
USER_01862,3,7,2,124,4,12,1,0
USER_01863,8,7,1,48,8,8,3,1
USER_01864,2,13,1,11,0,4,1,1
USER_01865,3,13,1,21,1,2,0,1
USER_01866,7,2,0,536,6,6,1,1
USER_01867,2,19,2,150,6,12,0,0
USER_01868,2,19,0,6,0,5,0,0
USER_01869,1,7,0,24,0,6,1,0
USER_01870,3,9,1,132,3,11,2,1
USER_01871,0,10,0,58,3,7,0,0
USER_01872,1,13,0,19,0,7,1,0
USER_01873,5,2,5,45,4,16,3,1
USER_01874,6,1,0,131,5,3,2,1
USER_01875,4,5,2,35,4,11,1,1
USER_01876,5,0,1,147,2,9,2,0
USER_01877,2,14,1,13,1,1,0,0
USER_01878,5,14,0,24,0,3,1,0
USER_01879,1,9,0,12,0,5,0,0
USER_01880,4,16,1,21,2,3,1,0
USER_01881,1,8,0,80,3,5,0,0
USER_01882,2,11,0,28,0,1,0,0
USER_01883,2,14,0,13,0,7,2,0
USER_01884,3,23,1,96,6,9,3,1
USER_01885,0,8,1,45,0,0,1,0
USER_01886,0,15,1,36,0,2,0,0
USER_01887,1,13,0,21,0,5,1,0
USER_01888,2,20,1,38,0,1,0,0
USER_01889,7,22,5,65,7,12,2,1
USER_01890,1,18,0,13,2,2,0,0
USER_01891,2,10,1,46,2,4,0,0
USER_01892,3,13,2,32,4,9,0,0
USER_01893,2,18,1,23,1,4,0,0
USER_01894,2,14,0,17,0,0,1,0
USER_01895,3,19,0,54,0,1,0,0
USER_01896,0,17,2,19,1,3,0,0
USER_01897,2,17,0,24,1,1,0,0
USER_01898,2,15,0,12,3,2,0,0
USER_01899,3,10,0,12,2,4,0,0
USER_01900,3,9,1,72,2,3,0,0
USER_01901,3,6,0,57,0,2,0,0
USER_01902,1,11,0,48,0,4,0,0
USER_01903,6,0,1,78,3,12,3,1
USER_01904,1,13,0,10,0,4,0,0
USER_01905,1,13,0,31,3,3,1,0
USER_01906,2,6,1,32,0,3,0,0
USER_01907,0,14,0,23,1,3,1,0
USER_01908,1,18,2,36,2,5,0,0
USER_01909,3,6,0,46,6,11,2,1
USER_01910,5,5,1,42,6,10,5,1
USER_01911,2,7,0,29,2,2,2,0
USER_01912,1,11,1,13,3,3,1,0
USER_01913,4,7,0,41,5,12,0,0
USER_01914,1,14,3,21,1,5,2,0
USER_01915,2,16,0,26,0,1,0,0
USER_01916,1,10,0,15,1,2,0,0
USER_01917,3,11,0,16,0,2,0,0
USER_01918,5,1,1,60,9,12,1,1
USER_01919,2,15,1,24,0,3,1,0
USER_01920,1,22,1,84,6,7,0,0
USER_01921,1,12,0,26,1,3,0,0
USER_01922,0,18,0,24,0,3,0,0
USER_01923,3,13,1,35,1,2,0,0
USER_01924,1,19,0,66,1,5,0,0
USER_01925,2,16,0,14,0,1,1,0
USER_01926,0,11,0,37,1,0,0,0
USER_01927,0,9,0,13,2,4,0,1
USER_01928,3,19,3,65,9,11,2,1
USER_01929,1,17,2,22,2,1,0,0
USER_01930,1,8,0,38,0,6,1,0
USER_01931,4,11,0,11,0,3,2,0
USER_01932,2,10,0,11,1,4,0,0
USER_01933,5,21,1,299,4,12,1,1
USER_01934,2,11,1,52,4,16,2,1
USER_01935,7,4,1,11,3,11,0,0
USER_01936,0,14,0,35,0,1,0,0
USER_01937,0,8,2,23,1,3,1,0
USER_01938,1,15,0,36,0,0,0,0
USER_01939,1,16,0,7,2,3,0,0
USER_01940,0,12,1,34,3,0,0,0
USER_01941,0,10,0,34,1,3,2,0
USER_01942,1,16,0,8,1,3,0,0
USER_01943,0,18,0,25,0,3,0,0
USER_01944,3,14,0,19,2,1,1,0
USER_01945,4,4,1,10,7,14,2,1
USER_01946,4,22,0,141,2,6,0,0
USER_01947,1,15,0,32,2,0,1,1
USER_01948,5,22,0,106,5,7,1,1
USER_01949,0,8,0,34,1,2,0,0
USER_01950,8,23,1,38,5,14,1,0
USER_01951,3,22,0,67,8,16,2,1
USER_01952,1,17,1,10,2,7,0,1
USER_01953,3,10,0,64,6,9,0,1
USER_01954,6,0,2,83,2,9,1,1
USER_01955,6,20,0,146,3,13,0,1
USER_01956,4,8,1,124,4,6,1,0
USER_01957,0,19,1,10,3,2,0,0
USER_01958,4,10,0,11,2,2,0,0
USER_01959,4,9,0,88,8,9,0,1
USER_01960,0,14,1,8,0,2,0,0
USER_01961,3,11,0,19,4,2,0,0
USER_01962,0,12,1,14,3,3,0,0
USER_01963,0,7,0,7,2,3,0,0
USER_01964,2,15,0,33,1,6,1,1
USER_01965,5,8,2,31,4,5,0,0
USER_01966,1,16,0,33,2,5,1,1
USER_01967,4,3,2,29,5,6,1,1
USER_01968,3,12,3,85,4,4,0,1
USER_01969,2,6,0,6,1,0,0,0
USER_01970,0,14,0,19,2,4,1,1
USER_01971,0,15,1,41,1,0,0,0
USER_01972,3,23,1,78,7,7,2,1
USER_01973,4,3,2,197,3,14,2,1
USER_01974,2,14,0,11,1,1,0,0
USER_01975,0,14,0,21,1,5,0,0
USER_01976,3,9,2,12,3,4,1,0
USER_01977,1,11,1,20,2,4,0,1
USER_01978,4,19,4,65,4,8,3,1
USER_01979,8,0,1,245,7,11,1,1
USER_01980,1,12,1,41,3,0,0,0
USER_01981,6,13,0,120,5,11,6,1
USER_01982,1,13,0,103,0,2,1,0
USER_01983,4,3,0,124,5,8,2,1
USER_01984,2,15,0,29,2,2,0,0
USER_01985,2,16,0,58,0,4,1,0
USER_01986,6,3,1,128,6,6,0,1
USER_01987,2,11,1,14,0,4,0,1
USER_01988,2,9,0,8,1,0,0,1
USER_01989,5,1,4,498,5,5,1,1
USER_01990,0,16,0,85,5,1,0,0
USER_01991,4,17,0,27,1,7,0,0
USER_01992,4,14,0,30,2,3,0,0
USER_01993,1,11,0,34,1,6,1,0
USER_01994,2,9,0,17,0,3,0,0
USER_01995,2,8,0,32,1,7,0,0
USER_01996,7,22,2,44,3,8,1,0
USER_01997,3,17,1,26,3,2,0,0
USER_01998,0,14,1,39,2,2,0,0
USER_01999,4,12,0,31,2,7,3,1
USER_02000,0,13,0,142,1,4,0,0
USER_02001,5,19,2,67,3,9,1,1
USER_02002,0,14,0,34,1,5,0,0
USER_02003,7,12,2,140,11,11,2,1
USER_02004,0,11,1,57,0,1,1,0
USER_02005,2,13,0,20,1,4,0,1
USER_02006,12,4,3,54,8,13,2,1
USER_02007,2,19,0,42,2,0,0,0
USER_02008,2,10,0,15,1,4,0,0
USER_02009,1,14,1,41,0,4,0,0
USER_02010,3,13,1,11,0,4,0,0
USER_02011,3,12,0,16,1,4,0,0
USER_02012,2,17,0,14,1,5,0,0
USER_02013,2,21,0,10,1,3,0,0
USER_02014,0,14,0,11,1,1,0,0
USER_02015,1,10,0,61,2,4,0,0
USER_02016,1,8,1,91,2,1,1,0
USER_02017,2,13,0,8,0,4,0,0
USER_02018,1,16,0,53,0,3,0,0
USER_02019,3,12,0,32,2,1,0,1
USER_02020,2,14,0,25,3,2,1,0
USER_02021,3,20,0,10,1,5,0,0
USER_02022,5,15,0,48,0,2,1,0
USER_02023,2,13,0,8,3,3,1,0
USER_02024,0,8,0,22,0,0,1,0
USER_02025,3,16,0,15,0,3,0,0
USER_02026,0,15,1,21,2,2,0,0
USER_02027,9,3,1,195,6,9,1,1
USER_02028,1,9,0,7,1,4,1,0
USER_02029,2,13,0,11,1,4,0,0
USER_02030,3,15,1,19,2,1,0,0
USER_02031,1,8,1,46,0,3,1,1
USER_02032,2,13,0,35,0,4,0,0
USER_02033,1,17,0,73,4,4,0,0
USER_02034,1,11,0,27,2,2,0,0
USER_02035,1,17,0,30,0,2,1,0
USER_02036,7,6,1,50,4,10,7,1
USER_02037,4,3,1,114,2,6,0,0
USER_02038,1,16,2,65,0,5,0,0
USER_02039,2,11,0,29,2,1,1,0
USER_02040,0,7,0,698,3,9,1,1
USER_02041,2,12,1,15,3,1,0,0
USER_02042,5,21,1,8,4,4,3,1
USER_02043,1,14,0,10,1,3,0,0
USER_02044,5,21,1,22,5,7,1,0
USER_02045,3,0,0,41,8,11,3,1
USER_02046,2,15,0,34,0,0,0,0
USER_02047,1,13,0,21,0,2,0,0
USER_02048,0,18,0,37,1,3,1,0
USER_02049,2,16,0,40,0,1,1,0
USER_02050,1,15,0,21,1,3,0,0
USER_02051,5,22,1,36,5,7,0,1
USER_02052,2,12,0,11,2,1,0,0
USER_02053,3,12,0,19,2,6,1,0
USER_02054,4,6,2,44,5,13,1,1
USER_02055,1,16,0,40,0,2,0,1
USER_02056,2,8,0,58,2,5,1,0
USER_02057,8,21,1,51,6,8,0,0
USER_02058,1,17,0,29,1,4,0,0
USER_02059,0,11,0,13,2,2,0,1
USER_02060,4,10,1,20,1,3,0,0
USER_02061,7,5,0,271,4,7,0,1
USER_02062,2,15,0,34,0,2,0,0
USER_02063,1,14,0,28,1,5,0,0
USER_02064,0,15,0,17,1,5,0,0
USER_02065,0,12,1,23,3,2,0,0
USER_02066,5,0,2,336,9,7,1,1
USER_02067,1,13,0,26,0,2,0,0
USER_02068,3,22,0,271,5,7,1,0
USER_02069,0,12,0,16,0,4,0,0
USER_02070,1,10,0,17,2,3,0,0
USER_02071,4,3,2,167,5,7,3,1
USER_02072,2,11,0,16,0,3,0,0
USER_02073,2,6,0,12,0,2,0,0
USER_02074,7,6,2,302,4,12,2,1
USER_02075,3,14,0,15,0,1,0,0
USER_02076,2,18,0,17,1,2,2,0
USER_02077,2,22,3,46,4,6,1,1
USER_02078,0,9,0,23,1,5,0,0
USER_02079,0,16,1,29,2,0,0,0
USER_02080,1,9,1,18,2,4,0,0
USER_02081,1,13,0,33,2,5,0,0
USER_02082,2,12,0,19,0,4,0,0
USER_02083,0,18,0,29,2,4,1,1
USER_02084,1,13,1,56,2,3,1,0
USER_02085,2,13,0,19,1,2,0,0
USER_02086,0,14,0,29,1,4,1,0
USER_02087,3,10,0,51,1,4,0,0
USER_02088,2,11,0,15,1,4,0,0
USER_02089,5,3,0,36,6,8,1,1
USER_02090,1,15,0,24,1,2,0,0
USER_02091,1,15,0,32,2,4,0,0
USER_02092,4,18,0,29,5,13,0,0
USER_02093,2,12,0,22,0,3,0,1
USER_02094,1,14,0,26,0,3,0,0
USER_02095,4,4,1,43,1,10,2,1
USER_02096,3,15,0,33,0,3,0,0
USER_02097,1,9,0,27,0,3,0,0
USER_02098,4,7,3,15,1,2,0,0
USER_02099,2,13,1,58,2,3,0,0
USER_02100,4,15,0,37,0,2,1,0
USER_02101,9,23,1,108,3,8,1,1
USER_02102,1,15,1,15,0,4,0,0
USER_02103,4,2,2,57,2,9,1,1
USER_02104,4,10,1,275,8,12,0,1
USER_02105,0,13,0,7,2,1,0,0
USER_02106,7,6,2,90,8,5,2,1
USER_02107,3,4,2,133,5,7,0,1
USER_02108,2,8,3,119,4,12,1,1
USER_02109,2,20,0,53,1,3,0,0
USER_02110,1,18,1,21,0,4,0,0
USER_02111,0,12,0,76,1,4,0,0
USER_02112,1,9,1,23,1,4,0,0
USER_02113,0,11,0,31,4,2,0,0
USER_02114,0,5,0,25,2,2,0,1
USER_02115,2,13,0,64,1,2,0,0
USER_02116,10,7,2,276,2,10,2,1
USER_02117,4,13,1,20,1,2,2,0
USER_02118,2,15,0,23,0,3,0,0
USER_02119,0,16,0,24,1,5,2,0
USER_02120,1,18,0,69,0,2,0,0
USER_02121,3,14,1,38,2,4,1,0
USER_02122,3,12,0,22,0,3,0,0
USER_02123,0,11,1,22,0,0,1,0
USER_02124,0,19,0,13,1,4,1,0
USER_02125,0,11,0,24,1,0,1,0
USER_02126,1,19,1,39,1,4,1,0
USER_02127,0,12,1,17,1,4,0,0
USER_02128,1,10,0,14,0,3,0,0
USER_02129,0,14,0,43,2,8,0,0
USER_02130,3,14,1,43,1,3,0,0
USER_02131,1,7,0,13,1,1,0,0
USER_02132,5,22,2,128,4,9,1,0
USER_02133,8,3,0,28,4,5,2,1
USER_02134,3,4,3,71,7,12,2,1
USER_02135,2,8,1,38,3,2,0,0
USER_02136,0,14,0,14,2,3,1,0
USER_02137,2,15,0,21,0,0,0,1
USER_02138,9,8,1,278,5,10,1,1
USER_02139,3,1,2,63,1,12,2,0
USER_02140,7,19,0,143,6,8,0,1
USER_02141,6,5,0,105,2,7,0,1
USER_02142,0,14,2,33,3,4,0,0
USER_02143,4,3,0,155,5,10,1,1
USER_02144,3,1,2,105,5,8,1,1
USER_02145,2,18,0,22,3,4,0,0
USER_02146,4,1,0,81,4,13,0,1
USER_02147,1,13,0,48,1,6,0,0
USER_02148,7,7,2,328,5,5,1,0
USER_02149,4,8,1,57,4,6,1,1
USER_02150,1,7,1,28,0,2,1,0
USER_02151,1,9,0,20,1,1,0,0
USER_02152,2,12,0,35,3,3,0,0
USER_02153,5,5,0,36,6,15,0,1
USER_02154,3,0,0,77,5,12,2,1
USER_02155,1,13,2,15,3,2,1,0
USER_02156,3,6,1,63,5,9,2,1
USER_02157,1,12,0,23,3,2,0,0
USER_02158,2,9,0,17,2,5,1,1
USER_02159,2,15,0,45,1,0,1,0
USER_02160,0,17,1,36,1,5,0,0
USER_02161,1,14,1,37,3,5,0,1
USER_02162,0,11,0,18,1,3,1,0
USER_02163,1,12,0,12,2,2,0,0
USER_02164,1,11,0,34,0,2,1,0
USER_02165,7,23,5,184,3,11,1,1
USER_02166,2,6,0,26,2,2,0,1
USER_02167,2,5,2,88,6,4,3,0
USER_02168,1,12,0,57,2,4,1,0
USER_02169,3,16,1,13,1,5,0,0
USER_02170,0,8,0,57,1,1,0,0
USER_02171,1,9,1,49,1,2,0,0
USER_02172,4,14,0,22,1,4,0,0
USER_02173,0,18,0,52,1,5,0,0
USER_02174,2,12,1,18,1,2,0,0
USER_02175,0,12,0,26,1,4,1,0
USER_02176,1,10,0,45,1,0,0,0
USER_02177,1,13,0,17,2,3,0,0
USER_02178,5,4,2,100,1,8,1,1
USER_02179,2,8,0,33,2,2,1,0
USER_02180,1,1,4,58,9,14,3,1
USER_02181,4,4,1,64,5,10,3,1
USER_02182,5,3,4,51,6,9,0,1
USER_02183,4,5,0,419,3,12,2,1
USER_02184,2,16,0,20,2,1,1,0
USER_02185,2,9,0,46,1,2,0,0
USER_02186,1,16,0,24,0,2,0,0
USER_02187,3,6,4,243,3,8,0,0
USER_02188,0,8,0,14,1,2,0,0
USER_02189,3,10,0,44,1,5,0,0
USER_02190,3,21,1,91,4,11,0,0
USER_02191,1,14,0,23,3,6,0,0
USER_02192,1,10,1,72,2,2,0,1
USER_02193,6,4,0,48,8,5,0,1
USER_02194,0,12,0,36,1,2,0,0
USER_02195,0,16,0,21,1,3,1,0
USER_02196,4,4,0,70,7,10,5,1
USER_02197,3,12,0,44,0,2,0,0
USER_02198,1,15,0,7,0,3,0,0
USER_02199,1,10,0,24,1,2,0,0
USER_02200,1,19,1,113,0,1,0,1
USER_02201,0,19,0,24,3,1,0,0
USER_02202,3,7,2,77,3,5,2,0
USER_02203,4,17,0,162,8,5,2,0
USER_02204,1,13,0,41,2,2,0,0
USER_02205,1,11,0,24,0,6,1,0
USER_02206,2,16,0,12,1,5,0,0
USER_02207,5,3,2,85,4,10,1,1
USER_02208,2,12,1,24,1,4,1,0
USER_02209,1,15,1,44,0,4,2,0
USER_02210,4,18,2,19,2,5,0,1
USER_02211,5,4,1,479,3,9,1,1
USER_02212,1,11,0,14,0,3,1,0
USER_02213,4,13,0,679,4,6,2,0
USER_02214,1,11,0,13,1,1,0,0
USER_02215,4,5,4,176,3,6,1,1
USER_02216,1,14,0,16,1,2,0,0
USER_02217,2,23,0,38,4,0,0,0
USER_02218,5,2,2,37,3,9,0,1
USER_02219,2,21,3,91,5,6,0,1
USER_02220,2,13,1,73,0,3,0,0
USER_02221,2,10,1,38,0,2,1,0
USER_02222,1,21,1,37,1,1,1,1
USER_02223,2,8,0,40,0,2,0,0
USER_02224,1,14,1,20,2,0,0,0
USER_02225,3,6,1,39,7,12,2,1
USER_02226,1,11,2,22,2,3,1,1
USER_02227,4,2,2,137,5,9,1,1
USER_02228,3,12,0,11,0,2,1,0
USER_02229,1,10,0,27,0,1,0,0
USER_02230,0,8,0,50,0,2,1,0
USER_02231,1,14,0,21,2,2,0,0
USER_02232,5,10,1,10,0,5,0,0
USER_02233,1,11,1,13,0,5,1,0
USER_02234,9,10,2,71,3,14,3,1
USER_02235,4,7,3,81,5,10,1,1
USER_02236,4,10,0,19,9,11,0,1
USER_02237,1,9,2,32,0,1,0,0
USER_02238,2,12,0,45,0,2,0,0
USER_02239,0,15,0,18,0,5,0,0
USER_02240,1,15,0,22,0,4,1,0
USER_02241,2,11,0,24,0,5,0,0
USER_02242,1,10,1,44,1,6,0,0
USER_02243,2,17,0,27,3,2,0,0
USER_02244,2,14,0,30,2,4,0,0
USER_02245,0,15,2,17,1,3,0,0
USER_02246,0,17,0,15,2,4,0,0
USER_02247,2,17,0,34,0,5,2,0
USER_02248,1,16,0,30,1,4,1,0
USER_02249,1,7,0,18,4,6,1,1
USER_02250,2,11,0,20,2,3,0,0
USER_02251,1,8,0,29,0,5,0,0
USER_02252,6,0,3,140,7,5,2,1
USER_02253,1,12,1,14,0,1,0,0
USER_02254,0,10,1,8,0,4,1,0
USER_02255,3,3,1,127,3,12,3,1
USER_02256,0,15,0,20,1,4,1,1
USER_02257,4,4,1,102,3,11,0,1
USER_02258,3,0,1,48,9,11,0,1
USER_02259,2,17,0,25,1,1,0,0
USER_02260,2,12,0,14,3,1,0,0
USER_02261,1,8,1,20,1,5,1,1
USER_02262,6,23,1,48,6,11,1,1
USER_02263,1,11,0,25,0,2,0,0
USER_02264,0,15,0,44,0,3,1,0
USER_02265,1,16,0,36,3,3,0,0
USER_02266,0,10,0,32,0,4,1,0
USER_02267,4,17,0,80,3,6,3,0
USER_02268,3,20,1,64,1,2,0,1
USER_02269,2,4,1,160,4,8,1,1
USER_02270,4,13,3,33,2,7,1,0
USER_02271,1,7,0,63,0,4,0,0
USER_02272,5,14,0,29,2,2,0,0
USER_02273,9,2,2,120,8,5,1,1
USER_02274,5,21,1,119,4,6,2,0
USER_02275,5,8,2,112,3,15,1,1
USER_02276,2,13,1,12,1,2,0,0
USER_02277,0,11,0,48,1,2,0,0
USER_02278,1,12,0,36,0,3,0,0
USER_02279,1,19,1,124,1,7,2,0
USER_02280,0,18,0,22,1,5,0,0
USER_02281,1,14,1,64,1,7,1,0
USER_02282,2,13,1,22,0,4,1,0
USER_02283,2,16,0,10,1,3,0,0
USER_02284,4,5,1,291,3,13,0,1
USER_02285,5,8,0,38,2,2,0,0
USER_02286,1,11,0,34,0,1,1,0
USER_02287,6,2,1,47,1,8,2,1
USER_02288,4,4,2,1098,6,9,2,1
USER_02289,2,11,0,63,0,3,0,0
USER_02290,0,6,1,15,1,5,0,0
USER_02291,5,9,0,162,8,11,4,1
USER_02292,1,9,0,103,4,6,2,1
USER_02293,0,18,1,58,0,3,0,0
USER_02294,4,13,0,11,0,8,0,0
USER_02295,3,13,0,30,1,2,0,0
USER_02296,1,10,1,20,0,1,1,0
USER_02297,5,0,1,157,5,5,1,1
USER_02298,0,11,0,23,2,2,0,0
USER_02299,3,15,0,19,1,3,1,0
USER_02300,6,0,1,85,2,8,1,1
USER_02301,3,6,3,35,3,11,1,0
USER_02302,4,7,2,133,5,8,0,1
USER_02303,0,15,0,16,1,2,1,0
USER_02304,2,8,3,55,0,3,1,1
USER_02305,1,14,0,12,3,3,0,1
USER_02306,2,16,0,24,1,1,0,0
USER_02307,1,13,0,18,2,2,3,1
USER_02308,1,13,0,19,0,4,0,0
USER_02309,1,12,1,22,1,3,0,0
USER_02310,4,5,2,102,5,7,1,1
USER_02311,3,21,1,49,6,9,1,0
USER_02312,1,17,0,57,2,5,1,0
USER_02313,4,14,0,18,0,3,1,0
USER_02314,1,11,1,43,1,1,0,0
USER_02315,2,15,0,14,0,5,0,0
USER_02316,3,14,2,40,1,7,1,0
USER_02317,2,10,0,17,0,5,1,1
USER_02318,1,1,1,137,3,15,1,1
USER_02319,2,14,1,11,0,0,1,0
USER_02320,5,7,1,48,9,10,4,1
USER_02321,2,18,0,15,0,4,0,0
USER_02322,1,15,0,45,0,4,1,0
USER_02323,3,14,0,46,0,2,0,0
USER_02324,4,17,0,29,2,5,0,0
USER_02325,0,13,0,64,1,3,0,0
USER_02326,4,0,2,399,5,11,2,1
USER_02327,2,16,0,16,1,5,0,0
USER_02328,1,11,3,18,1,1,0,0
USER_02329,2,12,1,33,0,2,0,0
USER_02330,0,11,1,20,0,3,0,0
USER_02331,2,18,0,56,2,2,1,0
USER_02332,2,8,0,18,1,4,0,0
USER_02333,5,6,0,109,3,6,1,1
USER_02334,0,18,1,33,1,2,0,0
USER_02335,3,9,0,37,2,4,0,0
USER_02336,0,13,0,13,0,4,0,0
USER_02337,5,5,1,59,12,7,3,1
USER_02338,4,12,0,26,1,5,0,0
USER_02339,1,14,0,17,1,2,0,0
USER_02340,2,12,0,30,2,2,0,0
USER_02341,0,10,0,32,1,0,0,0
USER_02342,3,12,1,17,2,9,0,0
USER_02343,6,6,4,76,2,4,1,1
USER_02344,4,8,1,25,0,1,0,0
USER_02345,4,1,1,269,8,5,2,1
USER_02346,1,15,1,19,0,2,0,0
USER_02347,3,19,4,32,5,9,1,1
USER_02348,5,3,4,313,3,12,0,1
USER_02349,6,12,0,14,1,2,0,0
USER_02350,0,10,0,23,0,0,0,0
USER_02351,1,12,1,38,0,5,0,0
USER_02352,8,23,2,286,7,10,0,1
USER_02353,1,15,0,39,2,0,0,0
USER_02354,1,6,0,13,1,3,0,0
USER_02355,2,14,0,18,3,1,0,0
USER_02356,6,11,1,78,8,12,4,1
USER_02357,0,16,0,14,0,4,0,0
USER_02358,0,12,0,19,1,2,1,0
USER_02359,6,7,0,74,2,11,0,1
USER_02360,3,11,0,26,1,2,0,0
USER_02361,4,5,1,196,3,8,1,1
USER_02362,1,9,0,62,2,2,0,0
USER_02363,1,11,0,19,1,6,0,1
USER_02364,2,5,2,67,8,10,1,1
USER_02365,2,13,1,20,3,4,0,0
USER_02366,1,13,0,10,0,3,0,0
USER_02367,0,9,1,28,4,2,0,0
USER_02368,1,9,0,18,3,2,1,0
USER_02369,1,9,0,10,0,2,0,0
USER_02370,4,8,0,16,1,3,0,1
USER_02371,1,11,0,15,1,2,0,0
USER_02372,2,19,0,35,0,3,0,1
USER_02373,2,13,1,67,1,4,0,1
USER_02374,3,11,0,29,1,0,0,1
USER_02375,2,12,1,31,1,2,0,0
USER_02376,1,8,2,15,0,1,0,0
USER_02377,3,6,0,218,5,11,3,1
USER_02378,0,10,0,32,0,1,1,0
USER_02379,1,9,0,32,1,3,0,0
USER_02380,2,16,1,48,2,0,0,0
USER_02381,2,4,3,63,6,8,4,1
USER_02382,3,16,1,17,1,4,0,0
USER_02383,1,10,0,96,0,4,0,0
USER_02384,4,13,1,41,0,1,0,0
USER_02385,2,15,0,39,1,2,0,0
USER_02386,5,0,4,43,3,4,2,1
USER_02387,3,0,2,238,9,9,0,1
USER_02388,2,9,1,49,0,5,0,0
USER_02389,3,6,3,80,7,6,1,1
USER_02390,1,13,0,42,1,3,0,0
USER_02391,1,12,0,21,0,1,0,0
USER_02392,4,6,1,34,5,7,0,0
USER_02393,1,8,0,18,1,4,0,0
USER_02394,1,18,1,31,2,2,2,0
USER_02395,2,16,0,18,0,3,0,0
USER_02396,4,0,5,90,3,10,4,1
USER_02397,1,7,0,26,1,2,0,0
USER_02398,2,13,0,23,1,0,0,0
USER_02399,3,13,0,23,0,2,0,0
USER_02400,2,7,1,9,2,1,0,0
USER_02401,0,20,0,12,1,2,0,0
USER_02402,5,8,1,128,1,8,0,0
USER_02403,4,5,2,63,8,12,0,1
USER_02404,4,0,1,476,4,9,2,1
USER_02405,5,22,0,42,3,12,2,0
USER_02406,1,16,0,33,2,2,1,0
USER_02407,0,10,0,7,2,5,1,0
USER_02408,3,15,1,32,3,5,0,0
USER_02409,7,21,1,7,0,4,0,1
USER_02410,4,17,0,82,6,7,0,0
USER_02411,1,16,1,41,0,3,1,0
USER_02412,7,6,1,239,0,9,1,1
USER_02413,1,16,1,23,1,5,0,0
USER_02414,0,15,0,48,3,4,0,0
USER_02415,2,10,0,10,2,1,0,0
USER_02416,1,12,0,21,1,2,0,0
USER_02417,2,13,0,16,1,6,0,0
USER_02418,3,15,0,22,1,2,0,0
USER_02419,5,8,1,22,0,4,1,0
USER_02420,5,1,1,168,5,12,2,1
USER_02421,0,18,1,10,1,4,0,0
USER_02422,1,15,1,31,0,7,1,1
USER_02423,5,23,2,30,5,13,3,1
USER_02424,2,14,1,17,1,3,0,0
USER_02425,9,4,0,363,3,6,1,1
USER_02426,1,3,1,11,3,8,1,0
USER_02427,1,14,0,71,1,3,0,0
USER_02428,1,13,0,8,2,5,0,0
USER_02429,1,8,2,22,5,3,1,0
USER_02430,0,1,1,57,5,10,2,1
USER_02431,5,22,1,246,6,6,1,1
USER_02432,7,6,2,94,6,10,2,1
USER_02433,1,10,0,16,0,0,0,0
USER_02434,1,13,0,19,1,2,0,0
USER_02435,2,14,0,26,2,4,0,0
USER_02436,7,21,2,94,6,7,1,0
USER_02437,2,13,0,37,1,2,0,0
USER_02438,0,8,0,19,0,3,2,0
USER_02439,3,13,0,26,2,3,0,0
USER_02440,3,22,2,204,3,6,2,1
USER_02441,5,20,3,47,7,10,0,1
USER_02442,0,14,1,37,2,4,0,0
USER_02443,5,14,0,50,1,2,0,0
USER_02444,1,11,0,54,0,7,1,1
USER_02445,1,14,0,31,0,3,0,1
USER_02446,3,10,0,12,3,2,1,0
USER_02447,1,14,0,19,1,2,1,0
USER_02448,0,16,0,15,0,1,0,0
USER_02449,3,13,1,18,0,2,0,0
USER_02450,1,17,0,11,1,0,0,0
USER_02451,0,18,1,55,1,3,1,0
USER_02452,7,20,1,286,4,2,0,0
USER_02453,3,13,1,15,2,2,0,0
USER_02454,6,3,1,401,5,10,1,1
USER_02455,2,10,0,18,0,4,0,1
USER_02456,0,15,0,24,3,2,0,0
USER_02457,2,14,2,14,0,3,1,0
USER_02458,0,13,0,13,0,2,0,0
USER_02459,0,11,0,44,1,2,0,0
USER_02460,1,13,0,35,0,3,2,0
USER_02461,3,5,4,9,1,10,2,0
USER_02462,1,11,0,20,1,3,0,0
USER_02463,2,12,0,23,0,5,0,0
USER_02464,3,15,0,32,0,0,0,0
USER_02465,1,16,0,17,0,3,0,0
USER_02466,6,3,2,92,6,10,1,1
USER_02467,9,4,1,56,3,8,1,1
USER_02468,0,16,0,18,1,5,0,0
USER_02469,2,13,0,21,1,5,0,0
USER_02470,2,15,1,57,2,4,0,0
USER_02471,1,11,1,17,0,5,2,1
USER_02472,2,11,2,181,5,16,1,1
USER_02473,2,23,1,30,3,8,0,0
USER_02474,0,4,1,26,3,0,0,0
USER_02475,0,9,1,9,1,6,1,0
USER_02476,3,9,0,32,2,2,1,0
USER_02477,1,10,1,62,1,4,0,0
USER_02478,3,10,0,54,1,2,0,0
USER_02479,1,10,0,22,0,3,0,0
USER_02480,5,11,2,47,3,5,2,1
USER_02481,1,15,0,49,1,2,0,0
USER_02482,1,3,0,22,0,0,0,0
USER_02483,2,10,0,63,0,0,1,0
USER_02484,2,10,0,22,1,2,0,0
USER_02485,3,9,2,42,2,8,5,0
USER_02486,2,17,0,58,2,2,0,1
USER_02487,3,6,3,112,3,7,2,0
USER_02488,3,4,2,43,7,10,2,1
USER_02489,2,10,1,9,4,4,1,1
USER_02490,2,17,0,17,0,7,0,0
USER_02491,10,16,0,35,5,13,0,1
USER_02492,2,10,0,24,1,5,0,0
USER_02493,1,12,1,35,0,2,0,0
USER_02494,3,2,4,34,7,7,2,1
USER_02495,8,5,2,67,5,12,1,1
USER_02496,2,11,0,15,1,5,0,0
USER_02497,4,14,0,41,1,5,0,0
USER_02498,1,11,1,13,1,5,0,0
USER_02499,6,4,1,277,5,14,2,1
USER_02500,2,16,0,10,0,3,1,0
USER_02501,2,13,0,29,0,4,0,0
USER_02502,0,14,0,24,1,2,1,0
USER_02503,3,7,2,89,2,8,1,0
USER_02504,5,8,1,41,7,6,1,0
USER_02505,2,15,0,39,0,5,0,1
USER_02506,2,16,0,28,2,4,0,0
USER_02507,2,2,0,189,5,12,1,1
USER_02508,6,7,1,56,6,9,1,1
USER_02509,4,15,0,12,0,1,1,0
USER_02510,1,11,0,29,0,3,1,0
USER_02511,0,16,0,14,1,3,0,0
USER_02512,0,8,1,44,1,1,0,0
USER_02513,2,14,0,20,1,7,1,0
USER_02514,3,12,0,23,2,4,0,0
USER_02515,3,11,0,42,0,5,0,0
USER_02516,2,10,2,186,3,10,3,0
USER_02517,1,10,0,18,0,6,0,0
USER_02518,1,18,0,24,0,1,1,0
USER_02519,2,21,0,45,1,6,0,0
USER_02520,0,9,1,40,1,6,1,0
USER_02521,1,10,3,32,1,3,0,0
USER_02522,1,12,1,10,1,3,0,0
USER_02523,2,12,2,44,2,3,0,0
USER_02524,3,17,0,14,1,5,1,0
USER_02525,8,3,3,65,4,9,1,1
USER_02526,3,11,0,61,2,4,0,1
USER_02527,3,2,0,88,7,11,0,1
USER_02528,2,5,3,387,10,11,4,1
USER_02529,9,3,4,85,9,9,0,1
USER_02530,2,9,0,10,0,4,0,0
USER_02531,0,9,1,41,1,6,0,0
USER_02532,0,10,0,21,0,3,0,0
USER_02533,1,11,0,18,1,4,0,0
USER_02534,3,12,0,42,1,2,0,0
USER_02535,6,7,1,121,7,10,3,1
USER_02536,2,12,0,16,0,3,0,0
USER_02537,2,15,1,133,7,7,2,1
USER_02538,0,13,0,22,1,2,0,0
USER_02539,1,9,0,20,1,3,0,0
USER_02540,3,14,0,25,1,2,0,0
USER_02541,0,12,1,30,2,1,0,0
USER_02542,1,18,1,44,0,3,0,0
USER_02543,3,14,0,44,1,5,0,0
USER_02544,1,12,0,160,0,2,1,0
USER_02545,1,13,0,31,1,3,0,0
USER_02546,2,13,0,14,2,1,0,0
USER_02547,5,18,3,398,5,12,2,1
USER_02548,1,12,0,19,0,0,0,0
USER_02549,1,11,1,13,1,5,0,0
USER_02550,2,12,1,19,0,4,0,0
USER_02551,3,11,1,92,1,4,0,0
USER_02552,1,12,0,21,1,2,2,0
USER_02553,2,13,1,55,0,4,0,0
USER_02554,6,3,2,126,3,13,0,1
USER_02555,1,16,0,30,0,9,0,0
USER_02556,0,11,0,46,1,2,2,0
USER_02557,2,8,0,32,1,3,1,0
USER_02558,4,16,0,12,0,5,0,0
USER_02559,1,21,0,34,3,2,1,0
USER_02560,2,15,0,26,0,2,0,0
USER_02561,2,12,0,9,0,5,0,0
USER_02562,2,14,0,27,1,2,2,0
USER_02563,13,4,1,58,9,12,0,1
USER_02564,2,13,0,28,1,2,0,0
USER_02565,4,10,1,120,1,4,0,0
USER_02566,2,16,0,67,1,3,0,0
USER_02567,0,10,0,28,0,5,0,0
USER_02568,3,16,0,45,1,1,1,0
USER_02569,1,15,0,19,3,1,0,0
USER_02570,8,13,2,51,6,8,0,1
USER_02571,0,15,0,39,3,5,1,0
USER_02572,0,5,0,20,0,7,1,0
USER_02573,2,22,2,222,5,9,2,1
USER_02574,2,2,1,33,8,6,1,1
USER_02575,3,19,0,26,0,4,1,0
USER_02576,1,12,0,37,0,0,0,0
USER_02577,1,8,0,47,0,2,0,0
USER_02578,4,5,0,226,7,3,1,1
USER_02579,2,19,0,70,1,3,1,0
USER_02580,2,22,2,105,2,10,0,0
USER_02581,1,11,0,26,0,2,0,1
USER_02582,2,4,2,138,8,10,3,1
USER_02583,1,9,0,27,2,1,0,0
USER_02584,4,9,0,30,0,4,0,0
USER_02585,2,9,0,31,1,4,0,0
USER_02586,0,14,0,26,0,0,0,0
USER_02587,2,12,0,59,2,1,0,0
USER_02588,2,11,0,25,1,1,0,0
USER_02589,2,16,1,10,0,4,0,0
USER_02590,4,16,0,69,1,2,0,0
USER_02591,8,8,0,56,7,15,1,1
USER_02592,4,3,1,73,5,14,1,1
USER_02593,5,16,1,14,1,8,2,1
USER_02594,1,9,0,22,0,0,0,0
USER_02595,2,16,0,32,2,3,0,0
USER_02596,4,5,1,133,3,12,1,1
USER_02597,2,10,0,5,0,4,0,0
USER_02598,1,15,0,26,2,5,0,0
USER_02599,5,8,4,95,4,10,1,0
USER_02600,4,0,1,14,5,6,0,1
USER_02601,0,16,0,14,2,0,0,0
USER_02602,1,14,0,35,4,4,0,0
USER_02603,1,17,1,34,0,2,1,0
USER_02604,13,2,3,134,7,11,2,1
USER_02605,2,10,0,51,3,3,0,0
USER_02606,3,12,1,16,1,4,1,0
USER_02607,1,10,0,31,2,1,1,0
USER_02608,2,14,0,79,0,3,0,0
USER_02609,0,12,0,20,2,1,0,0
USER_02610,0,12,0,19,2,4,0,0
USER_02611,3,19,1,76,4,8,2,0
USER_02612,5,16,1,104,3,5,3,1
USER_02613,2,13,0,8,2,2,0,0
USER_02614,7,9,0,68,7,9,3,1
USER_02615,2,12,0,12,1,5,0,0
USER_02616,0,7,0,40,1,3,0,0
USER_02617,2,16,0,23,1,2,0,0
USER_02618,4,9,0,111,7,9,4,1
USER_02619,1,22,2,108,6,5,0,0
USER_02620,9,5,2,15,7,12,2,1
USER_02621,1,5,2,71,6,8,5,1
USER_02622,5,2,1,57,5,12,0,1
USER_02623,1,11,0,20,0,0,1,0
USER_02624,5,9,0,64,7,6,1,1
USER_02625,2,7,0,23,3,1,0,0
USER_02626,3,13,0,15,1,2,0,0
USER_02627,2,7,0,41,1,5,0,0
USER_02628,3,13,0,17,1,3,0,0
USER_02629,2,13,1,68,0,3,1,0
USER_02630,0,15,0,20,1,6,0,0
USER_02631,1,14,0,18,0,2,0,0
USER_02632,2,10,1,15,2,1,0,0
USER_02633,7,23,3,202,5,11,2,1
USER_02634,5,14,0,19,2,4,0,0
USER_02635,1,10,0,22,1,3,0,0
USER_02636,1,16,0,11,1,5,0,0
USER_02637,1,15,0,30,0,3,1,0
USER_02638,2,7,0,35,2,6,0,0
USER_02639,4,20,2,205,6,10,2,1
USER_02640,0,9,0,17,0,3,0,0
USER_02641,2,23,0,138,5,6,0,1
USER_02642,4,2,4,22,5,9,0,1
USER_02643,2,12,0,31,3,1,0,0
USER_02644,6,2,1,515,4,11,1,0
USER_02645,2,11,0,40,1,2,0,0
USER_02646,7,2,3,14,2,8,2,1
USER_02647,8,4,3,35,8,4,1,1
USER_02648,3,5,4,40,9,12,0,1
USER_02649,1,14,0,13,1,1,1,0
USER_02650,7,15,3,40,7,11,1,1
USER_02651,6,10,0,26,5,14,2,1
USER_02652,0,11,1,25,2,1,0,0
USER_02653,4,22,0,69,7,13,2,1
USER_02654,8,1,2,38,3,11,1,1
USER_02655,0,13,0,46,3,1,0,0
USER_02656,4,1,1,33,3,10,1,1
USER_02657,1,15,0,116,0,3,0,0
USER_02658,1,11,0,18,2,1,0,0
USER_02659,1,2,0,9,1,2,1,0
USER_02660,2,11,0,22,1,3,0,0
USER_02661,6,2,0,177,5,10,3,1
USER_02662,3,16,0,33,2,4,0,0
USER_02663,2,9,0,58,1,3,1,0
USER_02664,2,11,0,15,1,2,0,0
USER_02665,2,15,0,19,0,1,0,0
USER_02666,6,4,1,23,8,7,0,1
USER_02667,4,4,3,71,3,6,2,0
USER_02668,3,14,1,23,2,2,1,1
USER_02669,2,18,0,16,0,3,1,0
USER_02670,1,11,0,36,0,5,0,1
USER_02671,4,8,0,13,1,5,0,0
USER_02672,1,10,0,29,1,4,1,0
USER_02673,1,21,0,40,0,3,0,0
USER_02674,3,14,1,14,1,3,1,0
USER_02675,2,17,1,9,1,1,0,0
USER_02676,2,13,0,12,1,6,0,0
USER_02677,2,10,0,19,1,1,2,1
USER_02678,7,2,2,16,5,12,3,1
USER_02679,5,6,2,112,4,8,5,1
USER_02680,0,15,0,24,0,3,0,0
USER_02681,5,7,3,57,5,9,0,1
USER_02682,6,10,2,132,5,10,1,1
USER_02683,2,9,0,40,0,4,0,0
USER_02684,2,12,2,47,1,1,0,0
USER_02685,0,13,0,19,1,4,2,0
USER_02686,3,18,2,115,4,6,1,0
USER_02687,1,12,1,33,0,2,0,0
USER_02688,2,15,0,32,2,1,0,0
USER_02689,2,12,1,37,0,1,0,0
USER_02690,3,14,0,46,1,4,0,0
USER_02691,3,1,0,51,5,9,0,1
USER_02692,2,14,0,18,1,4,0,0
USER_02693,1,4,4,80,5,8,1,1
USER_02694,4,10,1,25,9,8,3,1
USER_02695,3,0,1,66,4,14,4,1
USER_02696,1,15,0,26,0,2,0,0
USER_02697,2,14,2,100,3,4,1,0
USER_02698,1,11,0,29,1,1,1,0
USER_02699,2,21,1,19,0,3,0,0
USER_02700,3,5,2,284,6,9,1,1
USER_02701,4,9,0,51,0,4,2,0
USER_02702,0,15,0,18,2,3,0,0
USER_02703,2,17,1,23,0,3,0,0
USER_02704,3,22,1,43,0,7,1,0
USER_02705,4,16,1,324,4,11,2,1
USER_02706,3,11,0,27,0,4,0,0
USER_02707,3,17,0,174,4,9,2,1
USER_02708,2,10,0,35,0,3,0,0
USER_02709,0,12,1,90,3,1,1,0
USER_02710,2,11,0,44,2,4,0,0
USER_02711,7,22,0,250,8,9,2,1
USER_02712,1,18,0,34,0,3,0,0
USER_02713,2,11,0,70,2,5,0,0
USER_02714,3,12,0,7,1,4,0,0
USER_02715,3,0,0,32,2,6,1,1
USER_02716,1,11,0,44,0,2,1,0
USER_02717,1,3,1,21,1,3,0,0
USER_02718,5,2,1,29,2,6,1,1
USER_02719,2,16,1,18,1,1,0,1
USER_02720,2,16,0,58,1,2,0,0
USER_02721,6,14,0,25,1,2,0,0
USER_02722,0,5,1,95,8,12,2,1
USER_02723,3,6,0,16,3,4,0,0
USER_02724,2,12,0,26,2,3,0,0
USER_02725,2,12,1,61,0,2,0,1
USER_02726,6,7,2,48,6,7,2,0
USER_02727,5,0,2,59,5,6,3,1
USER_02728,1,18,0,27,0,1,0,0
USER_02729,2,13,0,33,1,3,0,0
USER_02730,4,9,1,78,1,8,0,0
USER_02731,1,18,0,28,1,1,0,0
USER_02732,1,10,0,51,1,3,0,0
USER_02733,0,13,0,23,0,3,1,0
USER_02734,2,13,1,33,3,7,0,0
USER_02735,0,10,0,48,2,4,0,0
USER_02736,2,12,0,39,1,5,1,0
USER_02737,1,12,0,28,1,1,1,0
USER_02738,0,16,0,59,1,3,0,1
USER_02739,1,6,0,59,8,5,3,1
USER_02740,0,12,0,9,1,3,1,0
USER_02741,2,15,0,31,1,5,0,0
USER_02742,4,22,0,32,7,12,4,1
USER_02743,3,10,0,93,1,2,0,0
USER_02744,2,20,2,45,5,13,2,1
USER_02745,1,13,0,18,4,5,1,1
USER_02746,4,2,0,57,2,11,2,1
USER_02747,0,12,0,27,1,3,0,0
USER_02748,0,8,1,38,2,3,1,0
USER_02749,1,11,0,14,0,1,0,0
USER_02750,1,9,0,19,0,5,0,0
USER_02751,2,15,0,56,0,2,1,0
USER_02752,4,4,2,100,6,11,0,1
USER_02753,6,17,1,111,2,10,1,1
USER_02754,0,9,0,18,0,3,0,0
USER_02755,7,11,1,40,3,5,1,1
USER_02756,7,18,0,143,8,10,3,1
USER_02757,8,7,2,34,5,9,2,0
USER_02758,2,11,0,17,0,0,0,0
USER_02759,0,8,0,6,1,2,1,1
USER_02760,2,15,0,70,0,3,0,0
USER_02761,2,16,1,118,2,2,1,0
USER_02762,6,2,1,97,2,10,3,1
USER_02763,1,11,0,36,1,6,1,0
USER_02764,0,12,1,24,2,2,0,0
USER_02765,0,17,0,28,0,1,1,0
USER_02766,6,3,1,42,6,13,1,1
USER_02767,6,12,0,33,2,3,0,0
USER_02768,0,13,1,78,1,8,0,1
USER_02769,3,21,1,42,4,11,2,0
USER_02770,3,2,0,108,9,12,0,1
USER_02771,1,13,0,48,0,2,1,0
USER_02772,4,4,1,200,5,4,2,1
USER_02773,4,10,1,88,5,14,2,1
USER_02774,2,18,0,20,0,5,1,0
USER_02775,2,0,1,99,7,13,3,1
USER_02776,0,15,0,15,1,0,0,0
USER_02777,5,16,0,40,0,7,0,1
USER_02778,0,13,0,61,1,2,0,0
USER_02779,2,11,1,41,1,4,2,0
USER_02780,2,14,1,86,1,3,1,0
USER_02781,3,8,1,41,0,4,0,0
USER_02782,1,12,0,26,0,0,0,0
USER_02783,4,11,0,22,0,4,0,0
USER_02784,1,16,1,27,2,1,1,0
USER_02785,0,15,0,45,1,3,0,0
USER_02786,4,15,0,30,0,3,0,0
USER_02787,0,17,0,52,2,1,0,0
USER_02788,0,9,1,16,0,9,0,0
USER_02789,8,1,4,41,5,12,0,1
USER_02790,2,16,0,33,2,3,0,1
USER_02791,5,6,1,62,6,12,3,1
USER_02792,2,16,0,33,0,2,1,0
USER_02793,4,2,4,196,8,10,2,1
USER_02794,6,2,2,87,4,16,1,1
USER_02795,5,2,1,81,2,9,1,1
USER_02796,0,13,0,21,1,1,0,0
USER_02797,2,15,1,17,0,1,1,0
USER_02798,3,13,0,25,1,1,0,0
USER_02799,0,8,0,15,0,2,1,0
USER_02800,7,8,3,74,6,10,3,1
USER_02801,6,22,1,199,7,8,1,1
USER_02802,3,12,0,5,2,4,0,0
USER_02803,1,20,0,19,2,1,0,0
USER_02804,0,16,0,37,1,3,0,0
USER_02805,1,15,0,16,5,5,1,1
USER_02806,0,14,0,44,2,2,0,0
USER_02807,2,11,0,11,2,1,0,0
USER_02808,5,16,1,63,7,8,4,1
USER_02809,2,12,0,9,0,3,0,0
USER_02810,2,13,0,9,0,3,0,0
USER_02811,0,13,0,13,0,3,0,0
USER_02812,1,4,1,62,5,6,2,0
USER_02813,0,15,2,12,0,0,1,0
USER_02814,2,16,0,20,1,3,0,0
USER_02815,2,11,0,10,0,2,0,0
USER_02816,1,12,0,28,1,3,0,0
USER_02817,1,10,0,14,1,1,0,0
USER_02818,1,19,0,49,0,3,0,0
USER_02819,3,14,1,28,2,2,1,0
USER_02820,3,23,2,52,7,8,0,1
USER_02821,3,12,1,7,2,3,2,0
USER_02822,1,15,0,23,0,2,0,0
USER_02823,0,8,0,13,0,4,0,0
USER_02824,1,3,0,33,4,6,2,1
USER_02825,2,5,1,169,7,7,3,1
USER_02826,4,22,1,50,6,18,0,1
USER_02827,1,12,1,41,1,4,0,0
USER_02828,2,7,0,19,0,3,0,0
USER_02829,1,3,1,17,5,5,2,1
USER_02830,2,21,2,67,5,11,5,1
USER_02831,1,16,0,38,2,1,0,0
USER_02832,1,8,0,20,2,4,0,0
USER_02833,2,16,0,53,1,2,0,1
USER_02834,3,5,3,121,3,11,1,1
USER_02835,3,9,0,49,2,2,1,0
USER_02836,3,14,0,49,0,3,0,0
USER_02837,2,19,1,25,0,4,1,0
USER_02838,2,16,1,5,2,4,0,0
USER_02839,1,14,0,52,2,4,0,0
USER_02840,1,11,0,26,3,3,0,0
USER_02841,6,4,3,113,0,4,1,1
USER_02842,3,14,0,21,2,5,1,0
USER_02843,2,6,0,35,0,5,0,0
USER_02844,2,16,1,52,0,1,1,1
USER_02845,1,14,0,16,1,1,0,0
USER_02846,1,13,0,35,2,2,1,1
USER_02847,1,17,1,25,3,3,0,0
USER_02848,2,10,2,31,0,6,1,0
USER_02849,0,6,1,67,5,7,4,0
USER_02850,1,12,0,52,1,2,0,0
USER_02851,1,14,0,17,0,8,0,0
USER_02852,1,11,0,27,0,7,0,0
USER_02853,5,0,2,163,7,10,0,1
USER_02854,1,12,2,29,1,1,0,0
USER_02855,2,3,2,141,11,9,2,1
USER_02856,5,3,0,59,3,7,3,1
USER_02857,5,6,0,51,3,3,0,0
USER_02858,1,16,0,19,0,4,0,0
USER_02859,0,23,1,24,3,7,0,0
USER_02860,1,13,1,37,1,2,0,0
USER_02861,0,9,0,16,3,3,0,0
USER_02862,2,8,0,10,2,1,0,0
USER_02863,1,18,2,25,0,6,0,0
USER_02864,1,15,0,11,0,4,0,0
USER_02865,2,13,0,11,1,6,0,0
USER_02866,2,13,0,40,0,2,0,0
USER_02867,0,10,0,25,1,3,1,0
USER_02868,2,11,1,11,0,4,0,0
USER_02869,7,2,1,49,4,13,0,1
USER_02870,0,11,0,109,1,2,0,0
USER_02871,2,12,1,23,1,3,0,0
USER_02872,1,18,0,22,2,2,0,0
USER_02873,2,15,2,12,0,0,0,0
USER_02874,3,14,1,25,0,2,0,0
USER_02875,1,9,0,12,1,1,0,0
USER_02876,0,14,0,10,0,2,0,0
USER_02877,2,4,0,28,0,2,1,0
USER_02878,4,10,0,11,0,5,0,0
USER_02879,1,9,0,28,0,3,0,0
USER_02880,1,12,0,72,0,3,0,0
USER_02881,1,12,0,35,3,3,0,0
USER_02882,2,11,0,10,0,6,0,0
USER_02883,1,13,0,15,2,2,0,0
USER_02884,1,13,1,12,0,2,1,0
USER_02885,1,18,0,23,3,5,0,0
USER_02886,2,10,0,32,0,5,0,0
USER_02887,4,10,0,10,0,4,0,0
USER_02888,3,11,3,94,2,9,1,0
USER_02889,0,14,0,49,0,1,0,0
USER_02890,1,13,0,25,0,1,1,0
USER_02891,0,19,1,17,1,4,0,1
USER_02892,7,6,2,92,6,9,3,1
USER_02893,0,18,0,52,1,5,0,1
USER_02894,0,15,0,26,4,0,0,1
USER_02895,4,6,2,114,6,13,1,1
USER_02896,2,4,0,28,2,1,0,0
USER_02897,4,6,2,62,2,7,2,0
USER_02898,1,12,1,14,0,2,0,0
USER_02899,2,12,0,31,2,3,0,0
USER_02900,0,16,0,59,1,4,1,0
USER_02901,3,8,0,47,1,5,0,0
USER_02902,3,10,1,99,4,15,3,1
USER_02903,1,15,0,26,1,2,0,0
USER_02904,6,8,2,61,7,9,2,0
USER_02905,1,16,0,39,0,2,0,0
USER_02906,2,7,0,60,1,5,0,0
USER_02907,5,0,1,52,6,5,1,0
USER_02908,0,8,0,19,0,4,0,0
USER_02909,4,3,1,117,8,9,1,1
USER_02910,1,9,0,29,0,3,1,0
USER_02911,1,23,0,222,4,8,0,1
USER_02912,2,11,0,12,2,3,0,0
USER_02913,1,12,0,47,1,2,0,0
USER_02914,0,13,0,32,0,4,0,0
USER_02915,2,15,0,20,4,3,1,0
USER_02916,1,21,0,29,0,1,0,0
USER_02917,1,10,0,31,0,3,0,0
USER_02918,3,22,5,73,5,11,0,1
USER_02919,4,12,0,26,3,4,0,0
USER_02920,5,7,1,40,4,8,3,0
USER_02921,8,0,2,113,3,8,1,1
USER_02922,4,9,0,27,1,2,0,0
USER_02923,2,11,1,34,1,7,0,1
USER_02924,2,11,0,32,1,2,0,0
USER_02925,1,8,0,30,2,2,0,0
USER_02926,2,12,0,26,2,3,0,0
USER_02927,0,12,0,29,3,2,0,0
USER_02928,1,10,1,40,0,2,0,0
USER_02929,0,15,0,16,1,2,0,0
USER_02930,1,7,0,17,0,3,1,0
USER_02931,4,14,2,21,3,2,3,1
USER_02932,1,12,0,20,0,5,0,0
USER_02933,1,13,0,15,0,3,1,0
USER_02934,6,0,4,54,7,9,2,1
USER_02935,1,14,0,29,0,2,0,1
USER_02936,1,6,0,59,1,1,0,0
USER_02937,0,12,0,16,1,1,0,0
USER_02938,1,14,0,21,2,6,0,0
USER_02939,1,14,0,87,2,7,0,1
USER_02940,3,10,0,14,0,1,0,0
USER_02941,6,10,4,64,2,4,0,1
USER_02942,0,15,1,12,1,2,0,0
USER_02943,8,2,2,23,6,9,0,1
USER_02944,1,9,0,23,0,2,1,0
USER_02945,1,8,0,36,2,1,0,0
USER_02946,1,11,0,22,1,0,0,0
USER_02947,1,10,0,37,0,3,0,0
USER_02948,8,12,1,131,3,7,1,1
USER_02949,2,0,1,59,3,8,1,1
USER_02950,4,7,3,131,7,7,2,0
USER_02951,0,12,0,12,1,7,0,0
USER_02952,6,1,1,26,3,10,2,1
USER_02953,1,15,2,35,1,7,0,0
USER_02954,1,7,2,95,4,7,1,1
USER_02955,2,9,0,18,0,2,0,0
USER_02956,2,16,0,72,1,1,1,0
USER_02957,3,15,1,24,2,3,1,1
USER_02958,1,12,0,10,0,3,0,0
USER_02959,1,15,0,28,2,5,0,0
USER_02960,4,6,1,132,3,6,1,0
USER_02961,3,5,3,49,8,7,2,1
USER_02962,4,23,1,93,6,10,1,1
USER_02963,1,17,0,29,0,1,0,0
USER_02964,2,10,1,15,1,1,1,1
USER_02965,1,7,0,14,1,1,1,0
USER_02966,3,14,0,14,0,3,1,0
USER_02967,1,10,2,85,0,3,0,0
USER_02968,0,10,0,21,2,2,0,0
USER_02969,0,13,1,49,1,3,2,0
USER_02970,0,15,0,50,0,4,0,0
USER_02971,1,14,1,20,0,4,0,0
USER_02972,2,16,0,33,1,2,0,0
USER_02973,0,12,1,36,1,7,0,0
USER_02974,3,14,0,340,6,7,2,1
USER_02975,1,15,0,16,1,2,0,0
USER_02976,3,1,0,83,13,10,1,1
USER_02977,1,15,0,24,0,1,0,0
USER_02978,5,3,1,30,1,9,0,1
USER_02979,3,5,1,99,4,11,1,1
USER_02980,3,6,2,67,5,7,1,1
USER_02981,2,14,0,20,1,5,0,0
USER_02982,2,15,1,10,1,2,1,1
USER_02983,1,9,0,26,1,3,0,0
USER_02984,1,5,0,29,1,4,1,0
USER_02985,2,11,2,23,2,3,0,1
USER_02986,2,12,0,19,0,2,0,1
USER_02987,2,14,0,16,1,3,0,0
USER_02988,2,3,0,30,0,2,0,0
USER_02989,3,15,0,10,0,4,0,0
USER_02990,1,15,0,74,1,2,0,0
USER_02991,1,8,2,21,6,13,3,0
USER_02992,2,9,3,329,8,9,0,0
USER_02993,1,9,0,61,0,2,0,0
USER_02994,4,9,0,30,1,5,0,0
USER_02995,0,12,0,29,1,2,0,0
USER_02996,1,12,2,20,1,2,0,0
USER_02997,2,9,1,37,1,2,0,0
USER_02998,1,13,1,19,0,2,1,0
USER_02999,3,1,2,45,7,8,1,1
USER_03000,1,14,0,19,1,4,0,0
USER_03001,2,3,5,285,7,9,3,1
USER_03002,1,14,0,24,0,1,0,0
USER_03003,1,12,2,28,1,3,0,0
USER_03004,3,7,0,30,5,9,1,0
USER_03005,1,14,1,33,1,1,0,0
USER_03006,4,6,1,37,5,19,1,1
USER_03007,2,19,0,37,1,2,0,0
USER_03008,2,18,0,27,0,7,0,0
USER_03009,4,15,0,7,0,1,0,0
USER_03010,5,6,1,108,3,6,0,1
USER_03011,0,14,0,18,3,3,0,0
USER_03012,4,17,0,178,2,11,1,1
USER_03013,2,0,1,90,3,9,2,0
USER_03014,3,14,0,12,2,2,1,0
USER_03015,1,15,0,35,0,4,0,0
USER_03016,9,19,4,58,4,7,4,1
USER_03017,5,19,1,86,5,10,2,1
USER_03018,2,14,0,37,1,2,1,0
USER_03019,1,10,0,14,4,1,1,0
USER_03020,1,12,2,36,1,0,1,0
USER_03021,0,10,1,18,0,2,0,0
USER_03022,4,4,2,227,5,9,2,1
USER_03023,2,14,0,22,3,1,0,0
USER_03024,1,13,0,29,1,3,0,0
USER_03025,4,7,0,48,0,1,0,0
USER_03026,1,11,1,20,4,3,0,0
USER_03027,0,11,0,13,2,2,0,0
USER_03028,6,16,4,126,2,7,2,0
USER_03029,3,11,2,23,3,1,1,1
USER_03030,1,12,0,17,0,8,0,0
USER_03031,8,7,0,182,6,12,1,1
USER_03032,2,16,0,46,1,2,0,0
USER_03033,0,9,0,22,1,4,0,0
USER_03034,2,10,0,134,2,2,0,0
USER_03035,4,6,0,41,4,9,3,1
USER_03036,2,4,4,65,6,8,3,1
USER_03037,2,13,0,33,1,3,2,0
USER_03038,0,14,2,9,1,3,0,0
USER_03039,1,16,0,26,1,4,0,0
USER_03040,2,4,0,10,1,2,0,0
USER_03041,0,16,0,16,0,3,1,0
USER_03042,8,23,1,34,6,9,3,1
USER_03043,5,1,2,116,5,11,0,1
USER_03044,2,14,0,124,0,2,0,0
USER_03045,4,14,0,78,6,8,4,1
USER_03046,4,23,2,195,3,9,2,1
USER_03047,1,2,0,13,3,7,1,1
USER_03048,2,8,0,30,1,1,0,0
USER_03049,4,4,0,65,5,7,0,1
USER_03050,0,9,0,89,2,5,0,0
USER_03051,2,22,0,117,5,10,2,1
USER_03052,4,19,0,32,2,0,0,0
USER_03053,5,16,1,19,1,3,1,0
USER_03054,4,0,3,28,3,11,6,1
USER_03055,0,14,0,72,0,4,0,0
USER_03056,6,8,0,22,1,4,0,0
USER_03057,0,17,0,29,2,5,1,0
USER_03058,1,14,0,12,0,0,0,0
USER_03059,2,15,0,52,1,2,1,0
USER_03060,1,16,0,27,1,6,0,0
USER_03061,1,15,0,32,1,4,0,0
USER_03062,2,14,0,14,0,2,3,0
USER_03063,1,10,0,12,0,0,0,0
USER_03064,2,10,1,136,6,10,2,1
USER_03065,0,9,1,35,2,3,1,0
USER_03066,1,3,1,32,1,0,0,0
USER_03067,1,11,1,28,1,5,0,0
USER_03068,2,15,0,11,1,7,0,1
USER_03069,6,6,2,147,2,16,3,0
USER_03070,1,10,1,25,0,1,1,0
USER_03071,2,12,0,5,1,4,0,1
USER_03072,8,7,1,803,5,8,1,1
USER_03073,4,10,0,416,10,11,3,1
USER_03074,6,23,1,297,4,5,0,0
USER_03075,7,2,4,111,7,5,3,1
USER_03076,10,17,1,41,8,16,1,1
USER_03077,4,15,1,40,1,4,1,1
USER_03078,3,7,0,16,0,4,0,0
USER_03079,1,14,1,71,0,1,1,0
USER_03080,0,16,1,36,0,4,0,0
USER_03081,2,8,0,28,0,6,0,0
USER_03082,0,11,0,57,1,5,0,1
USER_03083,5,10,1,45,0,0,0,0
USER_03084,5,4,2,49,2,6,3,1
USER_03085,7,20,1,30,9,6,2,0
USER_03086,2,16,0,31,0,5,0,0
USER_03087,1,14,0,27,0,5,1,0
USER_03088,1,16,0,25,1,1,1,0
USER_03089,0,15,0,38,2,1,0,0
USER_03090,3,0,0,45,6,4,0,1
USER_03091,4,4,1,37,1,11,2,1
USER_03092,3,6,1,213,2,9,2,1
USER_03093,2,7,2,52,4,10,3,1
USER_03094,5,23,0,25,1,11,3,0
USER_03095,0,12,0,28,1,4,1,0
USER_03096,1,17,0,7,0,0,0,0
USER_03097,4,10,0,55,0,1,1,0
USER_03098,1,16,1,28,0,2,0,0
USER_03099,1,8,0,20,1,2,1,0
USER_03100,2,14,0,33,1,2,0,1
USER_03101,10,2,1,96,4,9,1,1
USER_03102,0,8,0,12,2,3,0,0
USER_03103,3,0,4,42,7,11,0,1
USER_03104,3,20,2,61,2,7,0,0
USER_03105,1,16,0,15,1,5,0,0
USER_03106,1,12,1,17,3,2,1,1
USER_03107,2,13,0,21,1,4,0,0
USER_03108,1,13,0,44,1,0,0,0
USER_03109,1,15,0,46,1,4,0,0
USER_03110,7,2,0,74,6,8,0,1
USER_03111,0,17,0,55,0,1,1,0
USER_03112,1,20,0,64,1,6,0,0
USER_03113,5,2,1,30,4,7,2,0
USER_03114,0,19,1,13,1,2,0,0
USER_03115,1,11,1,40,1,2,1,0
USER_03116,1,11,0,39,0,4,0,0
USER_03117,1,16,0,30,1,1,0,0
USER_03118,1,9,0,17,1,2,0,0
USER_03119,3,15,0,40,1,4,1,0
USER_03120,0,15,1,75,1,9,0,1
USER_03121,3,13,0,64,2,1,0,0
USER_03122,1,13,0,61,2,2,1,0
USER_03123,1,11,1,27,4,0,2,1
USER_03124,1,16,0,6,0,3,0,0
USER_03125,4,12,1,26,2,5,0,0
USER_03126,3,17,0,18,0,4,0,0
USER_03127,1,17,0,98,2,3,0,0
USER_03128,1,8,2,27,1,3,1,0
USER_03129,2,8,2,21,3,0,0,0
USER_03130,4,0,1,192,5,10,0,1
USER_03131,1,10,0,35,0,2,0,0
USER_03132,1,23,0,54,8,8,2,0
USER_03133,1,10,0,25,2,6,0,1
USER_03134,2,20,0,47,3,4,0,0
USER_03135,9,7,2,106,5,4,1,1
USER_03136,5,5,1,240,2,13,2,1
USER_03137,8,7,3,53,6,10,1,1
USER_03138,3,11,0,49,1,2,0,0
USER_03139,8,3,0,57,8,9,2,0
USER_03140,2,15,0,16,0,0,0,0
USER_03141,1,13,0,29,1,4,0,0
USER_03142,1,11,0,17,3,5,1,0
USER_03143,3,5,1,20,6,12,2,1
USER_03144,3,9,0,31,1,3,1,0
USER_03145,5,8,1,32,3,10,0,1
USER_03146,0,19,0,17,1,2,0,0
USER_03147,5,0,0,110,7,10,1,1
USER_03148,6,15,0,30,1,13,2,1
USER_03149,2,17,3,34,5,14,0,1
USER_03150,0,10,1,11,0,4,0,0
USER_03151,1,16,0,76,2,2,0,0
USER_03152,1,9,0,18,0,1,0,0
USER_03153,1,12,0,15,1,0,1,0
USER_03154,0,10,1,13,0,2,0,0
USER_03155,1,18,0,13,1,0,0,0
USER_03156,3,11,1,39,1,0,1,0
USER_03157,0,9,0,19,2,2,1,0
USER_03158,2,12,0,10,0,0,0,0
USER_03159,5,6,1,59,5,7,1,1
USER_03160,2,17,0,29,2,2,0,0
USER_03161,4,4,4,45,6,8,0,1
USER_03162,3,4,1,60,5,9,1,1
USER_03163,1,9,1,6,1,5,0,0
USER_03164,5,21,2,83,6,8,1,0
USER_03165,1,16,0,79,0,3,0,0
USER_03166,2,15,0,6,0,2,1,0
USER_03167,1,16,0,12,1,5,0,0
USER_03168,1,14,0,28,0,2,0,0
USER_03169,1,13,1,103,1,1,1,0
USER_03170,3,9,0,19,2,8,0,0
USER_03171,4,8,2,150,6,11,1,1
USER_03172,1,16,1,52,0,2,0,0
USER_03173,4,21,3,25,5,5,1,1
USER_03174,7,22,1,240,7,6,1,0
USER_03175,1,11,0,14,0,2,1,0
USER_03176,2,19,0,38,0,1,0,0
USER_03177,8,21,0,72,4,6,3,1
USER_03178,0,15,0,16,1,1,0,0
USER_03179,0,23,0,23,0,3,0,1
USER_03180,2,11,0,19,2,5,1,0
USER_03181,5,2,3,28,1,8,1,1
USER_03182,3,8,0,19,0,3,0,0
USER_03183,2,12,0,38,0,4,0,0
USER_03184,4,15,1,26,1,5,0,0
USER_03185,3,11,0,30,1,3,0,0
USER_03186,3,13,0,23,1,3,0,0
USER_03187,7,4,1,134,2,7,4,1
USER_03188,4,9,2,80,6,13,1,1
USER_03189,6,5,0,25,1,2,0,1
USER_03190,5,21,0,20,3,1,0,0
USER_03191,0,9,0,38,1,3,0,0
USER_03192,1,10,0,22,0,6,0,0
USER_03193,1,7,1,34,0,1,0,0
USER_03194,0,9,1,31,1,2,1,0
USER_03195,1,13,0,64,1,4,0,0
USER_03196,0,16,1,12,1,1,1,0
USER_03197,0,11,0,25,0,3,0,0
USER_03198,3,13,2,31,0,3,0,0
USER_03199,0,14,0,40,0,2,0,0
USER_03200,3,5,2,36,9,11,1,1
USER_03201,5,5,1,129,6,10,1,1
USER_03202,5,3,0,58,6,9,4,1
USER_03203,1,9,0,109,5,13,1,1
USER_03204,0,10,0,65,0,4,0,1
USER_03205,6,5,1,36,5,14,1,1
USER_03206,4,14,0,19,0,4,0,0
USER_03207,4,15,0,46,1,5,0,0
USER_03208,2,9,1,23,1,4,0,0
USER_03209,2,15,0,10,1,5,1,0
USER_03210,1,14,0,36,0,2,0,0
USER_03211,3,11,0,15,4,3,0,0
USER_03212,4,3,2,24,4,8,3,1
USER_03213,2,21,4,41,6,8,3,1
USER_03214,1,14,0,54,0,2,1,0
USER_03215,0,13,0,34,1,3,2,0
USER_03216,4,5,3,130,2,9,2,1
USER_03217,3,21,0,23,4,2,0,0
USER_03218,0,9,1,49,0,1,0,0
USER_03219,0,11,0,47,0,4,0,0
USER_03220,0,16,0,45,2,4,0,0
USER_03221,4,13,0,41,1,2,0,0
USER_03222,5,19,1,84,6,12,2,1
USER_03223,4,20,3,81,3,6,2,0
USER_03224,2,8,0,38,0,5,0,0
USER_03225,3,14,0,5,4,5,0,0
USER_03226,2,5,2,40,6,6,0,1
USER_03227,1,19,0,23,0,5,0,0
USER_03228,6,9,0,29,1,0,0,0
USER_03229,1,11,1,21,1,2,1,0
USER_03230,1,13,1,39,0,3,0,0
USER_03231,2,11,0,31,3,2,0,0
USER_03232,1,10,0,23,0,3,0,0
USER_03233,0,13,0,8,0,3,1,0
USER_03234,1,20,0,69,1,2,0,0
USER_03235,2,11,0,22,1,3,0,0
USER_03236,1,7,0,13,0,1,1,0
USER_03237,4,5,2,159,5,10,1,1
USER_03238,1,12,0,49,1,4,0,0
USER_03239,2,9,2,18,3,1,0,0
USER_03240,3,15,0,11,1,1,0,0
USER_03241,7,0,2,65,9,12,2,1
USER_03242,1,10,1,57,1,0,0,0
USER_03243,2,23,1,126,5,10,0,1
USER_03244,1,16,0,22,1,4,1,0
USER_03245,0,10,0,54,1,5,0,0
USER_03246,2,14,0,8,0,1,1,0
USER_03247,2,12,0,13,1,4,0,0
USER_03248,2,3,1,141,7,8,2,1
USER_03249,2,6,2,234,7,12,1,1
USER_03250,2,17,1,32,0,1,1,0
USER_03251,0,16,0,299,6,8,1,0
USER_03252,1,6,1,34,0,2,0,1
USER_03253,2,12,0,21,2,4,0,0
USER_03254,1,13,0,31,3,2,0,0
USER_03255,5,12,0,13,1,3,0,1
USER_03256,4,10,4,71,5,10,1,0
USER_03257,1,15,0,17,0,3,0,0
USER_03258,2,6,1,24,1,2,0,0
USER_03259,5,12,1,19,2,4,0,0
USER_03260,1,13,0,11,1,5,0,1
USER_03261,7,10,0,13,1,2,1,1
USER_03262,1,15,0,17,0,4,0,0
USER_03263,0,15,0,85,1,2,0,0
USER_03264,3,14,1,45,1,2,0,0
USER_03265,1,16,0,26,0,2,0,0
USER_03266,2,18,0,23,1,0,0,0
USER_03267,1,16,0,50,0,1,1,0
USER_03268,5,13,1,72,4,10,2,0
USER_03269,7,0,1,994,6,8,0,1
USER_03270,1,11,0,12,1,3,0,0
USER_03271,2,5,2,62,5,16,0,1
USER_03272,0,14,0,18,3,7,1,0
USER_03273,1,10,0,15,0,4,0,0
USER_03274,6,2,0,53,3,5,0,1
USER_03275,3,3,1,106,5,10,2,0
USER_03276,7,0,4,61,11,16,1,1
USER_03277,3,12,1,14,0,2,0,0
USER_03278,0,8,1,21,2,0,0,0
USER_03279,0,15,0,39,0,3,0,0
USER_03280,1,11,0,38,0,3,0,0
USER_03281,1,5,1,20,0,2,0,1
USER_03282,2,16,0,8,0,4,0,0
USER_03283,1,8,0,27,1,3,1,0
USER_03284,2,10,0,33,1,3,0,0
USER_03285,3,13,0,29,1,1,0,0
USER_03286,1,13,0,60,0,6,0,1
USER_03287,1,11,0,68,2,2,0,0
USER_03288,2,14,0,62,1,1,0,0
USER_03289,3,16,0,15,0,4,0,0
USER_03290,1,10,0,29,1,3,0,0
USER_03291,1,13,1,17,0,2,0,0
USER_03292,1,13,2,153,6,5,1,0
USER_03293,0,17,1,33,1,1,0,0
USER_03294,4,14,0,14,0,3,0,0
USER_03295,1,7,1,28,2,1,1,0
USER_03296,2,0,2,79,3,7,2,1
USER_03297,3,1,0,89,3,9,0,1
USER_03298,1,14,0,18,0,2,0,0
USER_03299,4,13,1,19,0,3,0,0
USER_03300,2,14,0,24,3,2,0,0
USER_03301,4,16,2,206,7,14,4,1
USER_03302,1,16,0,14,2,3,0,0
USER_03303,1,12,0,30,2,1,0,0
USER_03304,2,2,0,154,8,8,1,1
USER_03305,5,22,1,296,0,9,1,1
USER_03306,1,12,1,30,0,3,1,0
USER_03307,1,11,1,42,0,3,0,0
USER_03308,2,9,3,83,0,2,0,0
USER_03309,2,11,0,11,0,8,0,1
USER_03310,1,16,0,51,1,6,0,0
USER_03311,2,6,0,51,6,12,0,1
USER_03312,6,2,1,610,1,7,1,1
USER_03313,2,7,1,12,1,3,1,0
USER_03314,1,7,0,33,0,5,0,0
USER_03315,0,14,1,16,1,1,0,0
USER_03316,3,8,0,25,2,5,0,0
USER_03317,6,10,2,71,4,10,0,1
USER_03318,1,15,0,17,0,5,0,0
USER_03319,1,14,1,15,1,2,0,0
USER_03320,0,12,0,75,0,7,0,1
USER_03321,0,18,1,14,1,2,0,0
USER_03322,1,11,0,42,3,1,0,0
USER_03323,4,3,1,27,8,13,3,1
USER_03324,5,23,1,261,5,16,1,1
USER_03325,2,12,0,29,2,4,0,0
USER_03326,4,18,1,138,2,7,0,1
USER_03327,1,15,0,14,2,1,0,0
USER_03328,1,2,0,182,5,11,0,1
USER_03329,1,9,0,72,4,1,0,0
USER_03330,3,16,2,24,1,3,0,0
USER_03331,2,0,2,124,2,8,1,1
USER_03332,2,9,0,30,0,1,0,0
USER_03333,2,14,0,26,2,1,0,0
USER_03334,1,16,1,38,1,1,0,0
USER_03335,2,16,1,16,1,3,0,0
USER_03336,1,7,0,52,1,3,0,0
USER_03337,0,12,0,20,0,6,1,0
USER_03338,11,19,2,75,3,10,0,0
USER_03339,0,11,1,23,1,2,0,0
USER_03340,2,7,0,16,2,1,0,0
USER_03341,1,18,0,12,2,1,0,0
USER_03342,4,6,1,96,3,7,1,0
USER_03343,0,9,1,22,1,2,1,0
USER_03344,2,14,0,47,0,2,1,0
USER_03345,2,12,1,17,2,2,0,0
USER_03346,2,16,0,46,2,5,0,0
USER_03347,3,0,1,260,5,4,0,1
USER_03348,0,11,0,17,0,2,1,0
USER_03349,6,9,2,35,3,13,1,1
USER_03350,1,15,0,35,4,4,0,0
USER_03351,3,9,1,26,0,2,0,0
USER_03352,0,8,0,10,3,5,0,0
USER_03353,1,15,0,39,1,3,0,0
USER_03354,3,14,0,18,1,2,0,0
USER_03355,2,13,0,33,0,4,0,0
USER_03356,2,13,0,20,1,2,0,0
USER_03357,0,13,0,21,1,6,0,0
USER_03358,0,18,0,19,0,1,0,0
USER_03359,2,14,0,76,0,2,0,0
USER_03360,0,12,0,18,1,2,0,0
USER_03361,4,9,0,13,1,3,0,0
USER_03362,0,12,1,33,1,3,0,1
USER_03363,1,15,1,8,1,4,0,0
USER_03364,2,16,0,14,1,1,1,0
USER_03365,1,8,0,57,4,4,0,0
USER_03366,2,16,0,21,2,3,0,0
USER_03367,0,13,1,19,2,2,0,1
USER_03368,4,21,1,83,1,2,1,0
USER_03369,2,17,1,25,0,1,0,0
USER_03370,2,12,0,16,2,7,0,0
USER_03371,2,7,1,42,5,12,0,0
USER_03372,0,9,0,19,1,2,0,0
USER_03373,10,23,1,52,4,6,6,1
USER_03374,0,19,0,22,1,4,0,0
USER_03375,2,12,0,9,1,5,0,0
USER_03376,1,14,1,37,2,0,0,0
USER_03377,1,12,0,89,2,1,2,0
USER_03378,1,4,0,67,8,7,1,1
USER_03379,6,11,1,55,2,4,0,0
USER_03380,4,9,2,69,7,9,0,1
USER_03381,1,16,2,16,0,3,0,0
USER_03382,8,17,0,210,8,10,3,1
USER_03383,5,8,1,99,6,5,1,0
USER_03384,2,16,1,27,0,4,0,0
USER_03385,3,17,1,15,1,6,0,0
USER_03386,2,10,0,20,0,2,1,0
USER_03387,1,11,0,26,1,6,1,1
USER_03388,4,7,3,37,8,11,2,1
USER_03389,2,15,1,47,2,2,1,0
USER_03390,1,13,0,10,2,1,1,0
USER_03391,1,15,0,28,1,3,0,0
USER_03392,2,12,0,23,2,3,0,0
USER_03393,6,6,0,94,2,12,2,0
USER_03394,0,17,0,42,0,4,0,0
USER_03395,2,2,2,160,5,5,3,0
USER_03396,6,3,4,85,3,8,1,1
USER_03397,3,19,0,12,2,3,0,0
USER_03398,2,10,0,26,0,2,0,0
USER_03399,2,19,0,14,2,4,0,0
USER_03400,2,14,0,14,0,5,0,0
USER_03401,2,13,0,29,3,5,1,0
USER_03402,2,18,1,42,4,12,3,1
USER_03403,1,16,0,18,2,3,0,0
USER_03404,6,10,0,120,7,7,2,1
USER_03405,2,2,1,29,4,14,1,1
USER_03406,0,23,0,102,4,8,1,1
USER_03407,0,11,0,47,1,3,0,0
USER_03408,2,11,0,17,1,3,0,1
USER_03409,2,13,1,44,2,4,0,1
USER_03410,2,15,0,13,1,3,0,0
USER_03411,1,10,0,80,0,4,0,0
USER_03412,4,7,0,32,0,4,1,0
USER_03413,0,9,0,18,0,3,3,0
USER_03414,2,11,1,46,1,3,0,0
USER_03415,2,17,0,14,1,2,1,0
USER_03416,4,10,0,9,1,3,0,0
USER_03417,2,15,0,13,2,1,3,0
USER_03418,8,4,0,151,4,7,0,1
USER_03419,3,10,0,10,0,3,1,0
USER_03420,1,2,1,285,5,7,3,1
USER_03421,6,7,0,120,5,10,1,1
USER_03422,2,10,0,17,1,4,0,0
USER_03423,2,12,2,58,1,1,0,0
USER_03424,1,10,1,12,0,1,0,0
USER_03425,2,12,0,50,0,4,0,1
USER_03426,0,14,1,14,1,4,0,0
USER_03427,0,11,0,28,1,1,0,0
USER_03428,1,11,1,86,3,10,0,0
USER_03429,4,18,4,375,8,11,2,1
USER_03430,3,4,1,20,9,8,3,1
USER_03431,1,14,1,18,1,2,1,0
USER_03432,0,17,1,23,0,2,0,0
USER_03433,5,5,2,274,1,7,5,1
USER_03434,0,15,0,11,3,5,0,0
USER_03435,1,9,0,8,1,2,1,0
USER_03436,2,18,0,26,2,1,0,0
USER_03437,0,15,0,70,0,3,1,0
USER_03438,2,15,0,15,1,7,0,0
USER_03439,5,11,0,36,0,8,0,1
USER_03440,2,15,0,47,0,3,0,0
USER_03441,1,14,0,19,0,6,0,0
USER_03442,3,16,1,16,0,4,0,0
USER_03443,1,17,0,30,0,2,1,0
USER_03444,2,11,0,39,0,7,1,1
USER_03445,7,0,2,180,6,7,0,1
USER_03446,0,16,0,13,0,7,0,0
USER_03447,1,9,0,81,2,0,0,0
USER_03448,5,17,2,142,3,8,2,1
USER_03449,6,11,0,23,1,6,1,1
USER_03450,9,0,2,110,8,10,0,1
USER_03451,1,14,1,48,1,3,1,0
USER_03452,2,10,0,107,0,1,0,0
USER_03453,1,16,1,26,0,3,0,0
USER_03454,0,11,1,14,0,4,0,0
USER_03455,1,6,1,142,5,10,1,1
USER_03456,4,11,0,64,8,8,0,0
USER_03457,4,0,1,115,8,12,1,1
USER_03458,3,6,2,313,5,11,0,1
USER_03459,2,16,0,55,2,1,0,0
USER_03460,6,21,3,11,6,7,1,1
USER_03461,4,14,0,28,0,7,0,0
USER_03462,5,2,1,46,4,5,0,1
USER_03463,1,17,1,23,3,2,0,0
USER_03464,1,13,1,12,0,6,0,0
USER_03465,4,0,2,49,7,8,3,1
USER_03466,2,0,2,103,5,14,2,1
USER_03467,0,12,1,91,1,1,0,0
USER_03468,2,15,0,9,0,0,0,0
USER_03469,1,14,0,34,1,7,2,0
USER_03470,2,4,2,233,8,9,1,1
USER_03471,2,13,0,44,1,4,0,0
USER_03472,1,11,1,48,0,1,0,0
USER_03473,3,12,1,15,1,4,1,1
USER_03474,0,12,0,72,1,0,0,0
USER_03475,2,7,1,9,2,3,2,0
USER_03476,3,14,0,34,1,0,0,0
USER_03477,2,21,2,97,2,9,1,1
USER_03478,3,1,0,107,5,17,0,1
USER_03479,2,5,0,190,5,11,0,1
USER_03480,0,7,1,30,0,2,1,0
USER_03481,0,20,0,32,1,2,1,0
USER_03482,3,0,3,69,2,8,0,1
USER_03483,3,14,2,52,3,5,0,0
USER_03484,3,18,1,21,0,7,0,0
USER_03485,3,23,1,48,0,3,0,0
USER_03486,5,8,1,214,4,16,0,1
USER_03487,1,11,0,29,0,3,0,0
USER_03488,5,2,3,33,5,11,1,1
USER_03489,1,12,1,11,1,1,0,0
USER_03490,2,7,0,30,0,2,0,0
USER_03491,2,18,0,18,3,0,0,0
USER_03492,0,15,0,21,2,5,0,1
USER_03493,5,9,0,28,8,10,1,1
USER_03494,2,8,0,26,3,4,0,0
USER_03495,0,18,0,10,0,2,1,0
USER_03496,2,10,1,63,5,9,0,0
USER_03497,6,0,2,118,6,5,0,1
USER_03498,3,3,0,71,5,13,1,1
USER_03499,1,13,2,16,0,3,1,0
USER_03500,6,19,2,56,9,7,3,1
USER_03501,4,17,1,6,0,4,0,0
USER_03502,1,7,1,23,3,5,0,0
USER_03503,2,16,0,9,0,4,0,0
USER_03504,1,18,0,14,1,1,0,0
USER_03505,8,22,3,40,7,8,1,1
USER_03506,1,16,1,19,1,7,0,0
USER_03507,0,18,0,14,0,5,0,0
USER_03508,6,18,0,16,1,11,1,1
USER_03509,1,15,1,54,0,1,0,0
USER_03510,6,14,0,41,2,6,1,0
USER_03511,3,5,1,219,4,7,1,1
USER_03512,1,0,1,947,5,11,3,1
USER_03513,2,6,0,69,5,12,2,0
USER_03514,6,4,2,107,4,6,1,1
USER_03515,6,22,2,194,5,8,0,0
USER_03516,3,22,0,27,5,8,4,0
USER_03517,2,13,0,15,0,8,1,0
USER_03518,5,14,0,20,4,3,1,1
USER_03519,3,15,1,21,1,2,0,0
USER_03520,8,21,1,42,7,9,3,1
USER_03521,3,16,0,73,1,6,0,1
USER_03522,4,19,0,53,1,7,1,0
USER_03523,3,16,0,8,1,3,1,1
USER_03524,2,10,1,34,1,5,0,0
USER_03525,1,13,2,33,1,5,0,0
USER_03526,1,18,0,42,1,2,0,0
USER_03527,2,20,0,20,1,4,0,0
USER_03528,1,15,0,11,0,2,1,0
USER_03529,2,10,0,167,2,8,0,0
USER_03530,3,7,0,26,0,2,0,0
USER_03531,1,15,0,17,0,0,0,0
USER_03532,3,20,0,16,0,1,0,0
USER_03533,2,12,0,33,0,3,0,0
USER_03534,2,12,1,16,1,2,1,0
USER_03535,4,5,0,61,6,8,2,1
USER_03536,2,21,1,377,5,7,0,1
USER_03537,1,14,2,49,3,4,0,0
USER_03538,0,14,1,14,0,4,0,0
USER_03539,1,12,0,25,3,0,2,0
USER_03540,2,13,0,17,1,1,0,0
USER_03541,7,19,2,58,3,7,0,1
USER_03542,0,11,0,67,1,3,0,0
USER_03543,8,4,2,119,6,4,2,1
USER_03544,2,17,1,28,0,4,0,0
USER_03545,2,10,0,62,0,6,0,0
USER_03546,0,16,0,48,0,5,0,0
USER_03547,2,20,0,18,1,0,0,0
USER_03548,5,5,2,153,5,8,1,1
USER_03549,5,13,0,6,2,2,0,0
USER_03550,4,4,0,72,9,9,3,1
USER_03551,2,6,1,205,3,9,2,0
USER_03552,1,10,0,22,2,3,1,0
USER_03553,0,9,0,38,0,2,0,0
USER_03554,0,10,0,32,1,2,0,0
USER_03555,1,13,0,22,3,2,0,0
USER_03556,6,18,2,33,10,8,0,1
USER_03557,0,16,0,32,0,2,0,0
USER_03558,6,12,1,54,7,12,0,1
USER_03559,2,10,0,29,0,8,1,0
USER_03560,1,14,0,9,2,1,0,0
USER_03561,2,0,3,246,5,10,3,1
USER_03562,0,22,1,27,2,2,0,0
USER_03563,7,5,1,35,7,7,0,1
USER_03564,4,14,0,10,1,4,1,0
USER_03565,5,18,2,42,7,10,0,1
USER_03566,5,2,1,42,7,8,0,1
USER_03567,6,6,2,161,5,12,0,1
USER_03568,1,11,0,44,0,4,0,0
USER_03569,2,22,1,163,6,4,1,1
USER_03570,0,14,0,22,2,3,1,0
USER_03571,9,6,2,79,4,11,0,0
USER_03572,1,15,0,36,1,4,0,1
USER_03573,3,16,0,53,3,2,0,0
USER_03574,2,13,1,28,0,3,0,0
USER_03575,0,19,0,29,3,6,0,0
USER_03576,1,18,0,21,1,5,2,0
USER_03577,2,22,3,141,5,7,3,1
USER_03578,1,14,2,14,0,4,1,0
USER_03579,4,22,1,89,8,7,0,1
USER_03580,0,13,0,37,0,2,0,1
USER_03581,5,1,3,86,4,8,2,1
USER_03582,3,19,3,106,3,5,2,0
USER_03583,0,12,2,34,1,7,1,0
USER_03584,3,3,2,192,4,7,2,1
USER_03585,5,1,0,101,6,7,2,1
USER_03586,8,5,0,157,5,10,1,1
USER_03587,0,17,1,13,0,3,0,0
USER_03588,2,13,1,21,1,5,0,1
USER_03589,4,2,1,66,1,10,0,1
USER_03590,0,12,0,54,1,2,1,0
USER_03591,7,4,2,79,5,14,1,1
USER_03592,3,14,0,34,1,3,0,0
USER_03593,4,2,2,60,11,4,2,1
USER_03594,0,12,0,35,0,0,0,0
USER_03595,3,14,0,35,0,2,0,0
USER_03596,9,3,3,147,5,13,3,1
USER_03597,7,6,0,392,6,7,0,0
USER_03598,3,23,2,127,6,5,2,1
USER_03599,1,11,3,196,5,9,3,0
USER_03600,0,11,0,22,3,6,3,0
USER_03601,0,10,1,18,1,4,0,0
USER_03602,3,14,0,43,1,7,0,0
USER_03603,2,13,0,46,1,6,1,0
USER_03604,0,15,1,10,0,3,0,0
USER_03605,4,3,1,142,4,10,3,1
USER_03606,6,15,0,16,0,5,1,0
USER_03607,1,11,0,34,1,2,0,0
USER_03608,3,18,0,49,1,4,0,0
USER_03609,2,12,1,13,0,2,0,0
USER_03610,2,12,0,25,1,2,0,0
USER_03611,1,10,0,14,0,2,0,0
USER_03612,1,15,1,9,0,7,1,0
USER_03613,2,12,1,50,1,4,0,0
USER_03614,3,0,2,78,3,11,1,0
USER_03615,1,15,1,13,1,2,0,0
USER_03616,2,10,0,48,0,1,1,0
USER_03617,3,10,0,12,0,2,0,0
USER_03618,3,14,1,40,0,5,0,0
USER_03619,3,18,0,13,0,3,0,0
USER_03620,6,22,1,75,0,10,3,0
USER_03621,2,18,1,23,0,4,0,0
USER_03622,1,14,0,6,3,5,0,0
USER_03623,0,16,1,20,0,3,0,0
USER_03624,3,1,2,24,8,13,2,1
USER_03625,2,20,1,12,1,4,0,0
USER_03626,1,15,0,18,1,2,0,0
USER_03627,3,23,0,35,7,12,1,1
USER_03628,0,17,0,23,1,2,0,0
USER_03629,1,9,0,18,1,1,0,0
USER_03630,2,17,0,11,1,5,2,0
USER_03631,0,18,0,15,0,7,0,0
USER_03632,3,23,0,52,5,12,0,1
USER_03633,2,10,0,20,0,2,0,0
USER_03634,0,14,0,14,0,3,1,0
USER_03635,0,17,0,16,1,3,0,0
USER_03636,3,15,0,14,3,2,0,0
USER_03637,5,18,0,57,3,8,1,1
USER_03638,2,14,0,55,3,2,0,1
USER_03639,4,11,4,147,9,9,0,1
USER_03640,0,10,0,32,3,5,0,1
USER_03641,1,9,0,60,1,2,1,0
USER_03642,1,10,2,44,1,2,1,1
USER_03643,1,8,1,293,4,12,1,1
USER_03644,1,16,0,30,1,4,1,0
USER_03645,0,11,0,20,0,2,0,0
USER_03646,4,6,4,73,8,6,0,1
USER_03647,1,9,0,6,1,0,1,0
USER_03648,3,11,0,5,2,8,1,0
USER_03649,1,9,0,31,0,2,0,0
USER_03650,4,8,1,34,2,11,2,1
USER_03651,3,15,2,34,2,2,0,0
USER_03652,5,14,0,14,0,2,0,0
USER_03653,0,17,0,10,0,4,0,0
USER_03654,2,12,0,18,1,4,0,0
USER_03655,5,12,1,8,0,2,2,0
USER_03656,2,14,2,12,0,6,0,0
USER_03657,1,20,0,41,0,2,0,0
USER_03658,3,15,0,20,0,2,0,0
USER_03659,2,3,0,31,11,4,3,1
USER_03660,2,16,0,13,0,3,1,1
USER_03661,1,13,0,17,1,4,0,0
USER_03662,5,3,1,53,6,9,3,1
USER_03663,3,5,3,152,4,3,0,1
USER_03664,5,9,1,11,0,3,0,0
USER_03665,3,11,1,26,1,5,0,0
USER_03666,3,19,1,75,1,2,0,0
USER_03667,2,14,2,15,0,1,0,0
USER_03668,2,14,0,31,1,2,0,0
USER_03669,2,13,0,21,1,3,2,0
USER_03670,0,12,1,24,0,3,0,0
USER_03671,3,13,0,40,2,2,0,0
USER_03672,2,12,0,30,0,5,1,0
USER_03673,5,14,0,34,1,5,0,0
USER_03674,1,10,0,13,2,4,0,0
USER_03675,2,6,0,68,1,9,2,1
USER_03676,4,23,1,41,4,1,4,0
USER_03677,0,9,1,14,1,3,1,0
USER_03678,2,12,0,29,2,2,0,0
USER_03679,5,12,0,44,1,2,0,0
USER_03680,1,17,0,38,1,2,0,0
USER_03681,6,3,1,100,8,4,1,1
USER_03682,4,10,0,21,1,6,0,0
USER_03683,0,6,0,29,1,3,0,0
USER_03684,2,11,1,15,0,3,0,0
USER_03685,1,17,1,14,1,4,0,0
USER_03686,1,15,0,18,1,2,1,0
USER_03687,0,10,0,51,3,1,0,0
USER_03688,3,6,0,257,3,2,2,0
USER_03689,1,13,0,29,0,3,0,0
USER_03690,1,19,0,30,0,5,0,0
USER_03691,2,13,0,69,1,2,1,0
USER_03692,1,11,0,85,1,4,1,0
USER_03693,4,14,0,14,1,2,0,0
USER_03694,0,15,0,36,1,2,0,0
USER_03695,6,10,1,138,6,8,1,1
USER_03696,1,16,0,33,0,1,0,0
USER_03697,0,21,0,13,0,3,0,0
USER_03698,0,9,0,30,0,4,1,0
USER_03699,0,13,0,72,2,2,0,0
USER_03700,1,13,0,12,0,3,1,1
USER_03701,6,10,1,53,7,4,0,0
USER_03702,1,9,0,36,4,3,1,0
USER_03703,1,12,1,55,2,4,0,0
USER_03704,2,12,0,28,2,5,0,0
USER_03705,0,11,0,28,1,5,0,0
USER_03706,0,7,0,41,0,3,0,0
USER_03707,2,9,0,86,1,2,1,0
USER_03708,0,11,0,25,3,2,0,0
USER_03709,1,12,1,31,2,2,1,0
USER_03710,2,20,2,84,1,13,3,0
USER_03711,5,21,0,20,4,8,1,1
USER_03712,6,6,0,117,7,7,2,1
USER_03713,3,7,0,41,4,13,0,1
USER_03714,7,14,6,58,4,9,0,1
USER_03715,4,3,2,47,2,7,0,1
USER_03716,4,13,2,95,8,8,1,1
USER_03717,10,22,1,72,5,11,2,1
USER_03718,1,0,2,70,8,15,0,1
USER_03719,7,22,0,136,3,7,0,1
USER_03720,1,17,0,41,1,3,0,1
USER_03721,1,14,0,27,1,5,1,1
USER_03722,1,8,0,42,0,1,0,0
USER_03723,7,23,1,242,6,7,1,1
USER_03724,4,8,0,28,2,1,1,0
USER_03725,3,3,0,258,6,11,1,1
USER_03726,5,7,3,25,4,8,1,1
USER_03727,4,3,0,45,4,10,2,1
USER_03728,2,9,0,18,3,2,2,0
USER_03729,4,13,2,120,4,10,3,1
USER_03730,4,22,0,70,6,12,2,1
USER_03731,6,5,0,157,3,8,1,0
USER_03732,9,7,2,36,2,9,3,1
USER_03733,1,12,0,14,1,7,0,0
USER_03734,5,14,0,11,1,1,0,0
USER_03735,0,13,0,15,4,2,0,0
USER_03736,5,1,0,89,4,8,3,1
USER_03737,5,15,1,36,0,1,0,0
USER_03738,5,1,1,37,7,5,2,1
USER_03739,10,1,0,29,5,15,0,1
USER_03740,0,13,1,48,1,2,0,0
USER_03741,3,17,1,37,0,3,0,0
USER_03742,3,11,0,42,1,3,0,0
USER_03743,4,2,2,59,7,8,0,1
USER_03744,0,10,0,34,1,1,1,0
USER_03745,1,13,0,25,2,1,0,0
USER_03746,6,21,1,234,4,10,0,1
USER_03747,0,10,0,19,1,3,0,0
USER_03748,5,23,3,89,4,9,1,1
USER_03749,3,10,0,10,1,1,1,0
USER_03750,1,10,0,122,1,4,0,0
USER_03751,3,13,0,16,0,3,0,0
USER_03752,2,19,0,40,1,5,1,0
USER_03753,2,14,0,26,0,3,1,0
USER_03754,7,19,0,11,6,9,2,0
USER_03755,3,18,0,30,3,2,0,0
USER_03756,2,8,1,27,1,6,0,0
USER_03757,3,18,1,8,2,4,0,0
USER_03758,0,12,0,28,0,3,0,0
USER_03759,6,1,0,337,4,5,0,0
USER_03760,0,15,0,37,2,1,0,0
USER_03761,5,20,3,646,8,18,2,1
USER_03762,0,12,0,36,2,2,1,0
USER_03763,1,16,0,14,0,1,0,0
USER_03764,0,12,0,4,4,3,0,0
USER_03765,1,12,1,8,0,2,2,0
USER_03766,6,3,3,225,6,10,2,1
USER_03767,0,15,0,65,0,1,0,0
USER_03768,1,10,0,27,2,2,0,0
USER_03769,2,10,0,9,1,3,0,0
USER_03770,2,7,1,40,1,3,0,1
USER_03771,1,7,1,49,0,13,2,1
USER_03772,6,3,2,65,3,7,2,1
USER_03773,0,0,0,26,0,4,0,0
USER_03774,1,11,1,186,2,4,3,0
USER_03775,3,5,2,304,8,10,3,1
USER_03776,2,13,0,34,0,3,0,0
USER_03777,6,21,3,105,4,9,2,1
USER_03778,2,13,0,8,1,2,0,0
USER_03779,6,1,2,39,3,5,4,1
USER_03780,3,21,2,21,11,13,3,1
USER_03781,1,12,0,9,1,4,0,0
USER_03782,3,21,0,51,3,7,0,0
USER_03783,5,3,0,59,7,8,1,1
USER_03784,0,11,0,8,1,1,1,0
USER_03785,1,15,1,49,1,6,0,0
USER_03786,5,5,2,693,4,10,5,1
USER_03787,5,23,4,112,1,7,1,1
USER_03788,1,17,0,44,0,2,0,0
USER_03789,1,16,0,62,1,2,0,0
USER_03790,1,14,0,13,0,2,0,0
USER_03791,1,19,0,54,2,1,0,0
USER_03792,1,17,0,42,1,5,0,0
USER_03793,0,12,0,39,0,3,0,0
USER_03794,2,14,0,60,0,2,1,0
USER_03795,1,18,0,100,0,6,0,0
USER_03796,3,12,0,40,1,1,0,0
USER_03797,3,12,0,38,3,4,1,0
USER_03798,5,6,1,27,6,12,1,1
USER_03799,1,12,0,18,0,3,0,1
USER_03800,1,22,1,42,0,2,0,0
USER_03801,3,18,0,17,3,3,1,0
USER_03802,3,21,0,56,1,2,0,0
USER_03803,0,17,1,18,3,2,0,0
USER_03804,1,14,0,84,1,3,1,0
USER_03805,1,6,0,37,0,3,0,0
USER_03806,0,14,1,24,2,1,0,0
USER_03807,1,9,0,12,1,0,0,0
USER_03808,2,8,1,12,1,3,2,0
USER_03809,5,7,4,79,9,8,0,0
USER_03810,4,6,1,111,6,6,1,1
USER_03811,1,11,0,10,0,1,0,0
USER_03812,2,11,0,43,1,0,1,0
USER_03813,7,14,0,34,0,3,0,0
USER_03814,2,13,0,58,0,2,0,0
USER_03815,1,16,0,41,3,5,0,0
USER_03816,1,15,2,40,0,1,0,0
USER_03817,1,8,0,30,1,2,0,0
USER_03818,1,18,1,32,2,7,0,1
USER_03819,1,9,0,22,3,3,0,0
USER_03820,5,8,2,74,6,11,1,1
USER_03821,3,1,1,269,4,8,1,1
USER_03822,2,13,2,16,1,2,0,0
USER_03823,1,17,1,19,2,2,0,1
USER_03824,1,16,1,44,0,3,0,0
USER_03825,1,1,3,407,4,4,1,1
USER_03826,3,11,0,24,3,4,0,0
USER_03827,0,12,0,11,2,3,2,0
USER_03828,0,19,0,21,1,7,0,0
USER_03829,6,0,2,80,5,7,0,1
USER_03830,1,13,1,26,4,2,0,0
USER_03831,2,15,1,13,2,5,1,0
USER_03832,4,12,1,23,0,4,1,0
USER_03833,0,11,0,21,2,4,0,0
USER_03834,0,12,1,19,1,5,0,0
USER_03835,2,12,1,32,0,2,0,0
USER_03836,4,8,0,20,3,4,0,0
USER_03837,4,14,1,27,0,5,0,0
USER_03838,1,18,0,16,2,3,0,0
USER_03839,3,19,0,39,4,6,2,0
USER_03840,0,14,0,68,0,2,0,0
USER_03841,0,2,1,19,3,5,0,0
USER_03842,2,18,0,24,4,3,0,0
USER_03843,1,11,0,29,0,4,0,0
USER_03844,1,13,1,26,1,7,0,0
USER_03845,3,2,3,44,4,17,2,1
USER_03846,1,20,0,42,1,4,0,0
USER_03847,7,2,5,162,7,10,1,1
USER_03848,3,20,3,71,3,11,2,1
USER_03849,1,9,2,28,1,2,1,0
USER_03850,2,16,0,62,1,1,0,0
USER_03851,1,16,0,26,0,5,0,0
USER_03852,0,12,0,15,1,7,0,0
USER_03853,2,9,1,59,3,4,1,0
USER_03854,1,18,0,53,2,1,1,0
USER_03855,3,12,1,48,1,6,2,1
USER_03856,0,12,1,57,2,5,0,0
USER_03857,6,20,0,54,5,9,2,1
USER_03858,1,8,1,15,2,3,0,0
USER_03859,3,0,3,154,2,14,0,0
USER_03860,0,9,0,24,0,2,1,0
USER_03861,3,6,0,12,1,1,0,0
USER_03862,2,10,0,23,2,1,1,0
USER_03863,1,13,1,45,1,4,0,0
USER_03864,0,10,0,6,1,1,1,0
USER_03865,5,11,3,394,4,9,0,1
USER_03866,2,9,0,9,1,1,0,0
USER_03867,2,15,1,23,3,4,0,0
USER_03868,3,16,2,23,2,6,0,1
USER_03869,0,15,0,18,1,4,0,0
USER_03870,1,14,1,26,2,2,0,0
USER_03871,0,16,0,65,1,0,0,0
USER_03872,1,11,0,20,1,5,0,0
USER_03873,3,10,0,27,3,3,1,0
USER_03874,2,13,0,26,2,5,0,0
USER_03875,3,22,3,128,4,10,2,0
USER_03876,1,18,0,20,2,2,0,0
USER_03877,0,20,1,13,1,4,0,0
USER_03878,3,2,2,67,3,11,1,1
USER_03879,2,16,0,75,2,4,0,0
USER_03880,3,14,1,44,1,3,0,0
USER_03881,8,1,1,199,2,5,2,1
USER_03882,5,1,2,70,7,13,1,1
USER_03883,5,2,0,59,5,6,3,1
USER_03884,1,11,0,26,3,3,0,0
USER_03885,0,21,2,47,6,10,1,0
USER_03886,1,18,1,61,1,4,2,0
USER_03887,2,4,1,236,8,8,3,1
USER_03888,4,7,4,293,5,9,3,1
USER_03889,3,8,0,42,4,10,2,1
USER_03890,3,7,0,46,3,7,1,1
USER_03891,3,18,0,23,3,2,0,0
USER_03892,2,16,0,6,2,7,2,1
USER_03893,0,9,0,27,1,3,0,0
USER_03894,0,9,0,20,2,3,1,0
USER_03895,6,4,4,70,2,9,2,1
USER_03896,0,16,0,16,1,5,0,0
USER_03897,1,19,0,14,0,2,0,0
USER_03898,0,10,0,12,2,5,0,0
USER_03899,0,19,0,29,1,2,0,0
USER_03900,2,10,1,20,4,6,0,0
USER_03901,1,14,0,14,0,4,1,1
USER_03902,4,4,3,141,5,9,0,1
USER_03903,7,21,1,147,3,7,1,0
USER_03904,2,14,0,8,1,3,0,0
USER_03905,1,12,1,22,1,4,0,0
USER_03906,1,15,0,20,0,7,0,1
USER_03907,3,0,2,232,6,6,1,1
USER_03908,5,4,0,85,3,12,0,1
USER_03909,1,12,1,18,1,3,0,0
USER_03910,4,23,5,247,7,10,1,1
USER_03911,1,16,1,53,0,1,1,0
USER_03912,1,11,0,18,2,2,0,0
USER_03913,5,9,3,86,6,8,2,1
USER_03914,1,11,0,22,0,2,0,0
USER_03915,1,19,1,38,1,4,0,0
USER_03916,3,13,1,35,3,2,0,0
USER_03917,0,13,0,12,1,5,0,0
USER_03918,2,12,0,27,1,1,0,0
USER_03919,1,15,0,29,0,3,0,0
USER_03920,2,12,0,40,1,4,0,0
USER_03921,2,11,0,25,0,4,0,0
USER_03922,6,4,2,61,3,11,1,1
USER_03923,1,13,0,13,0,1,0,0
USER_03924,6,1,1,51,2,10,0,1
USER_03925,4,12,0,12,0,1,0,0
USER_03926,3,8,0,24,1,3,0,0
USER_03927,0,8,0,28,1,2,0,0
USER_03928,6,8,1,49,3,9,1,0
USER_03929,0,10,0,8,0,4,0,0
USER_03930,3,8,2,64,5,8,3,1
USER_03931,1,12,0,53,0,3,0,0
USER_03932,2,10,0,24,0,3,1,0
USER_03933,2,13,0,35,0,1,1,0
USER_03934,0,15,0,19,0,1,1,0
USER_03935,3,12,0,11,0,1,0,0
USER_03936,1,11,1,54,0,2,0,0
USER_03937,1,8,1,26,1,3,1,0
USER_03938,1,11,0,33,1,5,0,0
USER_03939,0,14,0,7,2,5,2,1
USER_03940,1,8,1,26,0,4,1,0
USER_03941,1,11,0,12,0,6,1,0
USER_03942,3,14,0,69,0,7,1,0
USER_03943,3,17,0,32,0,3,0,0
USER_03944,0,9,0,36,1,4,0,0
USER_03945,1,20,0,10,0,4,0,1
USER_03946,5,1,3,44,9,13,1,1
USER_03947,3,9,0,27,1,3,0,1
USER_03948,2,14,1,45,0,5,0,0
USER_03949,3,11,1,101,5,10,4,1
USER_03950,1,8,0,64,2,0,0,0
USER_03951,1,12,0,22,1,3,0,0
USER_03952,4,11,0,94,4,9,1,0
USER_03953,3,6,2,29,3,7,2,1
USER_03954,6,7,1,717,5,11,3,1
USER_03955,2,10,0,31,4,1,0,0
USER_03956,4,16,0,13,3,1,0,0
USER_03957,3,12,1,111,6,12,3,1
USER_03958,9,12,0,179,5,5,2,1
USER_03959,1,7,1,21,2,4,0,0
USER_03960,2,9,0,13,0,3,0,0
USER_03961,1,17,0,70,0,5,0,0
USER_03962,2,3,0,16,1,2,0,0
USER_03963,3,11,0,22,0,2,1,0
USER_03964,4,16,0,21,1,1,0,0
USER_03965,0,14,0,25,0,4,1,0
USER_03966,0,12,0,14,0,8,1,0
USER_03967,2,16,0,23,0,5,1,0
USER_03968,2,12,0,27,1,2,0,0
USER_03969,2,11,1,28,2,2,0,1
USER_03970,1,16,0,56,1,5,0,0
USER_03971,4,13,1,117,3,13,1,0
USER_03972,2,5,0,77,0,3,0,0
USER_03973,2,10,0,25,5,3,0,0
USER_03974,2,12,0,24,1,4,0,0
USER_03975,2,11,0,14,0,5,0,0
USER_03976,2,13,1,18,0,1,0,0
USER_03977,1,13,0,28,1,2,1,0
USER_03978,1,9,0,22,1,4,0,1
USER_03979,4,15,2,58,2,2,1,0
USER_03980,0,13,0,24,1,1,0,0
USER_03981,2,17,0,14,0,1,3,0
USER_03982,1,17,1,12,1,1,0,0
USER_03983,2,12,0,78,0,6,0,0
USER_03984,1,15,0,32,1,2,0,0
USER_03985,2,5,0,15,1,5,0,1
USER_03986,1,6,0,73,2,2,0,0
USER_03987,1,17,1,20,1,2,0,0
USER_03988,2,13,0,9,0,1,0,0
USER_03989,6,10,2,54,8,10,2,0
USER_03990,9,4,3,64,4,11,2,1
USER_03991,2,7,2,44,6,5,1,0
USER_03992,0,15,0,29,0,4,0,0
USER_03993,1,10,0,83,0,2,1,0
USER_03994,0,12,0,20,0,2,1,0
USER_03995,2,9,3,25,0,3,1,0
USER_03996,2,16,0,16,2,7,0,0
USER_03997,1,15,0,26,2,5,0,0
USER_03998,2,11,0,114,2,4,0,1
USER_03999,1,10,0,11,1,2,0,0
USER_04000,1,16,0,7,0,4,0,0
USER_04001,4,3,0,48,5,5,1,1
USER_04002,0,11,0,11,2,3,0,0
USER_04003,8,2,2,348,7,10,0,1
USER_04004,2,10,1,49,0,2,0,0
USER_04005,1,15,0,28,0,5,0,0
USER_04006,5,14,0,36,0,5,0,0
USER_04007,0,11,0,26,0,1,0,0
USER_04008,0,9,0,20,1,3,0,0
USER_04009,2,13,0,28,0,1,0,0
USER_04010,2,12,0,11,2,5,1,0
USER_04011,2,16,0,100,3,5,0,0
USER_04012,1,10,1,22,1,3,0,0
USER_04013,8,17,1,70,4,11,2,1
USER_04014,0,12,0,15,0,4,0,0
USER_04015,0,14,0,24,0,2,0,0
USER_04016,3,19,1,31,1,4,0,1
USER_04017,3,12,0,26,0,2,0,0
USER_04018,1,21,1,25,0,2,1,0
USER_04019,3,12,0,17,4,5,0,0
USER_04020,1,5,0,192,4,9,1,0
USER_04021,0,18,1,78,2,2,1,0
USER_04022,2,19,1,19,3,1,0,0
USER_04023,1,10,0,49,2,3,0,1
USER_04024,5,3,2,181,7,15,0,1
USER_04025,4,1,0,82,6,15,3,1
USER_04026,4,2,3,166,9,9,1,1
USER_04027,2,10,0,6,0,0,1,0
USER_04028,2,10,0,37,0,2,0,0
USER_04029,1,14,0,15,2,6,0,0
USER_04030,3,11,2,38,9,9,3,0
USER_04031,3,15,1,29,0,4,1,0
USER_04032,2,15,0,53,2,4,1,1
USER_04033,1,16,1,27,0,1,0,0
USER_04034,0,6,0,30,1,1,1,0
USER_04035,2,20,0,13,1,2,0,0
USER_04036,1,15,0,13,1,2,0,0
USER_04037,1,11,0,28,3,3,0,0
USER_04038,3,21,1,71,7,13,1,0
USER_04039,2,15,0,48,0,1,1,1
USER_04040,4,17,1,105,5,10,0,1
USER_04041,2,14,1,17,0,3,1,0
USER_04042,2,8,0,213,8,13,0,0
USER_04043,2,19,1,18,0,1,0,1
USER_04044,4,11,3,47,6,7,1,1
USER_04045,2,17,0,16,2,3,1,0
USER_04046,1,21,1,10,1,2,0,0
USER_04047,2,16,0,13,0,3,0,1
USER_04048,1,14,1,10,5,3,0,0
USER_04049,0,7,0,39,0,6,0,0
USER_04050,4,7,0,24,1,9,1,0
USER_04051,3,0,1,98,7,9,2,1
USER_04052,4,14,1,17,0,1,0,0
USER_04053,1,8,0,33,0,6,1,0
USER_04054,3,12,0,28,0,2,1,0
USER_04055,3,4,1,54,4,11,1,1
USER_04056,4,7,2,20,4,12,2,1
USER_04057,2,12,1,27,2,3,0,1
USER_04058,2,3,2,205,3,13,0,1
USER_04059,1,13,1,13,1,6,0,0
USER_04060,6,22,1,29,1,8,2,1
USER_04061,2,4,1,78,3,9,2,0
USER_04062,0,2,2,49,5,5,3,1
USER_04063,1,7,0,32,1,4,2,0
USER_04064,2,17,0,10,2,1,0,0
USER_04065,4,15,0,62,0,3,1,0
USER_04066,7,2,5,145,6,5,3,1
USER_04067,4,13,0,39,0,1,0,0
USER_04068,2,14,1,22,0,1,0,0
USER_04069,3,4,3,162,3,2,0,0
USER_04070,3,14,0,9,2,4,1,0
USER_04071,4,22,0,49,3,3,0,1
USER_04072,1,11,0,44,1,1,0,0
USER_04073,0,19,0,23,3,4,0,0
USER_04074,2,13,1,48,3,1,0,0
USER_04075,0,12,1,14,0,2,1,0
USER_04076,1,17,0,32,2,2,1,0
USER_04077,1,12,0,16,0,3,0,0
USER_04078,2,19,0,23,1,7,0,0
USER_04079,0,10,0,38,0,6,0,0
USER_04080,0,17,0,20,1,4,1,0
USER_04081,2,15,2,17,1,3,0,0
USER_04082,2,12,0,20,0,4,1,1
USER_04083,6,0,1,353,4,7,3,1
USER_04084,1,10,0,23,1,2,0,0
USER_04085,1,10,0,34,0,8,0,0
USER_04086,6,21,0,196,6,9,0,0
USER_04087,0,13,0,39,1,6,0,0
USER_04088,0,16,1,25,0,3,0,0
USER_04089,1,14,0,8,0,4,1,0
USER_04090,1,9,0,23,0,0,0,0
USER_04091,0,14,0,39,2,6,0,0
USER_04092,2,5,3,51,5,10,6,1
USER_04093,3,21,0,53,5,14,1,0
USER_04094,1,11,0,21,0,5,0,0
USER_04095,3,10,0,38,1,1,0,0
USER_04096,2,9,0,20,1,4,0,0
USER_04097,0,14,1,10,1,1,0,0
USER_04098,0,14,0,21,1,0,0,0
USER_04099,1,18,0,27,2,2,1,0
USER_04100,4,1,1,47,6,5,3,1
USER_04101,5,12,1,7,0,5,0,0
USER_04102,0,12,0,36,0,3,0,0
USER_04103,1,19,0,37,0,1,1,0
USER_04104,0,15,0,25,1,2,1,0
USER_04105,5,1,1,45,5,4,2,1
USER_04106,1,8,0,62,0,3,0,0
USER_04107,6,0,2,117,5,4,3,1
USER_04108,5,22,1,84,5,6,1,1
USER_04109,2,2,0,117,3,6,2,1
USER_04110,3,19,1,38,1,4,1,1
USER_04111,3,10,0,25,1,2,0,0
USER_04112,4,1,1,78,6,5,2,1
USER_04113,4,20,1,241,3,12,0,1
USER_04114,2,9,0,11,0,3,0,0
USER_04115,4,0,1,32,5,10,0,1
USER_04116,3,13,0,39,0,4,0,1
USER_04117,4,9,0,25,1,2,1,0
USER_04118,3,15,0,53,2,9,2,0
USER_04119,2,9,1,44,1,4,0,0
USER_04120,0,11,1,22,1,1,0,0
USER_04121,5,7,1,40,5,6,2,0
USER_04122,5,6,1,28,2,11,1,0
USER_04123,7,3,2,28,8,10,0,1
USER_04124,2,9,1,98,0,3,0,0
USER_04125,2,23,0,86,5,12,3,1
USER_04126,2,13,0,52,0,2,0,0
USER_04127,2,10,0,25,2,5,0,0
USER_04128,0,10,0,48,2,4,0,0
USER_04129,1,20,3,73,5,17,2,0
USER_04130,3,9,2,70,4,12,1,1
USER_04131,0,5,1,72,2,18,0,1
USER_04132,3,9,0,13,0,2,0,0
USER_04133,2,12,1,56,0,4,0,0
USER_04134,4,17,0,18,1,0,0,0
USER_04135,1,20,0,26,0,3,0,0
USER_04136,2,16,0,8,0,4,0,0
USER_04137,3,14,0,30,1,4,2,0
USER_04138,8,17,3,66,6,14,0,1
USER_04139,2,23,0,44,5,8,1,0
USER_04140,7,17,2,22,5,4,1,1
USER_04141,1,16,0,16,0,4,1,0
USER_04142,4,15,0,24,1,3,0,0
USER_04143,0,16,0,22,1,0,0,0
USER_04144,0,15,0,11,0,2,0,0
USER_04145,2,10,0,37,2,2,2,0
USER_04146,3,15,0,16,2,1,1,0
USER_04147,4,10,0,26,0,3,0,0
USER_04148,4,16,0,53,0,4,1,0
USER_04149,0,12,0,15,0,3,1,0
USER_04150,2,8,0,42,2,4,1,0
USER_04151,2,8,1,16,1,4,1,0
USER_04152,3,21,0,38,2,2,0,0
USER_04153,3,9,0,11,1,5,0,0
USER_04154,0,16,3,30,0,4,0,1
USER_04155,1,15,0,10,1,4,0,1
USER_04156,0,16,0,18,3,1,0,0
USER_04157,1,0,4,43,5,7,1,1
USER_04158,0,12,0,30,0,6,0,0
USER_04159,1,10,0,26,2,3,0,0
USER_04160,6,16,0,28,2,3,0,0
USER_04161,2,18,0,33,1,0,1,0
USER_04162,2,13,0,22,0,1,0,0
USER_04163,4,19,1,42,3,11,1,1
USER_04164,2,14,0,12,0,3,1,0
USER_04165,5,12,0,21,0,0,1,0
USER_04166,2,13,1,26,0,1,1,0
USER_04167,0,15,0,34,1,4,0,0
USER_04168,4,8,1,30,1,4,1,0
USER_04169,2,14,0,23,1,4,2,0
USER_04170,1,12,0,26,1,3,0,0
USER_04171,2,3,1,100,8,6,2,1
USER_04172,1,14,2,55,6,11,0,1
USER_04173,8,10,0,19,6,9,2,1
USER_04174,0,13,0,24,2,4,0,0
USER_04175,7,2,1,203,9,6,3,1
USER_04176,2,13,0,32,1,1,0,0
USER_04177,0,12,1,40,1,3,1,0
USER_04178,1,0,2,56,4,10,1,1
USER_04179,1,13,0,45,1,3,0,0
USER_04180,5,6,2,13,6,6,2,1
USER_04181,4,23,0,109,6,4,2,1
USER_04182,1,8,0,43,1,4,0,0
USER_04183,3,13,0,47,1,3,1,0
USER_04184,3,12,0,18,1,3,1,0
USER_04185,3,2,4,65,6,11,1,1
USER_04186,3,2,3,116,8,5,3,1
USER_04187,2,14,0,13,0,4,0,0
USER_04188,0,11,0,16,1,4,0,0
USER_04189,0,14,0,39,0,3,1,0
USER_04190,3,14,0,25,2,8,0,0
USER_04191,2,15,0,9,0,4,0,0
USER_04192,5,2,1,81,3,5,1,1
USER_04193,2,13,0,45,2,5,2,0
USER_04194,4,0,0,342,6,9,1,1
USER_04195,1,14,2,21,0,0,0,0
USER_04196,2,18,0,42,0,2,0,1
USER_04197,5,15,0,10,0,1,0,0
USER_04198,7,2,1,18,6,9,1,0
USER_04199,1,21,0,23,2,2,0,0
USER_04200,2,18,0,23,1,3,1,0
USER_04201,0,8,0,26,0,2,0,0
USER_04202,6,1,2,109,2,14,1,1
USER_04203,0,19,0,26,1,7,0,0
USER_04204,1,15,1,7,2,3,0,1
USER_04205,4,19,0,71,3,9,0,1
USER_04206,2,18,3,662,4,8,0,0
USER_04207,1,10,1,48,1,4,0,0
USER_04208,0,18,1,32,0,5,0,0
USER_04209,1,15,1,32,3,5,0,1
USER_04210,0,12,0,25,2,9,3,0
USER_04211,1,10,0,39,1,1,0,0
USER_04212,3,15,1,48,3,6,0,0
USER_04213,3,13,0,10,3,6,1,1
USER_04214,2,14,0,8,0,6,0,1
USER_04215,3,15,0,43,0,3,0,0
USER_04216,1,14,1,17,1,4,0,0
USER_04217,3,8,0,21,1,2,1,0
USER_04218,1,16,1,34,0,1,1,0
USER_04219,7,8,0,81,6,11,1,1
USER_04220,3,20,0,36,1,0,1,0
USER_04221,3,11,0,50,0,1,1,0
USER_04222,0,17,0,31,1,1,1,0
USER_04223,0,17,0,15,0,5,0,0
USER_04224,4,17,0,41,0,4,0,1
USER_04225,2,14,0,8,1,3,0,0
USER_04226,3,19,1,142,3,8,1,1
USER_04227,0,12,0,18,1,2,1,0
USER_04228,0,9,0,40,0,3,0,0
USER_04229,4,8,0,20,1,2,0,0
USER_04230,1,16,0,10,0,6,0,0
USER_04231,5,0,1,68,8,13,0,1
USER_04232,0,6,1,33,0,4,0,0
USER_04233,4,6,0,21,2,4,2,0
USER_04234,5,21,0,29,1,10,1,1
USER_04235,1,15,0,29,0,4,0,0
USER_04236,1,10,0,19,4,5,0,0
USER_04237,1,11,0,32,1,3,0,0
USER_04238,8,10,1,208,3,13,2,1
USER_04239,3,16,0,19,2,2,1,0
USER_04240,1,15,1,28,0,4,0,0
USER_04241,2,19,2,76,4,4,1,0
USER_04242,2,3,1,61,0,12,0,1
USER_04243,1,14,0,11,0,2,0,0
USER_04244,3,14,0,30,1,1,1,0
USER_04245,0,4,2,34,3,10,1,1
USER_04246,2,7,0,32,1,0,1,0
USER_04247,6,5,2,575,8,11,0,1
USER_04248,2,10,0,26,0,3,1,0
USER_04249,1,18,1,43,2,6,0,0
USER_04250,3,0,1,118,8,13,0,1
USER_04251,3,10,0,18,0,3,0,0
USER_04252,0,12,0,27,0,3,0,0
USER_04253,4,14,1,34,1,0,1,0
USER_04254,2,11,0,37,1,4,0,1
USER_04255,1,20,1,82,7,10,1,0
USER_04256,1,12,1,108,1,2,0,0
USER_04257,0,14,0,13,2,2,0,0
USER_04258,0,12,0,21,0,0,2,0
USER_04259,5,1,1,29,11,10,1,1
USER_04260,2,10,2,38,0,2,1,0
USER_04261,8,4,2,80,3,11,2,1
USER_04262,4,9,1,146,4,10,3,0
USER_04263,2,15,0,43,1,6,0,0
USER_04264,4,22,2,86,8,9,2,1
USER_04265,1,9,0,49,2,4,0,1
USER_04266,0,12,2,24,2,8,0,0
USER_04267,0,7,0,13,1,2,0,0
USER_04268,6,5,0,105,5,7,0,1
USER_04269,8,23,1,147,5,7,1,1
USER_04270,4,12,1,144,8,5,1,1
USER_04271,4,8,2,184,8,6,2,0
USER_04272,2,15,0,35,0,4,1,1
USER_04273,3,4,4,25,5,7,1,1
USER_04274,3,3,3,122,5,2,3,1
USER_04275,2,15,0,58,2,2,0,0
USER_04276,0,12,1,11,0,5,1,0
USER_04277,2,12,0,69,0,6,0,0
USER_04278,5,11,1,134,6,9,2,1
USER_04279,1,12,2,12,2,4,0,0
USER_04280,7,4,2,51,3,6,0,1
USER_04281,5,8,0,8,0,4,1,0
USER_04282,4,10,0,33,2,2,0,0
USER_04283,2,14,1,16,2,7,0,0
USER_04284,2,9,2,62,0,1,0,0
USER_04285,6,4,2,35,4,5,3,1
USER_04286,2,16,2,28,0,1,0,0
USER_04287,4,8,4,68,2,7,2,1
USER_04288,0,16,0,27,2,3,0,0
USER_04289,5,1,1,13,4,3,1,1
USER_04290,3,20,0,84,1,1,0,0
USER_04291,0,15,0,60,1,3,1,0
USER_04292,2,15,0,73,1,1,0,0
USER_04293,1,12,0,28,1,2,0,0
USER_04294,5,13,0,24,4,5,0,1
USER_04295,3,1,1,74,10,8,3,1
USER_04296,2,9,1,13,0,3,1,0
USER_04297,1,11,0,35,2,2,2,0
USER_04298,3,12,1,34,1,1,0,0
USER_04299,0,14,0,29,0,1,0,0
USER_04300,0,15,2,40,1,1,1,0
USER_04301,1,15,2,12,2,4,1,0
USER_04302,7,11,0,69,4,4,1,1
USER_04303,4,0,2,33,4,10,2,1
USER_04304,1,16,0,11,2,3,0,0
USER_04305,2,13,0,16,0,4,0,0
USER_04306,1,11,0,42,2,4,0,0
USER_04307,1,14,0,14,0,1,0,0
USER_04308,4,12,0,24,1,0,1,0
USER_04309,5,18,3,286,5,11,1,1
USER_04310,0,13,1,16,1,2,0,0
USER_04311,0,10,0,113,0,0,1,0
USER_04312,4,10,0,78,6,6,2,1
USER_04313,2,17,0,33,1,4,1,0
USER_04314,5,2,0,115,5,7,0,1
USER_04315,0,12,1,17,2,4,0,0
USER_04316,1,12,0,33,2,2,0,0
USER_04317,5,4,1,35,4,4,0,1
USER_04318,4,2,1,235,1,8,0,1
USER_04319,8,9,3,184,2,7,2,1
USER_04320,1,17,0,12,3,0,0,0
USER_04321,4,0,1,99,3,4,1,1
USER_04322,2,12,0,11,0,5,0,0
USER_04323,1,17,1,22,1,1,0,0
USER_04324,1,10,1,33,2,4,0,0
USER_04325,1,14,0,17,2,3,2,0
USER_04326,1,8,0,20,1,1,0,0
USER_04327,2,12,0,58,1,2,0,0
USER_04328,3,3,1,118,8,4,2,1
USER_04329,4,9,3,40,1,11,2,1
USER_04330,7,2,0,30,10,3,5,1
USER_04331,2,13,0,33,3,2,1,0
USER_04332,4,11,1,72,3,4,2,0
USER_04333,0,11,1,24,2,1,1,1
USER_04334,2,12,0,9,1,2,0,1
USER_04335,4,10,3,356,6,10,2,0
USER_04336,3,17,0,28,3,4,0,0
USER_04337,2,15,0,35,1,2,0,0
USER_04338,0,16,0,56,0,2,0,0
USER_04339,2,13,0,10,0,2,1,0
USER_04340,2,0,3,256,6,9,1,1
USER_04341,3,8,0,16,0,3,0,0
USER_04342,1,8,0,73,0,2,0,0
USER_04343,5,13,0,22,2,5,0,0
USER_04344,0,18,0,51,1,1,0,0
USER_04345,3,6,1,41,5,4,3,0
USER_04346,2,7,1,25,6,9,3,1
USER_04347,10,5,2,59,4,5,3,1
USER_04348,7,1,2,140,3,5,0,1
USER_04349,3,11,0,9,0,3,0,0
USER_04350,2,2,2,32,8,4,2,1
USER_04351,1,18,0,40,1,1,0,0
USER_04352,2,13,1,28,1,1,0,0
USER_04353,1,9,0,7,1,1,1,0
USER_04354,3,19,1,20,0,0,1,0
USER_04355,6,4,1,50,6,6,1,1
USER_04356,2,10,0,34,2,2,0,1
USER_04357,4,4,1,56,3,9,2,1
USER_04358,4,16,0,13,0,3,0,0
USER_04359,2,16,0,32,0,3,0,0
USER_04360,3,23,1,142,7,8,1,1
USER_04361,1,19,0,14,0,3,0,0
USER_04362,0,9,0,21,2,1,1,0
USER_04363,1,15,0,37,1,1,0,0
USER_04364,5,21,2,65,7,9,3,1
USER_04365,6,19,2,115,8,12,4,1
USER_04366,2,12,1,21,1,1,0,0
USER_04367,2,17,2,12,1,5,0,0
USER_04368,2,13,0,20,1,4,0,1
USER_04369,4,18,0,26,1,7,0,0
USER_04370,2,9,0,27,1,4,0,0
USER_04371,2,19,1,47,1,1,0,0
USER_04372,2,7,1,28,1,2,1,0
USER_04373,2,19,1,13,0,2,0,0
USER_04374,5,11,0,36,3,4,0,1
USER_04375,0,15,1,17,0,0,1,0
USER_04376,2,11,0,14,2,2,0,0
USER_04377,9,2,5,132,4,10,1,1
USER_04378,2,12,0,30,1,2,0,0
USER_04379,6,20,1,95,0,11,1,1
USER_04380,3,14,0,18,0,4,0,1
USER_04381,0,17,0,42,1,7,0,0
USER_04382,0,15,0,59,0,1,0,0
USER_04383,1,14,0,46,0,2,0,0
USER_04384,2,19,1,43,1,1,0,0
USER_04385,4,16,0,404,7,5,1,0
USER_04386,8,3,1,15,6,13,0,1
USER_04387,2,9,0,19,1,2,0,0
USER_04388,1,20,1,35,0,4,0,1
USER_04389,7,9,2,35,2,11,1,0
USER_04390,0,13,1,15,0,4,0,0
USER_04391,0,11,2,21,0,4,0,0
USER_04392,3,11,2,53,8,10,1,0
USER_04393,2,20,0,8,0,2,0,0
USER_04394,0,9,0,22,0,4,1,0
USER_04395,1,10,0,33,0,6,0,0
USER_04396,2,12,0,26,0,3,0,0
USER_04397,1,11,0,78,0,4,0,0
USER_04398,4,0,0,114,3,6,1,0
USER_04399,1,16,1,32,0,8,1,0
USER_04400,2,12,1,58,2,4,1,0
USER_04401,3,23,1,182,9,6,3,1
USER_04402,4,23,1,247,5,8,0,1
USER_04403,1,10,0,31,1,4,0,1
USER_04404,0,15,0,56,7,1,0,1
USER_04405,1,12,1,9,0,2,0,0
USER_04406,2,12,0,9,0,2,1,0
USER_04407,3,22,0,80,7,15,1,1
USER_04408,1,8,0,25,3,1,0,0
USER_04409,10,5,2,69,4,12,3,1
USER_04410,1,13,0,18,0,3,0,0
USER_04411,1,11,0,14,2,3,1,0
USER_04412,0,19,0,18,2,4,1,0
USER_04413,3,23,0,97,4,5,1,0
USER_04414,4,7,0,10,0,1,1,0
USER_04415,1,17,1,10,0,4,0,0
USER_04416,2,1,1,225,5,10,3,1
USER_04417,3,9,0,69,0,4,2,0
USER_04418,1,13,0,12,0,3,0,0
USER_04419,4,16,0,27,2,2,0,0
USER_04420,1,7,0,21,2,2,0,0
USER_04421,0,16,1,13,1,4,0,0
USER_04422,1,12,0,20,0,4,1,0
USER_04423,0,13,2,25,0,1,1,0
USER_04424,3,17,0,29,0,2,0,0
USER_04425,1,10,0,19,0,0,0,0
USER_04426,3,9,1,42,0,4,0,0
USER_04427,0,16,0,18,3,2,0,0
USER_04428,1,13,0,13,1,3,0,0
USER_04429,0,12,1,78,1,2,0,0
USER_04430,0,8,0,25,0,4,0,0
USER_04431,1,12,0,14,2,3,0,0
USER_04432,7,6,3,21,6,10,1,1
USER_04433,6,1,0,24,7,9,4,1
USER_04434,1,7,1,29,1,3,0,1
USER_04435,1,11,3,9,1,3,0,0
USER_04436,1,14,0,6,1,2,0,0
USER_04437,5,13,0,136,3,8,0,0
USER_04438,1,12,0,10,0,3,0,0
USER_04439,1,10,0,77,3,5,1,1
USER_04440,4,10,0,17,0,2,0,0
USER_04441,1,12,0,19,1,6,0,0
USER_04442,1,13,0,23,0,1,0,0
USER_04443,4,4,2,129,8,8,1,1
USER_04444,11,23,1,72,7,6,1,1
USER_04445,0,14,1,40,2,0,1,0
USER_04446,3,9,0,44,1,4,1,0
USER_04447,0,17,0,22,2,6,0,0
USER_04448,2,10,0,29,3,2,0,0
USER_04449,1,10,0,50,2,3,1,0
USER_04450,1,11,0,22,0,1,2,1
USER_04451,1,6,0,23,4,9,0,0
USER_04452,4,4,1,65,6,6,2,0
USER_04453,1,17,0,15,2,7,0,0
USER_04454,2,16,0,30,0,1,1,0
USER_04455,1,10,0,56,0,3,2,0
USER_04456,0,15,0,19,4,1,0,0
USER_04457,1,11,0,36,0,0,0,0
USER_04458,0,9,0,46,1,4,0,0
USER_04459,1,12,0,57,2,3,0,0
USER_04460,4,21,1,85,10,10,1,1
USER_04461,1,16,0,30,1,4,0,0
USER_04462,1,5,1,19,1,0,0,0
USER_04463,1,12,0,16,1,1,0,0
USER_04464,5,5,1,25,7,10,0,1
USER_04465,3,5,0,33,2,2,0,0
USER_04466,1,11,0,9,0,0,1,0
USER_04467,2,12,0,38,1,4,0,0
USER_04468,1,14,1,12,0,5,0,0
USER_04469,3,2,0,44,3,8,0,1
USER_04470,1,14,1,22,1,2,1,0
USER_04471,2,22,0,187,8,4,6,1
USER_04472,1,12,0,41,1,1,0,0
USER_04473,0,17,1,33,1,2,0,0
USER_04474,1,12,0,18,1,3,0,0
USER_04475,3,16,0,60,0,4,0,0
USER_04476,3,11,0,22,2,6,0,0
USER_04477,2,10,0,16,3,3,0,0
USER_04478,1,8,0,32,0,4,0,0
USER_04479,3,1,1,19,6,12,1,1
USER_04480,4,18,0,19,2,7,2,0
USER_04481,1,14,0,17,0,4,1,0
USER_04482,2,15,0,25,0,3,0,0
USER_04483,4,0,1,60,8,13,2,1
USER_04484,0,16,0,20,1,4,0,0
USER_04485,4,5,2,134,8,11,1,1
USER_04486,1,15,2,52,0,4,0,0
USER_04487,2,4,2,51,5,8,0,1
USER_04488,1,14,0,15,2,1,0,0
USER_04489,2,10,0,54,3,4,0,0
USER_04490,3,13,0,10,0,3,0,0
USER_04491,3,13,0,14,1,4,0,1
USER_04492,1,3,0,214,4,4,0,1
USER_04493,4,4,3,67,9,14,1,1
USER_04494,1,11,1,18,1,1,1,0
USER_04495,2,3,0,35,0,4,0,0
USER_04496,2,18,0,43,2,2,0,0
USER_04497,1,13,0,45,0,2,0,0
USER_04498,5,13,0,56,0,3,2,0
USER_04499,6,0,0,58,2,8,1,1
USER_04500,6,5,3,67,7,9,0,1
USER_04501,3,16,1,16,0,0,0,0
USER_04502,3,17,2,16,0,5,1,0
USER_04503,0,14,0,10,4,1,0,0
USER_04504,3,14,1,62,1,3,0,0
USER_04505,0,15,2,53,1,2,1,0
USER_04506,2,8,1,97,2,4,0,0
USER_04507,0,6,0,40,1,2,1,0
USER_04508,0,6,1,32,2,2,2,0
USER_04509,2,3,3,211,4,13,2,1
USER_04510,1,11,0,49,0,3,0,0
USER_04511,3,12,0,32,1,2,0,0
USER_04512,1,14,0,11,0,3,1,0
USER_04513,3,23,0,56,4,8,2,1
USER_04514,3,15,0,11,0,4,1,0
USER_04515,1,14,1,31,0,4,0,0
USER_04516,1,14,0,43,2,2,0,1
USER_04517,3,21,1,20,0,4,0,0
USER_04518,2,10,0,16,2,5,0,0
USER_04519,6,4,5,122,4,13,2,1
USER_04520,1,13,0,29,3,0,2,0
USER_04521,0,13,0,35,0,3,0,0
USER_04522,2,15,1,31,2,2,2,0
USER_04523,3,23,3,113,4,13,1,1
USER_04524,4,2,4,342,6,4,3,1
USER_04525,6,10,1,46,5,7,0,0
USER_04526,2,15,0,9,1,4,0,0
USER_04527,3,19,3,10,5,9,3,1
USER_04528,4,15,0,26,0,3,0,0
USER_04529,3,20,1,48,1,2,0,0
USER_04530,2,11,0,63,3,3,0,0
USER_04531,2,5,0,81,2,11,5,1
USER_04532,2,16,0,79,0,1,1,0
USER_04533,2,14,0,34,1,5,0,0
USER_04534,1,13,0,29,0,3,0,0
USER_04535,2,10,0,30,0,4,2,0
USER_04536,1,12,1,40,1,5,0,0
USER_04537,0,18,0,26,2,4,1,0
USER_04538,3,6,3,978,6,15,1,1
USER_04539,3,7,0,44,2,2,1,0
USER_04540,3,13,0,51,0,4,1,0
USER_04541,0,7,1,26,0,2,1,0
USER_04542,4,10,0,24,1,4,1,0
USER_04543,3,4,1,168,6,9,1,1
USER_04544,0,9,0,20,1,2,0,0
USER_04545,3,11,2,51,2,3,0,0
USER_04546,0,11,2,26,2,2,0,1
USER_04547,5,5,1,45,2,10,1,1
USER_04548,3,12,0,17,0,2,0,0
USER_04549,4,19,2,11,1,10,3,0
USER_04550,1,13,0,36,0,3,0,0
USER_04551,1,10,1,69,0,1,0,0
USER_04552,2,7,0,8,1,4,2,0
USER_04553,1,10,0,46,1,2,2,1
USER_04554,3,12,0,27,1,2,0,0
USER_04555,1,15,0,26,1,4,0,0
USER_04556,4,22,0,46,11,10,2,1
USER_04557,4,15,2,131,4,8,0,0
USER_04558,2,23,2,54,6,8,1,1
USER_04559,1,16,0,61,2,3,1,0
USER_04560,3,5,2,15,7,7,1,1
USER_04561,7,8,1,89,7,5,3,1
USER_04562,1,11,0,5,1,5,0,0
USER_04563,5,10,0,9,2,5,1,0
USER_04564,2,0,3,76,5,9,1,1
USER_04565,3,12,0,47,0,2,0,0
USER_04566,4,9,0,34,0,5,0,0
USER_04567,5,9,0,87,3,9,2,1
USER_04568,1,20,0,44,0,0,1,0
USER_04569,1,14,1,21,1,3,0,0
USER_04570,1,15,0,54,2,0,1,0
USER_04571,0,11,0,66,0,3,0,0
USER_04572,4,8,1,26,4,7,2,1
USER_04573,2,9,1,39,1,2,0,0
USER_04574,0,11,0,38,1,2,0,0
USER_04575,7,4,0,123,9,10,2,1
USER_04576,0,13,0,10,0,3,1,0
USER_04577,4,0,3,38,7,8,3,1
USER_04578,1,13,0,30,0,8,1,0
USER_04579,2,14,0,37,1,3,0,0
USER_04580,0,16,2,56,2,1,0,0
USER_04581,1,18,0,26,0,2,2,0
USER_04582,5,5,0,42,6,9,1,1
USER_04583,5,2,1,228,7,5,3,1
USER_04584,3,1,1,345,9,9,1,1
USER_04585,2,14,0,18,2,2,0,0
USER_04586,5,5,1,137,3,5,4,1
USER_04587,2,9,0,19,2,2,0,0
USER_04588,6,1,2,8,8,12,4,1
USER_04589,2,14,0,13,0,5,0,0
USER_04590,7,9,5,68,6,7,1,0
USER_04591,3,12,0,58,1,3,1,1
USER_04592,0,9,0,33,0,5,0,0
USER_04593,4,1,2,111,5,7,0,1
USER_04594,0,9,1,39,1,0,0,0
USER_04595,2,13,2,61,3,5,1,0
USER_04596,3,1,1,130,3,6,2,1
USER_04597,2,10,1,17,1,7,0,0
USER_04598,2,19,0,31,0,2,0,0
USER_04599,2,12,0,25,0,2,0,0
USER_04600,2,13,0,16,0,2,0,0
USER_04601,3,8,0,29,1,1,0,0
USER_04602,7,4,3,175,5,6,1,1
USER_04603,3,16,0,123,3,6,3,0
USER_04604,1,13,0,15,2,3,0,0
USER_04605,1,9,1,8,1,1,0,0
USER_04606,0,18,0,46,1,2,1,0
USER_04607,1,1,1,16,5,12,1,1
USER_04608,1,11,0,34,1,3,0,0
USER_04609,0,7,0,75,1,4,0,0
USER_04610,3,6,1,56,2,13,1,0
USER_04611,3,14,2,108,5,3,5,0
USER_04612,0,12,0,31,1,3,0,0
USER_04613,0,10,2,93,2,6,0,0
USER_04614,2,17,0,33,2,2,0,1
USER_04615,0,6,0,11,0,3,0,0
USER_04616,0,8,0,10,1,5,0,0
USER_04617,4,16,0,42,1,2,0,0
USER_04618,2,11,0,15,2,2,0,0
USER_04619,2,18,0,28,1,6,0,0
USER_04620,3,13,0,36,0,0,0,0
USER_04621,0,14,1,20,1,2,0,0
USER_04622,2,21,4,162,5,9,0,1
USER_04623,1,14,0,13,0,1,0,0
USER_04624,4,6,2,59,6,5,2,1
USER_04625,3,12,0,33,2,3,0,0
USER_04626,0,17,0,12,0,2,0,0
USER_04627,5,5,0,25,3,7,1,1
USER_04628,1,14,0,35,1,6,0,0
USER_04629,1,12,0,32,2,5,0,0
USER_04630,0,15,0,24,0,3,0,0
USER_04631,3,17,1,27,1,5,1,0
USER_04632,0,11,1,32,1,3,0,0
USER_04633,1,10,0,27,0,5,0,0
USER_04634,3,10,1,57,0,3,0,0
USER_04635,5,16,0,55,3,4,0,0
USER_04636,3,14,0,29,0,2,0,0
USER_04637,1,13,1,16,3,7,0,0
USER_04638,1,12,0,15,0,3,0,0
USER_04639,1,11,0,25,0,2,0,0
USER_04640,2,16,0,22,0,1,1,0
USER_04641,0,14,0,36,1,0,0,0
USER_04642,1,19,0,71,0,4,0,0
USER_04643,1,13,1,31,1,2,0,0
USER_04644,4,14,1,17,0,4,1,0
USER_04645,2,11,0,12,0,4,0,0
USER_04646,8,1,2,34,3,14,1,1
USER_04647,4,4,1,98,4,13,0,1
USER_04648,2,17,1,14,1,4,0,0
USER_04649,0,11,0,25,0,3,0,0
USER_04650,4,11,1,54,3,1,0,0
USER_04651,4,5,2,30,5,11,3,0
USER_04652,5,18,0,49,7,10,2,1
USER_04653,0,11,1,41,1,2,0,0
USER_04654,0,8,0,65,1,4,2,0
USER_04655,3,14,0,38,0,3,0,0
USER_04656,7,23,1,83,6,3,1,1
USER_04657,6,5,1,54,6,12,1,1
USER_04658,1,14,1,17,3,3,0,0
USER_04659,4,7,0,19,1,3,0,0
USER_04660,3,10,0,11,1,3,0,0
USER_04661,0,17,2,18,2,1,0,0
USER_04662,7,19,1,87,5,11,1,1
USER_04663,2,14,0,12,1,4,0,0
USER_04664,2,18,0,23,0,3,0,0
USER_04665,0,12,1,10,2,3,0,0
USER_04666,1,17,1,35,1,6,1,0
USER_04667,3,3,1,23,5,6,2,0
USER_04668,2,19,0,29,2,3,2,0
USER_04669,5,3,2,130,6,6,0,1
USER_04670,3,9,2,28,3,3,0,0
USER_04671,3,9,0,15,3,5,1,0
USER_04672,3,18,1,13,0,4,1,0
USER_04673,0,18,0,26,0,5,0,0
USER_04674,2,10,0,53,1,2,0,0
USER_04675,1,11,0,9,0,4,0,0
USER_04676,2,5,0,13,1,2,0,0
USER_04677,0,9,0,45,1,2,0,0
USER_04678,1,12,0,25,0,1,0,0
USER_04679,2,12,0,27,1,3,2,0
USER_04680,3,7,3,20,7,10,3,1
USER_04681,6,2,3,14,7,10,3,1
USER_04682,0,19,0,14,2,4,0,0
USER_04683,1,1,1,127,7,9,3,1
USER_04684,5,5,1,161,8,12,2,1
USER_04685,2,3,0,109,4,8,1,0
USER_04686,1,13,0,13,0,3,0,0
USER_04687,0,13,0,19,1,0,0,0
USER_04688,0,13,0,10,0,3,0,0
USER_04689,6,0,1,218,7,7,3,1
USER_04690,7,17,3,153,8,14,1,1
USER_04691,2,6,0,13,1,3,0,0
USER_04692,1,12,0,8,2,3,0,0
USER_04693,2,20,2,106,6,9,2,1
USER_04694,4,5,2,222,3,5,5,1
USER_04695,0,14,0,52,0,1,0,0
USER_04696,0,13,0,18,2,5,0,0
USER_04697,1,15,0,17,1,4,1,0
USER_04698,2,14,0,22,1,3,1,0
USER_04699,1,10,0,38,0,1,0,0
USER_04700,3,19,1,84,2,12,1,1
USER_04701,6,4,0,83,3,9,1,1
USER_04702,0,10,0,14,0,1,0,0
USER_04703,1,16,0,36,1,1,0,0
USER_04704,2,16,0,12,3,3,0,1
USER_04705,3,11,1,18,1,3,1,0
USER_04706,1,12,1,24,1,2,0,0
USER_04707,2,8,2,15,1,2,1,0
USER_04708,3,9,0,30,2,3,0,0
USER_04709,2,14,1,16,2,3,0,1
USER_04710,0,11,0,64,0,1,0,0
USER_04711,3,23,3,95,7,10,0,1
USER_04712,2,15,0,23,1,2,0,0
USER_04713,2,15,0,60,0,2,0,0
USER_04714,7,22,1,69,5,11,1,1
USER_04715,0,17,0,29,1,3,0,0
USER_04716,2,11,0,34,1,5,0,0
USER_04717,1,10,0,28,1,2,0,0
USER_04718,2,9,1,37,2,6,0,0
USER_04719,2,17,0,29,0,3,1,0
USER_04720,1,11,0,30,1,2,1,0
USER_04721,0,13,0,71,4,4,0,1
USER_04722,2,20,0,61,1,4,0,1
USER_04723,2,10,0,12,2,5,0,0
USER_04724,3,13,1,24,3,4,1,1
USER_04725,1,13,0,22,1,0,0,0
USER_04726,2,13,0,8,0,7,0,0
USER_04727,7,3,4,87,7,6,4,1
USER_04728,0,14,0,14,0,2,0,0
USER_04729,1,14,0,42,1,2,0,0
USER_04730,0,19,0,10,0,3,0,0
USER_04731,0,8,0,21,1,1,0,0
USER_04732,2,5,3,134,6,7,0,0
USER_04733,1,13,0,40,1,3,0,1
USER_04734,0,15,0,26,0,3,0,0
USER_04735,2,20,3,130,3,7,3,0
USER_04736,5,10,2,26,7,7,1,1
USER_04737,2,17,0,17,1,6,0,0
USER_04738,0,16,0,15,1,5,1,0
USER_04739,2,11,0,40,0,0,0,1
USER_04740,0,19,0,13,0,3,0,0
USER_04741,1,12,0,22,0,0,0,0
USER_04742,1,12,2,12,2,2,1,0
USER_04743,6,0,1,281,1,5,1,0
USER_04744,1,14,0,33,1,1,0,1
USER_04745,1,20,1,21,1,2,0,0
USER_04746,1,20,0,8,2,2,0,0
USER_04747,1,12,0,39,1,4,1,1
USER_04748,1,11,0,19,1,2,1,0
USER_04749,8,2,1,43,4,10,3,1
USER_04750,0,18,0,32,4,2,1,0
USER_04751,0,14,0,43,0,4,1,0
USER_04752,1,16,1,7,0,3,0,0
USER_04753,3,15,1,17,0,5,0,0
USER_04754,0,17,0,35,2,2,0,0
USER_04755,3,18,0,9,8,12,0,1
USER_04756,0,11,0,10,1,3,0,0
USER_04757,1,14,0,12,3,2,0,0
USER_04758,3,1,3,82,4,12,1,1
USER_04759,0,16,0,23,0,2,0,0
USER_04760,8,22,0,52,3,4,3,1
USER_04761,2,15,1,63,3,1,2,1
USER_04762,2,14,0,24,2,1,0,0
USER_04763,4,19,0,50,2,12,1,0
USER_04764,1,15,1,53,0,1,0,0
USER_04765,4,9,0,16,0,3,1,0
USER_04766,2,9,0,27,1,3,0,0
USER_04767,1,17,0,18,2,3,1,0
USER_04768,0,12,0,40,0,3,0,0
USER_04769,1,8,0,41,1,5,0,0
USER_04770,5,0,1,80,4,6,3,1
USER_04771,1,16,0,16,1,5,0,0
USER_04772,0,11,0,14,1,3,0,1
USER_04773,3,17,0,35,2,4,0,0
USER_04774,1,16,0,19,2,2,0,0
USER_04775,3,17,0,12,3,4,0,0
USER_04776,2,15,0,32,1,4,2,0
USER_04777,3,9,0,12,1,4,0,1
USER_04778,2,12,1,14,3,1,0,0
USER_04779,1,15,0,21,0,6,0,0
USER_04780,1,10,0,28,1,4,0,0
USER_04781,1,15,1,28,1,2,0,0
USER_04782,6,4,0,59,0,14,1,1
USER_04783,5,3,1,74,3,11,2,1
USER_04784,1,7,0,42,1,2,0,0
USER_04785,1,3,0,199,9,5,0,1
USER_04786,8,10,2,43,4,7,1,1
USER_04787,0,13,0,18,1,1,0,0
USER_04788,2,2,0,59,4,4,1,1
USER_04789,0,15,1,59,1,6,1,0
USER_04790,1,14,0,11,1,4,0,0
USER_04791,3,15,0,15,0,1,1,0
USER_04792,5,21,2,41,2,3,0,0
USER_04793,2,9,0,41,0,4,0,0
USER_04794,3,22,0,433,4,8,2,0
USER_04795,0,13,0,6,1,2,1,1
USER_04796,0,14,1,16,0,6,0,0
USER_04797,4,11,1,20,0,0,2,0
USER_04798,2,8,0,15,0,3,1,0
USER_04799,4,3,1,149,8,6,1,1
USER_04800,9,6,0,33,7,13,0,1
USER_04801,2,20,1,44,2,3,0,0
USER_04802,2,10,0,15,0,7,0,0
USER_04803,3,12,0,26,1,2,0,0
USER_04804,0,17,1,12,0,1,0,1
USER_04805,4,7,1,108,6,10,0,1
USER_04806,4,4,1,67,2,10,2,1
USER_04807,4,14,0,14,1,1,0,0
USER_04808,1,9,0,64,0,3,0,0
USER_04809,1,7,0,34,0,2,0,0
USER_04810,0,21,0,8,3,4,1,0
USER_04811,1,12,0,20,0,4,0,0
USER_04812,3,16,1,21,1,5,0,0
USER_04813,0,12,0,8,1,0,0,0
USER_04814,3,17,0,123,6,5,3,1
USER_04815,0,13,0,22,1,2,0,0
USER_04816,1,8,0,43,1,4,0,0
USER_04817,2,11,0,52,1,0,0,0
USER_04818,2,16,0,83,2,3,0,0
USER_04819,2,14,0,28,0,2,1,0
USER_04820,0,13,0,20,0,3,0,0
USER_04821,5,20,2,26,6,8,0,0
USER_04822,2,15,1,30,0,1,1,0
USER_04823,0,11,0,15,1,3,1,0
USER_04824,5,23,1,34,6,6,1,1
USER_04825,1,10,0,27,0,2,1,1
USER_04826,1,13,0,72,1,2,1,0
USER_04827,1,13,0,19,0,2,0,0
USER_04828,1,12,0,22,1,1,0,0
USER_04829,3,21,3,139,1,9,1,0
USER_04830,5,15,2,27,6,10,1,1
USER_04831,0,8,1,21,1,1,0,1
USER_04832,0,11,0,59,1,1,0,0
USER_04833,1,14,1,20,1,1,0,0
USER_04834,3,4,2,79,6,9,0,1
USER_04835,4,10,2,39,2,3,0,0
USER_04836,7,0,1,33,5,8,1,1
USER_04837,1,15,0,19,1,3,0,0
USER_04838,1,13,0,29,3,6,1,1
USER_04839,1,14,0,20,0,6,0,1
USER_04840,0,11,1,13,1,4,0,0
USER_04841,3,4,0,15,8,9,3,1
USER_04842,0,16,0,38,0,6,0,1
USER_04843,2,15,1,42,1,6,2,0
USER_04844,0,11,0,10,0,1,1,0
USER_04845,3,11,0,32,0,2,0,1
USER_04846,1,12,1,52,2,3,0,0
USER_04847,3,7,0,41,0,3,1,0
USER_04848,1,12,0,16,2,4,0,0
USER_04849,1,16,1,29,1,3,2,1
USER_04850,1,17,4,62,3,6,0,0
USER_04851,2,19,0,15,2,2,0,0
USER_04852,3,23,0,11,7,8,1,1
USER_04853,4,3,3,22,4,14,0,1
USER_04854,0,10,0,90,1,3,1,0
USER_04855,0,15,1,15,0,2,0,0
USER_04856,2,22,0,49,4,14,1,0
USER_04857,0,9,0,48,0,3,0,0
USER_04858,1,15,1,7,3,5,0,0
USER_04859,4,14,0,29,2,0,1,0
USER_04860,1,10,0,8,1,1,0,0
USER_04861,1,19,1,9,2,1,0,0
USER_04862,2,3,1,128,5,5,2,1
USER_04863,2,15,0,43,1,3,0,0
USER_04864,5,7,5,9,6,11,0,0
USER_04865,1,9,0,14,2,5,0,0
USER_04866,0,18,0,30,1,3,0,0
USER_04867,2,10,2,35,0,5,0,1
USER_04868,4,15,1,33,0,3,0,0
USER_04869,2,16,0,9,1,3,0,0
USER_04870,0,8,0,30,0,0,0,0
USER_04871,0,12,0,46,1,6,0,0
USER_04872,4,10,1,26,0,4,0,0
USER_04873,2,14,0,33,3,2,0,0
USER_04874,1,10,0,54,3,2,0,0
USER_04875,0,10,0,13,1,2,1,0
USER_04876,0,8,0,23,0,1,0,0
USER_04877,1,13,0,13,0,1,0,0
USER_04878,0,7,0,20,0,0,0,0
USER_04879,3,18,0,13,2,4,1,0
USER_04880,5,12,0,25,0,3,0,0
USER_04881,2,16,0,66,0,5,0,0
USER_04882,0,13,0,21,2,6,0,0
USER_04883,1,14,0,27,1,4,1,0
USER_04884,1,8,1,60,2,3,0,0
USER_04885,7,0,1,33,11,10,0,1
USER_04886,3,21,0,61,8,6,5,0
USER_04887,2,18,0,24,1,1,1,0
USER_04888,0,11,0,19,2,7,0,0
USER_04889,2,15,0,54,1,6,0,1
USER_04890,2,1,2,106,5,4,0,0
USER_04891,6,15,0,21,1,5,0,1
USER_04892,1,7,1,50,0,2,0,0
USER_04893,2,7,1,27,0,4,1,0
USER_04894,2,16,0,16,0,2,1,0
USER_04895,1,16,2,19,0,2,0,0
USER_04896,5,11,0,31,2,7,0,0
USER_04897,1,12,0,9,0,7,1,0
USER_04898,2,12,1,53,1,4,0,0
USER_04899,4,22,1,298,5,8,1,1
USER_04900,5,20,0,34,7,10,2,0
USER_04901,1,12,0,21,0,5,0,0
USER_04902,1,7,0,23,2,2,0,0
USER_04903,1,13,0,28,2,1,0,0
USER_04904,1,23,1,62,9,14,2,1
USER_04905,3,7,1,100,3,9,1,0
USER_04906,3,12,0,33,0,0,1,0
USER_04907,9,23,0,25,5,6,1,1
USER_04908,2,13,1,22,4,0,0,0
USER_04909,2,11,1,39,2,3,1,0
USER_04910,1,17,0,20,1,2,1,0
USER_04911,2,10,2,33,2,4,1,1
USER_04912,0,13,0,26,2,6,0,0
USER_04913,1,12,0,12,2,5,1,0
USER_04914,5,1,3,32,7,7,1,1
USER_04915,2,14,0,15,2,0,0,0
USER_04916,10,9,1,423,6,10,1,1
USER_04917,4,5,0,37,5,7,0,1
USER_04918,2,12,0,33,0,4,2,0
USER_04919,5,12,1,240,5,3,2,1
USER_04920,1,11,0,79,0,1,2,0
USER_04921,1,12,0,13,1,4,0,0
USER_04922,3,15,0,7,1,8,1,0
USER_04923,2,11,0,27,0,2,0,0
USER_04924,6,4,2,127,7,9,0,1
USER_04925,2,15,0,27,0,6,0,0
USER_04926,1,11,1,21,3,2,0,0
USER_04927,3,14,0,8,0,3,0,0
USER_04928,2,17,0,20,0,3,1,0
USER_04929,2,5,1,233,12,11,2,1
USER_04930,0,10,0,52,1,4,0,0
USER_04931,5,20,3,356,4,8,2,1
USER_04932,5,10,0,48,3,2,0,1
USER_04933,4,1,0,82,7,12,0,1
USER_04934,1,11,0,19,1,2,1,0
USER_04935,1,8,1,16,2,2,1,0
USER_04936,0,9,0,13,1,2,0,0
USER_04937,1,15,2,27,2,6,1,0
USER_04938,2,5,1,149,5,9,2,1
USER_04939,1,14,1,22,2,2,0,0
USER_04940,1,15,0,32,3,4,0,0
USER_04941,4,1,1,56,6,8,2,1
USER_04942,1,12,0,27,0,1,1,0
USER_04943,1,18,0,15,2,3,0,0
USER_04944,4,0,2,75,8,10,2,1
USER_04945,1,10,0,12,0,5,0,0
USER_04946,6,6,0,65,6,5,0,0
USER_04947,1,6,2,23,0,2,0,0
USER_04948,6,1,0,145,5,8,2,1
USER_04949,0,15,0,59,1,0,1,0
USER_04950,1,16,0,12,0,5,0,0
USER_04951,1,8,0,75,1,2,0,1
USER_04952,6,0,3,285,1,8,1,0
USER_04953,2,11,0,40,0,7,0,0
USER_04954,6,6,1,191,10,10,1,1
USER_04955,2,11,1,44,1,2,0,0
USER_04956,3,16,0,26,0,3,0,0
USER_04957,6,6,0,201,4,9,0,1
USER_04958,4,14,1,26,2,8,0,0
USER_04959,4,17,0,10,0,3,1,0
USER_04960,4,23,1,69,5,13,0,1
USER_04961,1,12,1,13,1,1,0,0
USER_04962,0,14,0,18,0,1,0,0
USER_04963,2,9,0,19,0,5,0,0
USER_04964,4,16,0,8,1,2,0,0
USER_04965,3,15,0,16,0,0,0,0
USER_04966,1,14,0,25,3,5,1,0
USER_04967,1,10,0,10,1,2,0,0
USER_04968,1,15,1,17,1,2,0,0
USER_04969,2,19,1,30,0,2,0,1
USER_04970,3,15,0,8,1,2,0,0
USER_04971,0,11,0,17,1,3,0,0
USER_04972,0,19,0,25,0,2,1,0
USER_04973,3,14,2,46,0,4,0,0
USER_04974,3,22,1,94,5,9,1,1
USER_04975,2,9,0,34,2,2,0,0
USER_04976,2,10,0,70,1,3,0,0
USER_04977,1,15,0,85,3,3,0,0
USER_04978,1,3,0,33,0,3,0,0
USER_04979,4,5,0,77,6,7,3,1
USER_04980,8,8,1,209,3,8,1,0
USER_04981,2,2,3,34,11,4,1,1
USER_04982,4,17,0,35,2,5,0,0
USER_04983,1,13,0,9,0,6,0,0
USER_04984,1,12,0,20,2,4,0,0
USER_04985,1,9,0,29,1,2,1,0
USER_04986,2,16,0,30,0,2,0,0
USER_04987,1,15,0,24,2,3,0,0
USER_04988,2,14,0,12,1,3,0,0
USER_04989,8,20,1,34,2,7,2,1
USER_04990,1,15,0,14,0,5,1,0
USER_04991,3,16,1,12,0,3,0,0
USER_04992,2,2,5,29,5,14,0,1
USER_04993,3,19,3,56,11,12,1,1
USER_04994,1,11,0,25,1,3,2,0
USER_04995,2,9,0,38,1,2,1,0
USER_04996,0,13,0,43,2,2,0,0
USER_04997,4,16,1,28,0,5,0,0
USER_04998,2,20,1,23,2,1,0,0
USER_04999,1,15,0,48,1,3,0,0
USER_05000,2,18,0,25,1,0,1,1
USER_05001,1,13,0,50,0,2,0,0
USER_05002,3,15,1,51,0,2,1,0
USER_05003,5,1,0,131,5,11,0,1
USER_05004,0,14,0,53,1,3,0,0
USER_05005,2,9,0,11,0,3,0,0
USER_05006,0,17,0,40,0,0,0,0
USER_05007,7,1,1,313,5,11,4,1
USER_05008,1,14,0,48,2,2,0,0
USER_05009,4,22,4,103,5,11,3,1
USER_05010,1,3,1,28,6,2,1,1
USER_05011,2,17,0,29,0,2,0,0
USER_05012,1,18,0,68,1,3,0,0
USER_05013,1,14,1,23,0,4,0,0
USER_05014,1,0,1,153,9,13,1,1
USER_05015,3,12,0,29,0,2,0,0
USER_05016,4,13,1,14,0,3,0,0
USER_05017,1,13,0,23,0,1,1,0
USER_05018,2,9,0,13,1,4,0,0
USER_05019,3,13,0,62,0,2,0,0
USER_05020,1,9,0,33,2,5,0,0
USER_05021,2,21,3,49,9,7,3,0
USER_05022,6,7,3,58,6,6,1,1
USER_05023,3,2,1,354,6,9,1,1
USER_05024,1,12,0,62,1,2,0,0
USER_05025,1,13,0,33,1,4,0,0
USER_05026,1,19,0,59,0,1,1,0
USER_05027,1,13,0,17,3,2,0,0
USER_05028,2,6,0,28,0,2,0,0
USER_05029,2,12,0,47,1,6,1,0
USER_05030,0,12,0,28,0,2,1,0
USER_05031,2,5,0,6,1,2,1,0
USER_05032,4,0,1,22,0,6,1,1
USER_05033,4,11,1,14,1,2,0,1
USER_05034,2,12,0,52,0,1,0,0
USER_05035,0,14,0,38,0,2,0,0
USER_05036,0,12,0,45,2,2,0,0
USER_05037,3,2,1,38,2,5,3,1
USER_05038,0,11,1,15,0,4,0,0
USER_05039,7,2,0,150,5,11,3,1
USER_05040,7,23,3,43,7,9,1,1
USER_05041,1,15,0,23,0,4,0,0
USER_05042,1,9,1,44,0,6,0,0
USER_05043,2,11,0,21,1,3,1,0
USER_05044,2,14,0,14,1,6,0,0
USER_05045,1,9,0,44,2,4,0,0
USER_05046,2,19,1,71,5,8,3,1
USER_05047,3,15,0,50,2,5,1,0
USER_05048,4,3,1,35,4,10,2,1
USER_05049,0,17,0,18,2,2,0,0
USER_05050,7,10,1,126,6,15,3,1
USER_05051,2,12,0,28,0,2,2,0
USER_05052,1,15,1,31,2,4,0,0
USER_05053,0,13,1,24,1,6,1,0
USER_05054,1,13,0,43,2,2,0,0
USER_05055,6,5,1,44,1,11,1,1
USER_05056,2,12,0,13,1,2,0,0
USER_05057,0,9,0,14,2,3,1,0
USER_05058,2,15,0,19,0,8,0,0
USER_05059,1,11,0,21,2,2,0,0
USER_05060,1,16,1,18,0,4,1,0
USER_05061,2,9,0,24,1,2,0,0
USER_05062,4,17,0,12,0,3,1,0
USER_05063,4,10,0,72,0,1,0,0
USER_05064,1,15,1,19,1,4,0,0
USER_05065,5,9,1,585,6,10,3,1
USER_05066,1,13,0,29,1,3,0,0
USER_05067,2,11,0,18,1,8,0,0
USER_05068,1,10,0,20,0,5,0,0
USER_05069,0,11,0,28,2,4,0,0
USER_05070,1,15,0,27,0,4,1,0
USER_05071,1,15,1,12,2,3,0,1
USER_05072,1,15,1,37,0,3,0,0
USER_05073,3,14,0,23,1,2,0,0
USER_05074,0,20,0,18,2,2,0,0
USER_05075,5,2,0,160,4,14,3,1
USER_05076,0,12,0,34,2,3,2,1
USER_05077,2,4,1,13,1,3,1,0
USER_05078,1,14,1,17,1,3,1,0
USER_05079,2,10,2,18,1,4,0,0
USER_05080,4,1,2,73,2,8,2,1
USER_05081,3,10,0,16,1,1,0,0
USER_05082,3,12,1,17,2,5,0,0
USER_05083,3,13,0,13,2,3,0,0
USER_05084,2,10,0,39,0,1,0,0
USER_05085,1,5,3,84,4,7,1,1
USER_05086,2,11,0,13,2,2,1,0
USER_05087,6,6,5,41,3,8,1,1
USER_05088,1,15,0,20,2,4,0,0
USER_05089,5,3,1,149,3,15,4,1
USER_05090,2,7,0,20,0,2,0,0
USER_05091,1,12,0,48,2,6,0,1
USER_05092,1,19,1,70,5,9,4,1
USER_05093,1,17,0,14,0,2,0,0
USER_05094,4,10,0,14,0,2,0,0
USER_05095,4,1,2,58,3,8,0,1
USER_05096,1,13,0,36,0,0,0,0
USER_05097,1,14,0,40,0,3,1,0
USER_05098,1,10,0,65,0,3,1,0
USER_05099,6,19,2,62,6,8,1,1
USER_05100,1,6,0,112,3,14,1,1
USER_05101,1,7,0,18,3,3,0,0
USER_05102,5,14,0,14,0,2,0,1
USER_05103,3,11,0,32,1,2,0,1
USER_05104,0,9,0,86,1,8,0,0
USER_05105,6,2,2,52,1,8,3,1
USER_05106,2,10,0,82,1,4,0,0
USER_05107,2,15,1,52,0,3,0,0
USER_05108,0,14,0,7,0,2,0,0
USER_05109,1,7,0,37,1,2,0,0
USER_05110,4,15,2,537,8,11,0,1
USER_05111,2,9,0,38,1,1,0,0
USER_05112,0,16,0,18,2,3,0,0
USER_05113,6,0,3,206,5,9,1,1
USER_05114,1,2,0,59,3,10,0,1
USER_05115,0,9,1,35,0,1,0,0
USER_05116,0,0,2,31,6,10,3,1
USER_05117,1,16,0,109,1,1,0,1
USER_05118,6,6,0,462,5,7,1,1
USER_05119,2,13,1,23,1,5,0,0
USER_05120,2,12,1,46,1,1,0,0
USER_05121,1,10,0,27,0,5,0,0
USER_05122,1,17,1,18,0,2,0,0
USER_05123,2,12,0,44,1,6,1,0
USER_05124,1,12,0,19,1,2,0,0
USER_05125,0,17,0,31,1,6,0,0
USER_05126,0,16,0,38,0,4,1,0
USER_05127,1,12,2,28,0,5,1,0
USER_05128,3,13,0,16,0,5,0,0
USER_05129,6,12,1,40,4,8,1,0
USER_05130,6,0,3,43,7,5,2,1
USER_05131,0,17,0,21,1,3,1,0
USER_05132,3,15,0,30,1,2,1,0
USER_05133,1,12,0,36,4,3,0,0
USER_05134,0,17,1,42,1,4,2,0
USER_05135,7,2,1,16,5,10,1,1
USER_05136,0,13,0,16,0,1,1,0
USER_05137,0,12,2,31,2,4,0,1
USER_05138,0,11,0,21,0,2,0,0
USER_05139,2,12,0,13,0,5,0,0
USER_05140,1,6,0,18,6,6,0,0
USER_05141,6,13,0,31,3,0,0,0
USER_05142,1,19,0,11,1,3,0,0
USER_05143,2,11,0,57,1,2,0,0
USER_05144,6,11,3,360,3,9,0,1
USER_05145,1,8,1,9,1,5,2,0
USER_05146,4,13,2,72,6,8,2,1
USER_05147,2,8,4,123,5,12,1,1
USER_05148,1,10,0,27,2,4,0,0
USER_05149,5,3,3,49,3,6,2,0
USER_05150,2,13,0,49,1,4,0,0
USER_05151,1,10,1,22,1,4,0,0
USER_05152,0,19,0,7,3,3,0,0
USER_05153,6,13,0,21,1,3,0,0
USER_05154,0,16,0,36,2,3,0,0
USER_05155,1,10,0,15,0,5,1,0
USER_05156,1,12,0,10,1,2,0,0
USER_05157,1,14,1,21,1,6,0,0
USER_05158,2,14,1,79,0,3,0,0
USER_05159,4,16,1,57,0,0,0,0
USER_05160,1,8,0,53,1,1,0,0
USER_05161,3,11,1,157,5,8,1,0
USER_05162,7,4,1,115,3,8,3,1
USER_05163,1,14,0,18,0,0,0,0
USER_05164,0,14,0,29,1,2,0,0
USER_05165,2,14,0,40,0,4,0,0
USER_05166,7,0,2,53,2,4,2,1
USER_05167,2,8,0,22,2,3,0,0
USER_05168,5,23,2,25,4,8,2,1
USER_05169,1,8,0,38,0,3,0,0
USER_05170,0,19,1,44,1,2,0,0
USER_05171,5,1,1,85,2,9,1,1
USER_05172,2,17,1,29,0,1,0,0
USER_05173,4,9,1,76,3,6,4,0
USER_05174,1,13,0,12,0,2,1,0
USER_05175,2,12,0,31,0,3,1,0
USER_05176,1,11,2,51,0,2,0,0
USER_05177,1,19,2,21,0,3,1,0
USER_05178,3,13,0,33,0,3,1,0
USER_05179,2,18,0,19,2,2,1,0
USER_05180,4,14,0,30,1,4,0,0
USER_05181,2,18,0,8,0,1,0,0
USER_05182,0,13,0,15,1,2,0,1
USER_05183,2,12,2,16,3,7,0,0
USER_05184,2,8,1,21,0,3,0,0
USER_05185,2,16,1,13,1,4,0,0
USER_05186,2,7,2,34,6,10,1,0
USER_05187,3,16,0,52,1,2,1,0
USER_05188,1,11,0,33,1,2,0,0
USER_05189,0,7,2,204,3,5,1,1
USER_05190,1,9,0,27,0,0,0,0
USER_05191,1,9,0,50,0,0,1,0
USER_05192,0,11,0,12,1,5,0,1
USER_05193,3,11,2,7,1,5,0,0
USER_05194,1,15,0,11,0,3,0,0
USER_05195,6,18,1,149,6,9,2,1
USER_05196,5,3,1,75,6,9,0,1
USER_05197,2,19,0,39,0,3,0,0
USER_05198,1,11,0,22,0,2,1,0
USER_05199,4,10,0,30,10,7,1,1
USER_05200,3,12,0,23,3,8,0,0
USER_05201,1,13,0,43,1,5,0,0
USER_05202,0,13,0,22,1,2,1,0
USER_05203,0,16,0,18,1,3,1,0
USER_05204,0,12,0,45,0,6,0,0
USER_05205,1,7,0,80,0,2,0,0
USER_05206,2,16,1,28,1,0,0,0
USER_05207,2,13,1,15,0,2,0,0
USER_05208,6,10,1,33,9,9,0,1
USER_05209,2,8,0,65,1,3,0,1
USER_05210,2,12,0,38,0,2,0,1
USER_05211,1,7,2,32,2,1,0,0
USER_05212,1,13,1,33,0,0,0,1
USER_05213,2,8,3,56,5,10,1,0
USER_05214,3,20,1,21,5,10,2,0
USER_05215,0,15,0,47,0,6,0,0
USER_05216,0,11,0,27,0,1,0,0
USER_05217,2,13,0,19,2,3,0,0
USER_05218,2,16,0,22,1,2,0,0
USER_05219,2,7,0,24,1,1,0,0
USER_05220,1,15,1,45,0,0,0,0
USER_05221,5,10,1,43,2,6,0,0
USER_05222,1,12,1,29,1,1,1,0
USER_05223,1,13,0,31,1,7,0,0
USER_05224,1,8,1,25,1,4,1,0
USER_05225,1,8,1,5,0,4,1,0
USER_05226,1,15,0,17,0,1,0,0
USER_05227,1,12,0,22,0,6,1,0
USER_05228,2,13,1,26,1,3,0,0
USER_05229,4,14,0,8,0,3,0,0
USER_05230,3,9,0,49,0,6,0,1
USER_05231,6,4,0,180,5,12,2,1
USER_05232,9,3,1,178,5,13,3,1
USER_05233,0,5,0,20,1,0,0,0
USER_05234,3,12,1,32,1,5,1,1
USER_05235,2,7,1,236,3,8,2,0
USER_05236,1,15,0,17,3,3,0,0
USER_05237,0,14,0,53,1,3,0,0
USER_05238,1,7,1,18,3,1,0,0
USER_05239,1,7,0,10,0,3,1,0
USER_05240,2,11,1,28,2,2,0,0
USER_05241,3,14,1,24,3,0,1,0
USER_05242,4,11,0,17,2,2,0,0
USER_05243,1,10,1,39,1,5,0,0
USER_05244,2,18,0,17,2,3,1,0
USER_05245,3,15,1,15,1,1,1,0
USER_05246,1,15,0,36,0,4,0,0
USER_05247,1,14,0,17,0,2,0,0
USER_05248,1,9,1,15,0,4,2,0
USER_05249,2,16,0,139,1,2,0,0
USER_05250,11,4,2,108,4,13,2,1
USER_05251,3,15,0,69,1,5,0,0
USER_05252,0,13,0,24,0,2,1,0
USER_05253,5,8,0,17,3,1,0,0
USER_05254,5,9,2,140,1,11,1,1
USER_05255,4,20,0,502,5,5,2,1
USER_05256,2,4,2,61,5,5,1,1
USER_05257,1,9,1,7,1,4,0,0
USER_05258,3,15,0,18,1,2,0,0
USER_05259,2,10,1,20,0,4,0,0
USER_05260,1,16,0,20,0,2,0,0
USER_05261,0,15,0,35,2,4,0,0
USER_05262,0,16,0,16,0,4,0,0
USER_05263,2,11,0,34,2,4,0,0
USER_05264,2,5,0,67,3,13,1,1
USER_05265,4,13,0,20,2,3,0,0
USER_05266,3,14,1,12,0,2,0,0
USER_05267,2,13,0,90,1,4,0,1
USER_05268,6,3,0,376,11,9,4,1
USER_05269,5,8,0,262,1,12,0,1
USER_05270,0,15,0,49,0,2,1,0
USER_05271,3,23,3,56,5,9,2,1
USER_05272,3,9,2,20,3,17,2,1
USER_05273,0,0,1,83,6,5,3,1
USER_05274,7,19,0,315,4,18,1,1
USER_05275,2,14,1,10,1,3,0,0
USER_05276,5,3,3,230,8,8,1,1
USER_05277,2,15,0,21,0,2,0,0
USER_05278,5,22,1,57,8,8,1,1
USER_05279,4,18,0,35,3,3,0,0
USER_05280,4,0,2,157,2,6,2,1
USER_05281,6,4,3,72,4,18,0,1
USER_05282,3,20,1,17,0,4,0,0
USER_05283,6,3,1,53,6,8,4,1
USER_05284,1,16,0,10,3,4,1,0
USER_05285,1,18,0,59,2,3,0,0
USER_05286,2,13,1,50,2,2,0,0
USER_05287,8,10,1,101,7,5,3,1
USER_05288,0,16,0,33,1,2,1,0
USER_05289,1,13,0,40,0,5,0,0
USER_05290,3,16,0,24,0,4,0,0
USER_05291,2,10,0,42,2,3,0,0
USER_05292,3,11,0,18,0,0,1,0
USER_05293,2,2,1,70,4,12,1,1
USER_05294,1,9,0,19,0,3,0,0
USER_05295,3,15,2,84,5,11,2,1
USER_05296,1,8,0,40,1,8,0,0
USER_05297,8,8,1,49,7,5,2,0
USER_05298,0,10,0,56,1,7,0,0
USER_05299,0,12,0,21,1,0,0,0
USER_05300,1,13,0,33,1,3,0,0
USER_05301,2,20,0,25,0,3,2,0
USER_05302,1,16,1,34,0,2,1,0
USER_05303,8,9,2,42,6,10,4,1
USER_05304,1,13,0,31,0,7,0,1
USER_05305,0,11,0,19,0,6,1,0
USER_05306,1,16,1,124,0,2,1,0
USER_05307,3,14,1,22,2,8,0,0
USER_05308,2,11,0,41,0,4,0,0
USER_05309,3,14,0,14,2,3,0,0
USER_05310,0,15,0,13,4,4,1,0
USER_05311,1,13,0,36,1,6,1,0
USER_05312,1,14,0,4,0,3,0,0
USER_05313,2,15,0,12,0,3,0,0
USER_05314,0,20,0,13,1,2,1,0
USER_05315,1,17,0,34,1,4,0,0
USER_05316,1,10,0,20,0,1,0,0
USER_05317,2,14,1,9,1,1,0,0
USER_05318,5,2,0,45,6,11,1,1
USER_05319,1,14,1,22,3,5,0,0
USER_05320,2,19,0,31,4,3,0,0
USER_05321,2,22,1,8,0,3,0,0
USER_05322,4,10,0,23,0,4,0,0
USER_05323,5,1,0,28,5,8,2,1
USER_05324,0,13,0,29,1,2,1,0
USER_05325,1,8,0,34,2,4,0,0
USER_05326,1,18,0,31,1,3,1,0
USER_05327,0,14,0,43,1,0,0,0
USER_05328,4,0,3,112,9,7,1,1
USER_05329,0,14,1,11,0,3,0,0
USER_05330,0,10,0,29,0,2,0,0
USER_05331,3,19,1,307,8,10,3,1
USER_05332,4,10,1,119,3,12,1,1
USER_05333,3,12,1,19,0,1,0,0
USER_05334,0,16,0,102,0,0,2,0
USER_05335,1,12,0,21,1,2,0,0
USER_05336,4,9,1,167,5,6,3,1
USER_05337,2,13,0,49,0,5,0,0
USER_05338,0,12,0,55,2,0,1,0
USER_05339,7,5,3,56,5,4,2,1
USER_05340,2,15,0,28,3,1,1,0
USER_05341,1,12,0,26,2,2,1,0
USER_05342,0,9,0,24,0,3,0,0
USER_05343,8,7,0,19,2,9,0,0
USER_05344,1,20,1,25,0,4,1,0
USER_05345,1,14,0,22,1,2,0,0
USER_05346,3,15,0,11,1,5,0,0
USER_05347,3,9,3,49,5,13,1,1
USER_05348,4,0,1,73,7,11,2,1
USER_05349,3,13,0,28,1,4,0,0
USER_05350,0,13,0,18,0,3,1,0
USER_05351,7,13,0,45,8,11,3,1
USER_05352,2,1,0,88,6,17,3,1
USER_05353,2,12,0,46,1,6,0,1
USER_05354,3,11,1,10,2,1,0,0
USER_05355,2,7,2,94,4,5,0,0
USER_05356,4,9,0,54,3,9,1,0
USER_05357,2,17,0,19,0,2,1,0
USER_05358,1,11,0,17,1,3,1,0
USER_05359,0,16,0,19,1,3,0,0
USER_05360,2,8,1,46,2,9,1,0
USER_05361,2,8,0,11,0,3,0,0
USER_05362,1,11,0,23,0,2,0,0
USER_05363,3,16,0,8,0,2,0,0
USER_05364,7,3,2,93,3,10,1,1
USER_05365,5,8,3,193,7,8,3,1
USER_05366,4,9,2,40,5,6,1,1
USER_05367,0,15,0,32,0,0,1,0
USER_05368,3,5,1,333,0,5,4,1
USER_05369,5,5,3,31,5,12,2,1
USER_05370,1,11,0,22,0,5,0,0
USER_05371,3,11,0,47,2,5,0,0
USER_05372,5,18,1,54,6,9,2,1
USER_05373,3,7,0,33,0,6,0,0
USER_05374,2,14,0,54,1,6,0,0
USER_05375,0,9,0,44,1,1,0,0
USER_05376,3,10,1,17,0,6,1,0
USER_05377,4,10,0,16,2,3,0,0
USER_05378,9,3,0,26,5,10,3,1
USER_05379,0,17,0,30,1,4,0,0
USER_05380,5,23,3,390,5,4,1,1
USER_05381,3,17,0,25,1,3,1,0
USER_05382,1,9,0,32,0,2,0,0
USER_05383,6,2,1,25,10,4,1,1
USER_05384,2,16,0,12,1,1,0,0
USER_05385,1,7,0,20,1,3,0,0
USER_05386,5,10,2,99,5,9,1,0
USER_05387,1,10,0,24,0,2,0,0
USER_05388,0,11,0,29,0,2,0,0
USER_05389,4,11,1,18,2,4,0,1
USER_05390,6,2,1,130,5,12,4,1
USER_05391,1,15,1,25,0,6,0,0
USER_05392,0,14,0,19,2,2,0,0
USER_05393,4,0,3,270,4,11,4,1
USER_05394,1,12,1,17,0,6,0,0
USER_05395,1,13,0,34,1,3,1,0
USER_05396,1,16,1,32,1,4,0,0
USER_05397,2,14,0,29,1,2,0,0
USER_05398,0,16,1,41,0,2,0,0
USER_05399,2,16,0,96,1,4,0,0
USER_05400,2,13,3,12,0,3,0,0
USER_05401,3,13,0,16,0,3,0,0
USER_05402,1,13,0,21,2,8,0,0
USER_05403,0,13,0,18,2,2,0,0
USER_05404,1,11,1,11,1,4,0,0
USER_05405,3,14,0,14,2,2,0,0
USER_05406,4,4,1,115,3,10,0,1
USER_05407,3,11,0,14,1,4,0,0
USER_05408,0,14,1,38,2,1,1,0
USER_05409,1,17,0,18,1,2,0,0
USER_05410,6,0,3,88,3,13,4,1
USER_05411,0,13,0,19,1,4,0,0
USER_05412,6,23,0,71,10,8,2,1
USER_05413,3,6,0,21,3,4,0,0
USER_05414,1,12,0,54,1,7,0,0
USER_05415,11,22,3,60,6,11,3,1
USER_05416,2,13,1,24,2,4,0,0
USER_05417,2,10,0,29,1,6,2,0
USER_05418,10,0,1,59,4,14,0,1
USER_05419,2,11,0,21,0,5,0,0
USER_05420,1,14,0,18,0,4,0,0
USER_05421,3,14,0,17,0,4,3,0
USER_05422,0,13,0,30,2,4,0,0
USER_05423,4,18,1,74,5,14,0,1
USER_05424,4,9,0,12,1,0,1,0
USER_05425,1,22,3,72,6,10,0,0
USER_05426,3,17,1,28,0,2,0,0
USER_05427,7,10,2,160,12,12,2,1
USER_05428,9,5,2,125,8,7,0,1
USER_05429,3,5,1,236,3,10,2,1
USER_05430,0,9,0,28,0,2,0,0
USER_05431,0,6,0,43,1,2,0,0
USER_05432,0,11,0,25,0,2,0,0
USER_05433,1,12,0,68,0,3,1,0
USER_05434,1,21,1,13,1,1,0,0
USER_05435,10,1,0,49,5,9,1,1
USER_05436,3,11,0,11,3,2,0,0
USER_05437,2,5,0,69,5,11,1,1
USER_05438,0,12,0,39,0,2,0,0
USER_05439,1,0,0,19,2,9,1,0
USER_05440,2,18,1,73,0,1,0,0
USER_05441,1,14,1,18,2,4,0,0
USER_05442,5,5,1,139,5,11,1,1
USER_05443,6,23,1,18,7,3,3,0
USER_05444,6,0,1,49,8,7,3,1
USER_05445,4,7,0,118,5,7,0,0
USER_05446,2,15,0,20,2,4,0,0
USER_05447,3,6,0,81,5,6,0,0
USER_05448,0,18,0,17,0,3,0,1
USER_05449,2,13,0,17,0,3,0,1
USER_05450,2,13,0,19,2,2,0,0
USER_05451,2,11,0,57,0,11,0,1
USER_05452,1,17,0,61,1,0,0,0
USER_05453,2,0,2,156,11,10,0,1
USER_05454,1,15,0,45,0,3,0,0
USER_05455,4,6,0,42,6,6,2,1
USER_05456,2,13,0,20,0,3,1,0
USER_05457,0,16,1,10,0,6,0,0
USER_05458,0,18,0,53,0,2,0,0
USER_05459,3,9,2,12,0,3,0,1
USER_05460,2,12,0,10,1,0,0,0
USER_05461,0,12,0,33,2,4,0,0
USER_05462,1,13,0,18,0,5,1,0
USER_05463,1,11,1,54,0,2,1,0
USER_05464,11,2,1,29,6,8,0,1
USER_05465,0,13,0,19,0,3,0,0
USER_05466,7,4,0,231,7,8,2,1
USER_05467,4,3,1,18,4,9,3,0
USER_05468,1,14,3,15,1,4,0,0
USER_05469,1,18,1,21,1,2,0,0
USER_05470,1,14,0,4,1,2,0,0
USER_05471,2,16,1,24,1,4,1,0
USER_05472,0,17,1,6,1,6,1,0
USER_05473,5,2,1,126,6,10,0,1
USER_05474,0,20,0,27,0,1,0,0
USER_05475,0,13,1,66,1,5,0,0
USER_05476,0,16,0,17,2,3,0,0
USER_05477,1,14,0,26,0,4,1,0
USER_05478,2,15,0,11,2,1,1,0
USER_05479,0,14,0,23,2,3,0,0
USER_05480,8,4,0,134,8,6,0,1
USER_05481,1,11,0,21,1,2,1,1
USER_05482,0,14,0,38,1,5,1,0
USER_05483,1,9,0,13,1,4,0,0
USER_05484,1,10,0,83,2,3,0,0
USER_05485,2,1,1,178,6,7,1,1
USER_05486,8,4,2,32,8,9,4,1
USER_05487,9,0,3,66,9,11,3,1
USER_05488,0,18,0,17,4,2,0,0
USER_05489,2,16,1,33,0,4,0,0
USER_05490,5,20,2,98,6,12,4,1
USER_05491,0,0,0,23,0,5,0,0
USER_05492,1,14,0,74,0,4,0,0
USER_05493,1,8,0,30,2,1,1,0
USER_05494,1,9,0,8,2,7,0,0
USER_05495,8,21,3,77,4,5,4,1
USER_05496,1,8,1,21,0,2,0,0
USER_05497,3,1,1,48,6,8,1,1
USER_05498,1,12,2,32,2,3,1,0
USER_05499,3,20,0,31,1,2,0,0
USER_05500,1,9,0,19,0,7,0,0
USER_05501,0,16,0,8,0,4,0,1
USER_05502,1,12,0,28,0,6,0,0
USER_05503,0,11,0,13,1,1,0,0
USER_05504,2,18,0,41,2,3,0,0
USER_05505,4,19,2,96,3,4,3,0
USER_05506,2,10,0,128,0,2,0,0
USER_05507,1,11,0,13,2,2,0,0
USER_05508,1,9,0,29,2,2,0,0
USER_05509,6,5,1,32,6,6,3,1
USER_05510,1,10,1,77,2,3,0,0
USER_05511,0,7,0,14,1,3,0,0
USER_05512,1,10,1,29,2,1,0,0
USER_05513,1,10,0,33,1,5,1,0
USER_05514,1,14,1,40,1,6,0,0
USER_05515,3,8,0,34,1,3,0,0
USER_05516,5,3,0,21,4,10,0,1
USER_05517,3,5,0,41,1,4,0,1
USER_05518,1,10,0,26,3,1,1,0
USER_05519,3,12,1,9,4,3,0,0
USER_05520,4,12,1,14,3,3,0,0
USER_05521,2,13,0,47,0,4,1,0
USER_05522,0,8,0,40,1,3,0,0
USER_05523,2,20,0,9,2,4,1,0
USER_05524,1,19,1,19,2,7,1,0
USER_05525,1,4,0,13,3,2,1,0
USER_05526,10,16,3,88,7,9,3,1
USER_05527,1,12,0,20,1,4,0,0
USER_05528,4,13,0,26,1,2,0,1
USER_05529,2,1,1,11,4,9,0,0
USER_05530,4,11,1,116,5,9,2,1
USER_05531,0,13,0,18,1,3,1,0
USER_05532,5,3,2,132,12,14,1,1
USER_05533,2,19,0,28,0,3,0,0
USER_05534,3,13,0,16,1,6,0,0
USER_05535,10,7,1,37,4,14,2,1
USER_05536,5,0,3,228,4,13,1,1
USER_05537,1,12,0,16,0,4,0,0
USER_05538,0,18,1,13,1,3,0,0
USER_05539,2,9,0,40,0,0,0,0
USER_05540,1,6,0,61,0,1,0,0
USER_05541,5,0,2,238,2,10,0,0
USER_05542,3,15,0,23,1,4,1,1
USER_05543,2,10,0,32,2,5,0,0
USER_05544,2,12,1,17,0,2,0,0
USER_05545,1,16,0,23,1,1,2,0
USER_05546,1,8,0,14,0,7,0,0
USER_05547,5,3,2,39,5,10,1,1
USER_05548,0,14,0,21,0,3,1,0
USER_05549,1,15,1,43,1,4,0,0
USER_05550,1,11,0,40,1,3,1,0
USER_05551,0,18,1,29,0,4,0,0
USER_05552,2,11,0,30,1,2,1,0
USER_05553,1,16,1,14,0,2,0,0
USER_05554,2,17,0,14,2,2,0,0
USER_05555,0,4,1,8,0,5,0,1
USER_05556,5,0,2,82,3,15,2,1
USER_05557,2,9,0,15,1,4,0,0
USER_05558,1,11,0,40,1,4,0,1
USER_05559,2,17,0,41,2,0,0,0
USER_05560,2,11,0,23,0,3,0,0
USER_05561,5,17,1,91,3,8,2,1
USER_05562,0,16,0,13,1,1,0,0
USER_05563,1,14,0,21,0,1,0,0
USER_05564,3,9,1,10,0,2,0,0
USER_05565,8,4,1,121,5,8,3,1
USER_05566,3,14,0,22,1,5,0,0
USER_05567,3,7,1,11,0,5,0,0
USER_05568,2,13,0,36,1,5,1,0
USER_05569,2,14,0,16,0,0,1,0
USER_05570,6,5,0,98,6,3,0,1
USER_05571,0,7,1,14,0,4,1,0
USER_05572,1,8,0,35,0,1,0,0
USER_05573,0,11,0,9,0,2,0,0
USER_05574,5,9,2,65,6,6,5,0
USER_05575,3,17,0,14,0,3,0,0
USER_05576,3,8,0,15,0,5,1,0
USER_05577,4,16,0,44,6,9,3,1
USER_05578,2,6,0,17,1,1,1,1
USER_05579,6,6,2,161,12,13,1,1
USER_05580,4,4,0,49,4,8,0,1
USER_05581,2,16,0,36,2,3,0,0
USER_05582,1,12,0,40,1,1,0,0
USER_05583,2,12,0,24,0,4,0,1
USER_05584,6,23,4,46,3,5,1,1
USER_05585,6,22,2,21,2,8,2,0
USER_05586,4,4,1,53,2,11,1,1
USER_05587,1,12,0,24,0,3,0,0
USER_05588,1,13,2,23,2,0,0,0
USER_05589,1,9,0,46,0,1,0,0
USER_05590,1,14,1,24,1,0,0,0
USER_05591,1,15,0,27,1,1,1,0
USER_05592,4,1,1,35,6,17,1,1
USER_05593,0,15,1,77,1,6,0,0
USER_05594,2,12,0,16,1,4,0,0
USER_05595,0,19,0,21,0,4,0,0
USER_05596,2,18,2,41,1,2,1,0
USER_05597,5,12,2,421,2,12,0,1
USER_05598,0,19,0,21,2,6,0,1
USER_05599,3,14,1,98,1,4,0,0
USER_05600,0,8,0,41,1,7,0,0
USER_05601,2,10,1,17,1,2,0,0
USER_05602,0,11,0,15,1,1,0,0
USER_05603,2,4,1,15,4,10,3,1
USER_05604,2,15,1,37,7,11,0,1
USER_05605,2,13,0,22,1,2,0,0
USER_05606,2,13,0,25,2,3,1,0
USER_05607,1,20,1,31,3,5,2,1
USER_05608,2,12,0,23,1,1,0,0
USER_05609,0,12,0,25,3,3,0,0
USER_05610,4,5,2,95,3,3,0,1
USER_05611,2,14,0,51,1,5,0,0
USER_05612,2,19,2,52,5,8,2,0
USER_05613,1,12,1,57,1,0,0,0
USER_05614,2,14,0,51,0,1,0,0
USER_05615,0,19,0,20,2,2,1,0
USER_05616,2,11,2,58,0,1,1,0
USER_05617,1,16,1,30,1,0,0,0
USER_05618,4,7,0,186,8,9,1,0
USER_05619,0,16,0,33,0,2,0,0
USER_05620,1,11,1,18,1,4,2,0
USER_05621,2,16,0,20,0,4,1,0
USER_05622,0,9,0,20,0,5,1,0
USER_05623,0,17,0,32,0,5,0,0
USER_05624,1,13,1,29,0,1,0,0
USER_05625,2,14,0,46,0,1,0,0
USER_05626,0,13,0,61,3,2,0,1
USER_05627,5,5,0,129,4,10,2,1
USER_05628,2,7,1,65,8,6,3,1
USER_05629,1,10,0,27,1,2,1,0
USER_05630,1,15,0,17,2,4,0,0
USER_05631,2,9,1,25,2,2,0,0
USER_05632,1,12,0,30,1,1,0,0
USER_05633,4,9,0,61,0,1,0,0
USER_05634,2,12,0,15,4,2,0,0
USER_05635,1,6,1,23,3,1,1,0
USER_05636,2,17,0,28,0,2,1,0
USER_05637,3,15,0,38,0,1,0,0
USER_05638,7,4,1,79,2,4,2,1
USER_05639,2,14,0,19,0,0,0,0
USER_05640,1,17,0,15,2,1,0,0
USER_05641,1,11,2,17,1,5,0,0
USER_05642,3,6,2,65,9,12,3,1
USER_05643,3,20,1,237,3,9,0,0
USER_05644,1,13,1,63,1,8,1,0
USER_05645,1,8,0,29,0,5,0,1
USER_05646,0,18,0,19,1,4,0,0
USER_05647,0,12,1,59,0,3,0,0
USER_05648,0,14,0,45,0,2,0,0
USER_05649,0,10,0,24,1,6,0,0
USER_05650,5,12,0,13,0,3,0,0
USER_05651,9,5,1,50,6,10,1,1
USER_05652,0,10,0,52,2,4,0,0
USER_05653,3,7,0,47,0,1,1,0
USER_05654,1,12,0,28,0,4,1,0
USER_05655,2,10,0,44,1,2,0,0
USER_05656,3,21,0,18,1,1,0,1
USER_05657,6,19,4,104,7,9,3,1
USER_05658,3,4,2,51,5,15,0,1
USER_05659,0,16,0,27,2,4,0,0
USER_05660,3,6,1,52,2,11,1,0
USER_05661,1,12,0,30,1,3,0,0
USER_05662,2,15,0,10,2,4,1,0
USER_05663,1,15,1,41,1,5,0,0
USER_05664,1,13,0,124,2,5,0,0
USER_05665,0,12,0,13,1,3,0,0
USER_05666,1,16,1,29,1,2,0,0
USER_05667,4,17,0,24,1,2,0,0
USER_05668,6,2,2,32,4,5,2,1
USER_05669,0,15,0,19,1,2,1,0
USER_05670,4,5,2,82,7,9,1,1
USER_05671,1,17,1,12,1,1,0,0
USER_05672,2,19,1,19,5,8,0,0
USER_05673,3,12,2,21,1,2,0,0
USER_05674,1,11,1,88,0,3,2,0
USER_05675,0,19,0,51,0,6,0,0
USER_05676,4,20,1,144,4,8,2,0
USER_05677,2,12,0,47,1,1,0,0
USER_05678,2,8,0,51,1,3,0,0
USER_05679,5,2,3,43,5,4,1,1
USER_05680,2,11,0,15,1,2,0,0
USER_05681,3,21,3,132,9,8,4,0
USER_05682,0,13,0,7,0,2,0,0
USER_05683,3,21,0,31,3,7,1,1
USER_05684,2,19,1,50,5,4,0,0
USER_05685,2,14,1,31,0,3,0,0
USER_05686,2,11,0,40,1,0,0,0
USER_05687,1,13,0,30,1,2,0,0
USER_05688,4,13,1,31,1,2,0,0
USER_05689,2,23,2,109,2,10,2,1
USER_05690,4,10,1,164,3,8,1,1
USER_05691,0,14,0,28,1,2,0,0
USER_05692,1,16,0,24,1,2,0,0
USER_05693,2,20,0,17,0,1,0,0
USER_05694,2,22,2,196,2,8,1,1
USER_05695,3,18,0,16,8,9,0,1
USER_05696,1,12,1,30,0,3,0,0
USER_05697,3,13,0,14,2,0,0,0
USER_05698,5,1,3,98,3,12,2,1
USER_05699,8,5,1,242,9,6,1,1
USER_05700,0,8,0,25,0,1,0,0
USER_05701,2,2,2,97,5,11,2,1
USER_05702,5,13,0,14,2,4,1,0
USER_05703,4,12,1,7,3,1,1,0
USER_05704,5,3,2,134,7,9,3,1
USER_05705,1,11,0,27,1,0,0,0
USER_05706,1,14,0,45,2,1,1,0
USER_05707,10,13,0,732,4,6,1,0
USER_05708,9,0,0,34,6,12,1,1
USER_05709,2,13,0,60,3,7,0,0
USER_05710,2,14,1,15,2,3,1,0
USER_05711,3,2,0,70,3,10,0,1
USER_05712,2,12,0,50,1,3,0,0
USER_05713,5,3,1,164,6,9,3,1
USER_05714,2,12,0,17,0,7,0,0
USER_05715,3,17,0,28,0,3,0,0
USER_05716,3,14,0,13,2,2,0,0
USER_05717,2,22,5,40,3,3,1,0
USER_05718,5,1,1,34,5,13,1,0
USER_05719,0,10,1,14,2,3,0,0
USER_05720,3,17,0,19,0,5,1,0
USER_05721,4,23,1,245,8,7,3,1
USER_05722,0,17,0,58,0,0,1,0
USER_05723,1,12,1,34,1,4,0,0
USER_05724,6,3,1,60,2,7,0,1
USER_05725,2,9,2,204,8,8,1,1
USER_05726,4,16,1,46,8,6,0,0
USER_05727,0,20,0,19,0,4,0,0
USER_05728,2,9,0,37,1,2,0,0
USER_05729,3,7,0,189,4,8,2,0
USER_05730,2,13,0,29,0,3,0,0
USER_05731,0,13,0,63,0,5,0,0
USER_05732,5,11,1,96,4,4,2,1
USER_05733,0,11,1,28,0,2,0,0
USER_05734,1,4,1,40,7,7,0,1
USER_05735,0,15,0,17,0,3,1,0
USER_05736,2,6,1,123,6,12,1,1
USER_05737,0,15,0,18,0,5,0,0
USER_05738,2,13,0,15,2,5,0,0
USER_05739,6,0,0,89,2,6,1,1
USER_05740,3,12,0,41,1,4,0,0
USER_05741,6,12,0,57,6,6,1,1
USER_05742,2,14,0,25,0,1,0,0
USER_05743,4,4,2,12,5,8,2,1
USER_05744,1,0,2,115,3,7,1,0
USER_05745,0,19,1,15,2,4,0,0
USER_05746,3,13,0,39,0,3,0,1
USER_05747,0,13,0,27,0,1,0,0
USER_05748,5,1,0,154,7,9,1,1
USER_05749,5,7,3,22,4,7,3,0
USER_05750,5,7,2,40,4,12,4,1
USER_05751,1,7,0,63,1,3,0,0
USER_05752,1,16,0,10,2,4,0,0
USER_05753,4,10,3,68,11,4,2,1
USER_05754,2,22,1,233,1,14,0,0
USER_05755,6,11,0,30,1,2,1,0
USER_05756,0,13,0,6,1,3,0,0
USER_05757,5,8,0,32,0,2,0,0
USER_05758,1,17,0,17,0,7,1,0
USER_05759,1,13,0,58,3,3,1,0
USER_05760,0,5,0,14,3,1,1,1
USER_05761,1,12,0,37,1,4,0,0
USER_05762,3,9,1,113,6,14,0,1
USER_05763,4,11,1,42,8,18,2,1
USER_05764,9,21,2,82,8,13,3,1
USER_05765,2,18,0,36,1,1,0,0
USER_05766,1,16,0,21,1,2,0,0
USER_05767,1,11,1,25,1,6,0,0
USER_05768,3,16,1,30,1,3,0,0
USER_05769,1,14,0,35,2,3,0,0
USER_05770,5,8,1,193,3,10,2,1
USER_05771,6,10,4,51,15,14,1,1
USER_05772,5,11,2,278,3,5,1,1
USER_05773,1,8,1,31,0,3,0,0
USER_05774,4,14,0,57,2,8,0,1
USER_05775,2,12,0,15,0,4,0,0
USER_05776,3,15,1,31,1,2,2,0
USER_05777,2,2,3,101,4,8,0,0
USER_05778,4,18,0,13,1,4,0,0
USER_05779,8,0,0,44,8,9,2,1
USER_05780,1,14,0,25,1,0,0,0
USER_05781,7,2,0,64,6,7,0,1
USER_05782,1,7,3,68,6,12,1,1
USER_05783,3,6,0,19,0,2,0,1
USER_05784,4,22,4,95,7,12,5,1
USER_05785,1,8,0,52,0,5,1,0
USER_05786,5,6,3,148,7,9,0,0
USER_05787,3,20,1,114,2,9,2,1
USER_05788,3,4,1,192,3,12,1,1
USER_05789,3,1,1,145,4,9,1,1
USER_05790,1,17,0,27,2,1,0,0
USER_05791,2,5,0,66,4,6,1,1
USER_05792,1,12,1,43,1,3,1,0
USER_05793,2,14,1,23,1,1,0,1
USER_05794,0,13,0,28,0,2,0,0
USER_05795,4,3,2,93,9,9,4,1
USER_05796,1,18,0,98,0,3,0,0
USER_05797,2,11,0,75,1,5,1,0
USER_05798,4,2,1,95,2,7,4,1
USER_05799,2,15,2,24,0,1,0,0
USER_05800,2,9,1,15,0,3,1,0
USER_05801,0,15,1,54,1,4,0,0
USER_05802,1,13,0,32,2,3,0,0
USER_05803,5,22,2,268,7,10,0,0
USER_05804,0,15,0,41,2,4,0,1
USER_05805,4,11,2,16,2,3,0,0
USER_05806,3,23,1,147,8,13,0,1
USER_05807,6,1,1,155,9,9,2,1
USER_05808,3,4,2,160,5,10,3,1
USER_05809,0,21,1,16,3,5,0,0
USER_05810,8,3,2,477,3,11,3,1
USER_05811,2,9,2,43,2,2,0,1
USER_05812,1,12,0,6,1,0,0,0
USER_05813,2,19,0,27,1,2,0,0
USER_05814,6,3,0,51,4,9,0,1
USER_05815,1,10,0,34,1,5,0,0
USER_05816,2,3,2,47,3,10,2,1
USER_05817,0,15,0,39,2,4,1,0
USER_05818,1,15,1,7,0,2,0,0
USER_05819,2,7,1,19,2,5,0,0
USER_05820,2,9,0,21,0,3,0,1
USER_05821,1,8,0,62,1,2,0,0
USER_05822,4,9,3,51,6,8,1,0
USER_05823,10,2,3,115,3,9,0,1
USER_05824,0,6,0,35,0,1,1,0
USER_05825,2,9,0,117,2,3,0,0
USER_05826,0,7,0,19,0,0,1,0
USER_05827,4,16,0,21,3,3,1,1
USER_05828,0,20,0,51,0,3,1,0
USER_05829,1,14,0,44,0,1,1,0
USER_05830,5,1,1,35,6,10,1,1
USER_05831,1,13,1,36,1,5,0,1
USER_05832,1,12,0,25,0,4,3,0
USER_05833,1,15,0,10,0,2,0,0
USER_05834,5,10,1,11,0,2,0,0
USER_05835,4,15,1,31,0,3,2,0
USER_05836,1,12,0,12,0,6,0,0
USER_05837,1,18,1,45,11,7,0,0
USER_05838,0,11,0,22,1,4,0,0
USER_05839,1,6,0,52,1,4,0,0
USER_05840,1,16,0,36,1,4,0,0
USER_05841,1,13,2,16,2,3,0,0
USER_05842,4,13,0,41,1,3,0,1
USER_05843,0,20,0,36,3,2,0,0
USER_05844,0,13,2,27,3,4,0,0
USER_05845,1,10,1,42,0,3,0,0
USER_05846,3,0,2,131,3,12,4,1
USER_05847,5,0,0,90,5,11,1,1
USER_05848,1,14,0,14,1,2,0,0
USER_05849,3,8,2,7,1,1,0,0
USER_05850,6,1,1,22,4,6,1,1
USER_05851,8,4,3,152,7,8,1,1
USER_05852,1,5,4,138,3,9,0,1
USER_05853,2,13,0,41,1,2,0,0
USER_05854,1,8,1,10,1,2,0,0
USER_05855,1,11,1,14,1,2,0,0
USER_05856,4,1,1,178,3,11,0,1
USER_05857,1,13,1,23,0,4,0,0
USER_05858,1,11,2,36,1,3,0,0
USER_05859,4,12,0,10,1,4,0,0
USER_05860,3,15,0,65,1,4,1,0
USER_05861,1,18,2,20,1,4,0,0
USER_05862,0,12,1,61,1,3,0,0
USER_05863,1,10,0,39,0,1,1,0
USER_05864,5,6,0,79,4,9,0,1
USER_05865,0,16,0,16,1,3,0,0
USER_05866,2,13,0,6,1,5,0,0
USER_05867,4,6,1,33,5,17,2,1
USER_05868,3,2,4,121,2,8,2,1
USER_05869,2,10,0,16,1,4,1,0
USER_05870,1,13,0,12,0,5,0,0
USER_05871,1,15,0,17,0,4,1,0
USER_05872,2,14,0,15,1,3,0,0
USER_05873,1,10,1,14,1,5,0,0
USER_05874,2,12,1,27,0,4,0,1
USER_05875,1,13,1,8,2,2,0,0
USER_05876,2,9,0,40,1,2,0,0
USER_05877,0,12,0,23,1,4,0,0
USER_05878,1,18,0,30,0,4,1,0
USER_05879,2,0,4,174,7,11,0,1
USER_05880,0,12,1,19,0,2,0,0
USER_05881,1,13,0,9,0,1,0,0
USER_05882,2,12,1,124,2,4,2,0
USER_05883,3,2,3,51,8,6,3,1
USER_05884,5,20,1,90,4,7,2,1
USER_05885,1,14,0,33,1,2,1,0
USER_05886,0,17,1,22,0,1,0,0
USER_05887,0,17,1,13,1,8,0,0
USER_05888,1,15,0,13,0,0,2,0
USER_05889,4,15,1,159,4,6,1,1
USER_05890,2,9,1,21,0,1,1,0
USER_05891,8,9,2,456,1,9,0,1
USER_05892,1,8,0,40,0,2,0,0
USER_05893,2,12,1,21,0,2,0,0
USER_05894,4,23,1,201,7,14,0,1
USER_05895,2,15,0,16,0,5,0,0
USER_05896,3,0,2,34,3,8,2,0
USER_05897,1,13,1,42,0,5,0,0
USER_05898,8,12,0,16,8,2,1,0
USER_05899,1,14,1,10,2,2,1,0
USER_05900,2,13,1,20,0,0,0,0
USER_05901,6,1,7,222,2,4,1,1
USER_05902,1,20,0,55,1,0,0,0
USER_05903,1,18,1,24,1,2,0,0
USER_05904,4,3,2,29,7,7,0,1
USER_05905,0,11,0,25,1,4,0,0
USER_05906,3,21,3,181,4,9,0,1
USER_05907,3,11,0,77,1,6,0,1
USER_05908,1,7,0,51,1,6,2,0
USER_05909,2,13,1,30,1,2,1,0
USER_05910,1,12,1,14,1,3,0,0
USER_05911,3,18,2,46,2,5,2,1
USER_05912,1,11,0,28,2,6,0,0
USER_05913,0,13,0,19,0,4,1,0
USER_05914,1,11,0,14,2,3,0,0
USER_05915,2,11,2,22,2,2,0,0
USER_05916,1,20,0,18,1,1,0,0
USER_05917,5,8,1,105,4,9,2,1
USER_05918,6,5,0,41,4,7,3,1
USER_05919,3,9,0,569,7,9,1,1
USER_05920,2,10,0,25,1,2,0,0
USER_05921,3,9,0,36,0,2,0,0
USER_05922,2,12,0,52,1,3,0,0
USER_05923,5,11,2,58,4,12,0,1
USER_05924,3,16,1,15,1,5,0,0
USER_05925,1,10,0,9,0,4,0,0
USER_05926,1,14,0,69,0,3,0,0
USER_05927,4,9,1,50,5,16,2,0
USER_05928,5,13,1,74,7,8,1,1
USER_05929,2,1,2,101,4,6,2,1
USER_05930,4,10,0,13,1,4,0,1
USER_05931,3,1,2,74,3,7,1,1
USER_05932,2,14,0,16,2,5,0,0
USER_05933,0,9,0,20,1,7,2,0
USER_05934,0,18,0,10,0,4,0,0
USER_05935,3,13,0,17,1,4,0,0
USER_05936,1,12,0,20,0,2,0,0
USER_05937,3,15,1,27,0,4,0,0
USER_05938,0,17,0,75,1,3,1,0
USER_05939,0,9,0,4,1,3,1,0
USER_05940,3,4,0,135,7,11,1,1
USER_05941,1,13,0,17,2,3,0,0
USER_05942,1,12,0,20,3,2,0,0
USER_05943,0,11,0,15,0,3,0,0
USER_05944,3,3,2,40,3,14,1,1
USER_05945,2,8,0,9,2,1,0,0
USER_05946,2,10,0,43,1,4,0,0
USER_05947,1,7,0,19,0,4,0,1
USER_05948,0,16,0,73,0,1,0,0
USER_05949,0,14,0,43,0,4,2,0
USER_05950,1,14,0,39,0,2,0,0
USER_05951,2,11,0,107,0,3,1,0
USER_05952,1,12,1,18,1,1,0,1
USER_05953,0,12,0,39,0,2,2,0
USER_05954,2,14,0,8,1,4,0,0
USER_05955,5,8,0,33,1,4,0,0
USER_05956,2,13,0,35,1,2,0,0
USER_05957,1,15,1,41,0,10,1,0
USER_05958,1,15,0,15,2,4,2,0
USER_05959,0,20,0,30,1,3,1,0
USER_05960,2,14,1,18,0,1,0,0
USER_05961,2,16,0,19,1,3,1,0
USER_05962,3,16,1,20,0,3,0,0
USER_05963,1,10,0,26,1,5,0,0
USER_05964,0,16,1,27,1,3,0,0
USER_05965,0,6,0,51,1,2,1,0
USER_05966,2,10,0,47,1,4,0,1
USER_05967,4,1,4,99,8,5,1,1
USER_05968,2,9,0,36,1,3,0,0
USER_05969,1,17,1,27,1,1,1,0
USER_05970,1,1,2,451,4,11,3,0
USER_05971,2,15,0,23,0,4,0,0
USER_05972,2,14,2,34,0,1,0,0
USER_05973,2,12,1,45,0,4,0,0
USER_05974,1,0,1,235,7,12,1,1
USER_05975,4,11,0,52,3,9,1,1
USER_05976,3,17,0,45,1,3,0,0
USER_05977,4,8,2,329,6,10,1,1
USER_05978,0,8,0,23,1,1,0,0
USER_05979,1,12,0,22,0,2,0,0
USER_05980,0,14,0,16,1,5,0,0
USER_05981,5,16,1,34,2,3,0,0
USER_05982,1,15,0,10,4,3,0,0
USER_05983,5,6,1,158,4,5,0,0
USER_05984,0,11,1,23,0,3,0,0
USER_05985,1,11,0,12,3,4,1,0
USER_05986,0,17,1,42,0,1,1,0
USER_05987,2,10,2,17,1,1,2,0
USER_05988,0,9,0,28,1,1,1,0
USER_05989,2,8,3,74,8,10,1,1
USER_05990,4,16,0,16,0,4,0,0
USER_05991,0,14,0,54,0,9,0,0
USER_05992,1,4,0,22,0,5,0,0
USER_05993,1,23,0,256,7,9,3,1
USER_05994,4,2,1,593,3,8,2,1
USER_05995,0,17,0,23,1,3,1,0
USER_05996,0,8,1,17,2,5,2,0
USER_05997,1,15,1,12,1,1,0,0
USER_05998,2,2,0,191,8,9,3,1
USER_05999,3,12,1,112,5,10,1,1
USER_06000,3,5,0,23,8,7,2,1
USER_06001,2,12,1,20,1,2,0,1
USER_06002,0,13,0,50,2,2,0,0
USER_06003,0,19,1,39,0,1,0,0
USER_06004,2,17,0,28,0,1,0,0
USER_06005,0,16,0,15,2,3,0,0
USER_06006,0,16,1,31,1,2,0,0
USER_06007,2,20,0,16,0,3,0,0
USER_06008,8,5,1,55,3,10,0,1
USER_06009,5,1,0,72,8,9,1,1
USER_06010,7,1,0,302,6,9,2,1
USER_06011,6,22,1,88,5,12,1,0
USER_06012,2,10,5,49,2,7,3,0
USER_06013,0,17,0,47,2,2,0,0
USER_06014,1,12,0,15,2,1,0,0
USER_06015,2,13,1,21,2,2,0,0
USER_06016,2,14,0,61,1,0,0,0
USER_06017,0,11,1,60,1,4,0,0
USER_06018,2,2,4,83,7,8,1,1
USER_06019,4,4,3,60,4,10,2,1
USER_06020,3,13,0,125,5,9,1,0
USER_06021,5,12,0,101,8,9,3,1
USER_06022,6,3,2,13,3,11,3,1
USER_06023,3,13,0,21,0,3,0,0
USER_06024,8,0,2,107,6,9,3,1
USER_06025,0,3,3,259,5,12,1,1
USER_06026,4,3,0,23,5,5,2,1
USER_06027,2,12,0,18,0,0,0,0
USER_06028,2,14,0,29,0,1,0,0
USER_06029,2,5,1,36,4,3,0,1
USER_06030,1,8,0,19,6,4,0,0
USER_06031,1,10,0,17,0,4,0,0
USER_06032,1,9,0,16,0,3,1,1
USER_06033,0,8,0,24,0,2,0,0
USER_06034,0,13,1,12,3,2,0,0
USER_06035,4,9,0,58,3,9,0,0
USER_06036,5,8,3,185,2,7,1,0
USER_06037,5,1,0,373,2,8,0,1
USER_06038,0,4,0,11,3,5,1,1
USER_06039,2,14,0,9,1,1,0,1
USER_06040,4,15,0,13,3,8,0,0
USER_06041,2,10,0,29,1,4,0,0
USER_06042,3,10,2,27,1,2,0,0
USER_06043,1,23,2,26,7,10,2,1
USER_06044,4,1,1,79,3,7,0,0
USER_06045,1,9,0,24,1,2,0,0
USER_06046,1,10,0,26,1,4,0,0
USER_06047,1,8,1,19,0,4,1,0
USER_06048,1,15,0,48,0,3,0,0
USER_06049,0,11,0,21,1,6,0,0
USER_06050,4,13,1,43,0,2,0,1
USER_06051,3,15,0,45,1,0,0,0
USER_06052,1,11,0,9,2,4,0,0
USER_06053,5,6,5,65,3,9,1,0
USER_06054,1,15,1,42,0,2,0,0
USER_06055,1,15,1,38,0,2,0,0
USER_06056,2,19,0,10,0,7,0,0
USER_06057,1,14,1,19,2,5,0,0
USER_06058,1,13,0,18,1,4,0,0
USER_06059,5,2,1,132,7,13,3,1
USER_06060,8,6,0,139,6,10,1,1
USER_06061,0,13,1,17,0,6,0,0
USER_06062,2,11,0,20,1,3,0,0
USER_06063,0,14,0,10,0,2,1,0
USER_06064,0,14,1,23,2,5,0,0
USER_06065,0,12,2,73,0,7,0,0
USER_06066,3,0,1,139,2,14,3,1
USER_06067,1,8,0,9,2,2,0,0
USER_06068,0,11,0,15,2,1,0,0
USER_06069,0,11,0,25,1,4,0,0
USER_06070,4,12,1,26,1,1,0,0
USER_06071,4,22,2,98,6,12,2,1
USER_06072,0,19,0,35,2,6,0,0
USER_06073,2,12,0,27,2,4,1,1
USER_06074,0,8,1,52,1,1,0,0
USER_06075,4,8,2,128,6,11,2,1
USER_06076,2,12,0,19,1,2,1,0
USER_06077,0,20,1,41,0,2,2,0
USER_06078,2,14,1,63,0,2,1,0
USER_06079,0,16,0,10,2,3,0,0
USER_06080,6,22,2,49,8,4,2,0
USER_06081,1,14,1,11,0,0,0,0
USER_06082,3,11,1,58,1,1,0,0
USER_06083,1,13,1,8,2,3,0,0
USER_06084,1,10,0,38,1,6,0,0
USER_06085,4,11,1,35,0,2,0,0
USER_06086,0,9,2,57,6,12,1,1
USER_06087,3,14,0,37,1,2,0,0
USER_06088,5,14,0,39,0,1,0,0
USER_06089,0,11,0,33,1,3,0,0
USER_06090,7,8,1,83,4,8,3,1
USER_06091,0,13,1,14,2,3,0,0
USER_06092,2,14,0,37,0,1,0,0
USER_06093,0,17,0,12,1,2,0,1
USER_06094,3,10,0,7,0,1,0,0
USER_06095,3,3,1,88,4,11,1,1
USER_06096,2,19,0,14,0,4,0,0
USER_06097,5,15,0,37,1,5,0,0
USER_06098,1,16,0,29,1,3,1,0
USER_06099,0,12,1,51,1,3,2,0
USER_06100,2,12,0,50,0,1,0,0
USER_06101,1,9,0,39,3,4,0,1
USER_06102,3,20,1,12,0,3,1,0
USER_06103,4,4,2,59,6,6,2,1
USER_06104,6,13,0,59,5,11,2,1
USER_06105,0,17,0,25,1,2,0,0
USER_06106,3,0,3,16,3,9,0,1
USER_06107,4,1,1,118,5,6,2,1
USER_06108,0,15,0,5,0,3,1,0
USER_06109,6,17,0,17,1,3,0,0
USER_06110,1,8,0,58,0,0,0,0
USER_06111,2,14,0,21,0,2,2,0
USER_06112,0,9,0,44,1,4,0,0
USER_06113,1,13,0,60,0,1,1,0
USER_06114,2,5,2,69,7,6,0,1
USER_06115,2,7,0,17,0,3,0,0
USER_06116,2,4,0,41,9,9,2,1
USER_06117,4,10,0,12,1,2,0,0
USER_06118,2,14,0,23,1,2,0,0
USER_06119,5,21,1,100,5,6,4,1
USER_06120,0,15,0,5,1,4,1,0
USER_06121,0,12,0,31,0,6,0,0
USER_06122,1,13,1,18,0,5,1,1
USER_06123,0,14,0,16,0,6,0,0
USER_06124,3,3,0,42,0,3,0,0
USER_06125,0,9,0,28,1,3,0,0
USER_06126,2,18,1,12,0,4,0,0
USER_06127,2,9,0,30,2,3,0,0
USER_06128,1,9,0,51,0,4,0,0
USER_06129,2,12,0,45,0,1,0,0
USER_06130,1,16,0,47,0,3,0,0
USER_06131,3,8,0,25,1,4,0,1
USER_06132,2,12,0,19,1,2,0,0
USER_06133,2,3,1,198,5,11,2,1
USER_06134,0,14,0,74,2,1,0,0
USER_06135,0,10,1,21,1,5,0,0
USER_06136,1,17,0,18,1,6,0,0
USER_06137,7,7,2,590,9,5,2,1
USER_06138,2,15,0,22,1,3,0,0
USER_06139,0,10,0,20,0,5,0,0
USER_06140,2,16,0,18,0,3,0,1
USER_06141,5,12,0,36,1,1,0,0
USER_06142,1,14,2,24,1,1,2,1
USER_06143,1,7,0,19,0,2,1,0
USER_06144,2,18,1,23,1,4,0,0
USER_06145,2,18,0,21,0,7,0,0
USER_06146,2,9,0,19,1,2,0,0
USER_06147,3,8,0,211,0,6,1,0
USER_06148,4,8,0,27,0,6,0,0
USER_06149,4,7,1,112,6,14,2,1
USER_06150,5,10,0,82,2,10,0,1
USER_06151,5,3,3,156,4,11,0,1
USER_06152,5,8,0,79,4,5,2,0
USER_06153,1,13,0,15,0,2,0,0
USER_06154,1,9,0,25,1,6,0,0
USER_06155,1,17,0,27,0,2,1,0
USER_06156,3,12,0,16,1,3,0,0
USER_06157,1,15,0,23,1,7,0,0
USER_06158,1,16,0,16,1,5,0,0
USER_06159,0,11,0,10,3,2,0,0
USER_06160,3,6,2,24,4,5,1,0
USER_06161,3,15,0,34,1,2,0,0
USER_06162,1,16,1,9,1,0,0,0
USER_06163,0,11,1,46,0,5,0,0
USER_06164,0,13,0,25,1,2,1,0
USER_06165,1,3,0,92,6,11,2,1
USER_06166,0,12,0,22,0,3,0,0
USER_06167,2,18,0,14,1,5,0,0
USER_06168,2,7,0,64,0,3,2,0
USER_06169,1,19,1,19,0,5,0,0
USER_06170,1,19,0,12,2,5,2,0
USER_06171,3,8,1,118,3,5,3,1
USER_06172,0,9,0,23,0,2,1,0
USER_06173,3,13,1,37,1,1,0,0
USER_06174,2,12,0,27,0,3,0,0
USER_06175,1,17,0,29,0,1,0,0
USER_06176,7,7,1,73,3,6,1,1
USER_06177,4,4,1,187,6,8,1,1
USER_06178,0,8,0,15,2,3,0,0
USER_06179,0,12,0,23,1,6,0,0
USER_06180,0,22,0,25,2,8,1,0
USER_06181,0,14,0,20,1,3,1,0
USER_06182,0,18,1,55,6,2,0,0
USER_06183,9,4,2,85,2,8,1,1
USER_06184,1,19,0,6,2,5,0,0
USER_06185,3,13,1,38,0,7,0,0
USER_06186,8,0,3,133,3,9,2,1
USER_06187,10,4,2,35,5,6,2,1
USER_06188,0,13,1,32,1,3,0,0
USER_06189,5,13,0,19,0,2,1,0
USER_06190,2,8,0,64,1,1,0,0
USER_06191,4,4,0,225,6,3,3,1
USER_06192,3,22,1,8,1,6,0,1
USER_06193,0,19,0,12,0,1,0,0
USER_06194,3,13,0,29,1,2,0,0
USER_06195,0,10,0,15,2,3,0,0
USER_06196,0,17,0,26,1,2,0,0
USER_06197,10,22,2,280,2,10,3,1
USER_06198,0,15,0,13,1,3,0,0
USER_06199,0,12,0,31,0,5,0,0
USER_06200,4,2,1,30,6,8,3,1
USER_06201,0,14,1,92,1,4,0,0
USER_06202,1,15,1,29,1,7,0,0
USER_06203,0,9,0,19,1,1,0,0
USER_06204,1,10,0,19,3,2,1,0
USER_06205,1,9,0,7,3,2,0,0
USER_06206,1,15,0,35,0,5,0,0
USER_06207,1,13,0,27,2,5,0,0
USER_06208,1,8,0,22,0,4,0,0
USER_06209,0,14,0,25,2,4,2,0
USER_06210,9,18,2,33,4,10,4,1
USER_06211,2,7,1,6,0,4,0,0
USER_06212,3,1,2,199,5,11,3,1
USER_06213,1,14,0,20,1,1,1,0
USER_06214,1,9,0,28,0,0,0,0
USER_06215,0,12,0,26,1,5,0,0
USER_06216,1,10,0,26,1,2,0,0
USER_06217,2,7,0,17,1,5,1,0
USER_06218,0,6,1,81,0,5,0,0
USER_06219,1,9,0,49,0,7,0,1
USER_06220,1,20,0,14,0,3,0,0
USER_06221,1,9,0,56,1,3,0,0
USER_06222,0,12,0,31,2,3,0,0
USER_06223,1,13,0,10,1,0,0,0
USER_06224,1,20,1,50,0,1,0,0
USER_06225,1,6,0,19,0,2,0,0
USER_06226,2,10,0,19,0,2,0,0
USER_06227,5,14,0,22,0,3,1,0
USER_06228,1,13,0,27,2,1,0,0
USER_06229,2,11,2,21,2,3,1,0
USER_06230,2,15,0,44,0,3,0,0
USER_06231,6,23,3,2000,2,8,0,1
USER_06232,1,12,0,20,2,1,0,0
USER_06233,3,4,1,63,0,6,1,1
USER_06234,5,16,0,19,1,5,3,0
USER_06235,2,5,0,14,2,4,0,0
USER_06236,4,12,0,18,0,0,0,0
USER_06237,3,12,0,11,2,4,0,1
USER_06238,4,11,0,32,2,2,0,1
USER_06239,7,5,2,174,4,9,2,0
USER_06240,1,12,0,12,0,7,0,0
USER_06241,1,17,0,64,0,8,0,0
USER_06242,0,15,0,10,2,3,0,0
USER_06243,2,10,0,12,0,5,0,0
USER_06244,5,3,3,101,6,10,2,1
USER_06245,3,9,0,23,1,3,0,0
USER_06246,2,16,2,12,1,3,0,0
USER_06247,7,3,0,132,8,5,3,1
USER_06248,2,1,1,62,7,2,3,0
USER_06249,0,13,0,40,0,3,0,0
USER_06250,2,14,0,29,0,2,0,0
USER_06251,5,10,2,393,6,8,2,1
USER_06252,3,13,0,20,2,1,0,0
USER_06253,1,12,0,27,0,8,0,0
USER_06254,1,14,2,33,2,4,0,0
USER_06255,5,10,4,32,3,9,2,0
USER_06256,4,12,2,103,10,10,5,1
USER_06257,4,15,1,62,1,3,0,0
USER_06258,3,10,0,12,2,1,0,0
USER_06259,0,9,1,18,1,2,0,0
USER_06260,1,13,0,17,0,1,0,0
USER_06261,8,2,2,111,2,9,3,1
USER_06262,3,16,1,48,1,0,1,0
USER_06263,1,19,0,10,1,3,0,0
USER_06264,5,0,1,147,5,13,0,1
USER_06265,3,11,0,16,0,1,0,0
USER_06266,2,17,1,73,9,9,2,1
USER_06267,2,19,0,25,0,2,1,0
USER_06268,6,3,2,13,4,11,1,1
USER_06269,5,7,0,77,0,2,0,0
USER_06270,1,9,0,7,3,5,0,0
USER_06271,0,12,0,7,0,1,0,0
USER_06272,1,14,1,25,0,2,0,0
USER_06273,0,20,1,32,1,3,0,0
USER_06274,3,10,1,15,1,3,0,0
USER_06275,2,15,1,26,0,5,0,0
USER_06276,5,7,0,62,3,11,1,1
USER_06277,1,11,0,11,0,3,0,0
USER_06278,1,19,1,30,2,2,0,1
USER_06279,4,7,2,109,6,7,2,1
USER_06280,1,9,1,25,1,2,1,0
USER_06281,5,1,0,71,4,11,3,1
USER_06282,0,13,1,14,1,2,1,0
USER_06283,0,9,1,32,2,4,2,0
USER_06284,1,11,1,71,1,4,1,0
USER_06285,5,1,1,32,9,7,2,1
USER_06286,0,11,0,21,3,2,0,0
USER_06287,0,13,0,27,1,2,0,0
USER_06288,1,3,2,21,10,3,0,1
USER_06289,0,20,1,30,1,3,1,0
USER_06290,9,12,1,124,5,8,0,1
USER_06291,4,2,0,44,4,9,2,1
USER_06292,6,0,0,253,3,8,0,1
USER_06293,4,9,2,540,5,7,2,1
USER_06294,3,2,2,139,3,8,1,1
USER_06295,1,11,0,16,2,4,0,0
USER_06296,7,7,1,88,6,10,1,0
USER_06297,4,3,1,96,4,10,0,1
USER_06298,1,9,0,12,1,5,0,0
USER_06299,3,11,0,10,1,1,0,0
USER_06300,0,2,1,136,2,11,0,1
USER_06301,0,12,0,11,0,4,1,0
USER_06302,3,13,0,34,1,4,0,1
USER_06303,3,9,0,25,1,4,0,1
USER_06304,0,16,1,70,1,2,0,0
USER_06305,5,2,1,196,4,12,1,1
USER_06306,4,10,0,24,1,1,0,0
USER_06307,0,12,1,50,1,1,1,0
USER_06308,7,4,1,24,7,17,3,1
USER_06309,3,9,0,15,3,1,0,0
USER_06310,5,19,3,58,3,15,2,0
USER_06311,3,13,0,78,1,3,0,0
USER_06312,7,1,1,110,5,9,5,1
USER_06313,2,0,4,516,3,11,0,0
USER_06314,3,12,1,11,1,7,0,1
USER_06315,2,11,1,38,3,2,0,0
USER_06316,2,17,0,14,0,4,0,0
USER_06317,2,7,0,15,2,5,1,1
USER_06318,1,2,2,235,7,9,2,1
USER_06319,0,9,0,16,1,3,0,0
USER_06320,5,10,0,76,0,3,0,0
USER_06321,1,11,0,67,1,3,0,0
USER_06322,2,12,0,65,4,3,0,1
USER_06323,3,6,1,67,5,9,0,0
USER_06324,3,13,0,70,0,5,0,0
USER_06325,2,11,1,23,1,5,0,0
USER_06326,3,4,0,38,1,4,1,1
USER_06327,5,3,1,169,5,11,0,1
USER_06328,2,16,0,17,1,6,1,0
USER_06329,1,15,0,40,2,3,0,0
USER_06330,1,15,0,21,2,1,0,0
USER_06331,0,12,0,35,0,5,3,0
USER_06332,3,1,3,55,7,7,0,0
USER_06333,2,11,0,34,1,0,0,0
USER_06334,2,11,0,37,1,2,0,0
USER_06335,3,12,2,178,11,11,3,1
USER_06336,2,16,0,87,0,3,0,0
USER_06337,2,4,0,57,2,5,1,0
USER_06338,3,13,1,16,0,3,0,0
USER_06339,0,13,0,15,1,3,0,0
USER_06340,5,4,2,27,7,9,2,1
USER_06341,5,1,6,23,6,8,2,1
USER_06342,8,8,1,97,3,10,1,1
USER_06343,3,1,2,42,3,12,1,1
USER_06344,3,12,0,8,2,1,0,0
USER_06345,1,15,0,33,1,3,0,0
USER_06346,2,7,0,44,1,3,0,0
USER_06347,2,5,2,54,1,11,2,1
USER_06348,4,2,1,113,6,11,1,1
USER_06349,0,14,1,21,0,2,0,1
USER_06350,0,8,1,36,1,2,0,0
USER_06351,10,6,0,67,3,7,1,1
USER_06352,2,1,1,301,5,11,1,1
USER_06353,3,2,2,40,6,11,1,1
USER_06354,1,8,1,12,2,1,0,0
USER_06355,2,17,0,8,0,3,1,0
USER_06356,2,9,0,15,0,2,1,0
USER_06357,1,11,0,22,2,1,1,0
USER_06358,3,3,2,26,11,9,1,1
USER_06359,1,6,1,41,1,5,1,0
USER_06360,0,15,0,76,1,1,0,0
USER_06361,1,9,0,37,2,3,0,0
USER_06362,2,16,0,50,3,2,1,1
USER_06363,2,14,0,8,0,1,0,0
USER_06364,2,17,1,10,1,4,0,1
USER_06365,5,2,0,159,6,7,3,1
USER_06366,1,16,1,28,0,1,2,0
USER_06367,1,14,0,23,2,4,0,0
USER_06368,0,12,0,8,2,3,0,0
USER_06369,1,14,0,37,2,2,0,0
USER_06370,4,12,1,87,5,12,0,1
USER_06371,8,6,0,133,7,7,2,1
USER_06372,1,17,0,37,1,1,1,0
USER_06373,8,22,1,74,7,4,2,1
USER_06374,2,1,0,102,6,10,0,1
USER_06375,4,7,0,39,2,2,0,0
USER_06376,2,6,0,16,0,2,0,0
USER_06377,0,11,0,11,0,3,1,0
USER_06378,5,4,0,147,7,11,2,1
USER_06379,5,12,1,42,2,6,1,0
USER_06380,3,8,0,13,1,2,1,0
USER_06381,5,21,4,202,1,9,0,1
USER_06382,8,5,2,58,7,9,1,1
USER_06383,2,11,0,25,3,0,0,0
USER_06384,2,4,3,50,6,9,1,1
USER_06385,1,16,1,35,2,3,1,0
USER_06386,2,2,1,229,7,9,2,1
USER_06387,2,11,1,21,0,2,0,0
USER_06388,2,14,0,17,1,2,1,0
USER_06389,7,20,0,45,9,8,3,1
USER_06390,3,18,0,40,0,1,0,0
USER_06391,4,15,0,18,1,5,1,0
USER_06392,1,15,0,22,2,2,1,0
USER_06393,0,10,0,42,1,1,0,0
USER_06394,1,9,0,24,2,6,0,0
USER_06395,0,10,0,23,0,2,1,0
USER_06396,1,0,0,48,4,8,2,1
USER_06397,4,4,1,145,1,4,0,0
USER_06398,1,6,0,33,1,3,0,0
USER_06399,1,17,1,20,0,5,1,0
USER_06400,8,0,0,168,6,4,1,1
USER_06401,0,16,0,19,0,2,0,0
USER_06402,1,14,1,10,0,9,1,0
USER_06403,2,15,0,7,0,2,0,0
USER_06404,2,16,1,43,1,2,0,0
USER_06405,2,12,1,76,2,2,0,1
USER_06406,6,6,2,57,8,6,3,1
USER_06407,7,0,1,106,2,12,2,1
USER_06408,1,16,0,42,0,0,0,0
USER_06409,1,18,1,18,0,3,0,0
USER_06410,2,10,0,15,0,8,2,0
USER_06411,1,16,0,53,0,4,0,0
USER_06412,6,1,1,704,6,8,2,1
USER_06413,0,7,0,21,1,1,1,0
USER_06414,4,5,1,91,7,8,0,1
USER_06415,3,10,1,16,3,2,0,0
USER_06416,2,18,0,61,1,2,0,0
USER_06417,1,13,0,57,1,1,0,0
USER_06418,1,21,1,10,3,1,0,0
USER_06419,3,7,2,29,3,9,0,1
USER_06420,1,10,1,22,0,2,1,0
USER_06421,2,15,0,16,0,8,1,0
USER_06422,0,15,2,20,0,2,0,0
USER_06423,1,15,0,28,0,1,0,0
USER_06424,5,6,1,105,5,20,1,1
USER_06425,3,15,0,35,0,2,0,0
USER_06426,2,9,1,37,0,2,1,0
USER_06427,1,5,1,10,1,4,0,1
USER_06428,0,14,0,23,0,4,0,0
USER_06429,2,21,0,21,2,1,1,0
USER_06430,1,15,0,41,0,0,0,0
USER_06431,1,10,0,6,0,5,1,0
USER_06432,1,12,3,71,1,2,1,0
USER_06433,1,13,1,24,2,2,0,0
USER_06434,6,15,2,71,1,4,1,1
USER_06435,2,9,1,8,1,1,1,0
USER_06436,3,14,0,20,2,1,1,0
USER_06437,3,14,0,13,0,3,1,0
USER_06438,1,9,0,45,2,6,2,0
USER_06439,8,22,1,130,5,6,1,1
USER_06440,1,12,0,23,1,3,2,0
USER_06441,4,11,0,16,1,5,0,0
USER_06442,2,5,2,17,3,9,1,1
USER_06443,5,21,0,94,2,3,1,0
USER_06444,3,1,2,142,4,7,3,1
USER_06445,0,14,0,27,0,0,0,1
USER_06446,1,15,0,18,0,4,0,0
USER_06447,1,12,1,31,2,1,0,0
USER_06448,0,10,0,41,1,4,1,0
USER_06449,2,12,0,26,1,6,0,0
USER_06450,2,22,1,64,4,6,3,0
USER_06451,3,20,0,42,0,4,0,0
USER_06452,1,11,1,30,1,5,1,0
USER_06453,0,19,1,28,2,0,1,0
USER_06454,1,13,0,15,1,3,0,0
USER_06455,0,11,0,16,2,2,0,0
USER_06456,4,3,1,227,3,9,2,1
USER_06457,3,9,0,15,0,3,0,0
USER_06458,5,8,2,618,3,10,1,1
USER_06459,2,12,1,37,1,3,0,0
USER_06460,8,6,1,92,2,7,1,1
USER_06461,1,20,1,5,2,1,2,0
USER_06462,4,6,2,58,9,9,1,1
USER_06463,1,8,0,198,0,8,6,0
USER_06464,2,11,0,19,1,4,0,0
USER_06465,2,8,1,36,1,3,0,0
USER_06466,4,2,4,57,9,5,2,1
USER_06467,3,16,0,23,2,5,1,0
USER_06468,2,3,4,77,5,5,1,1
USER_06469,3,23,0,95,6,7,2,1
USER_06470,3,1,0,159,8,8,2,1
USER_06471,2,13,0,27,0,1,0,0
USER_06472,2,14,0,10,1,2,0,0
USER_06473,3,0,3,43,3,10,1,0
USER_06474,4,14,0,43,0,0,0,0
USER_06475,0,12,0,41,0,1,0,1
USER_06476,1,13,0,17,1,0,0,0
USER_06477,5,1,1,96,8,8,1,1
USER_06478,1,12,0,5,0,3,0,1
USER_06479,0,8,0,17,0,4,0,0
USER_06480,1,17,0,8,0,3,2,0
USER_06481,3,18,2,29,2,8,0,0
USER_06482,2,4,0,16,1,4,0,0
USER_06483,5,19,2,31,8,8,0,1
USER_06484,5,10,0,36,9,10,2,1
USER_06485,6,3,2,415,7,5,0,1
USER_06486,1,4,0,121,4,5,2,1
USER_06487,1,13,1,15,1,1,0,0
USER_06488,0,13,1,33,2,2,1,0
USER_06489,0,10,0,16,1,1,0,0
USER_06490,2,5,2,61,4,7,1,0
USER_06491,1,16,0,10,0,1,1,0
USER_06492,1,11,1,64,2,1,0,0
USER_06493,5,3,3,44,3,5,1,1
USER_06494,3,11,1,17,1,1,0,0
USER_06495,5,16,2,160,7,9,1,1
USER_06496,3,12,1,17,0,1,0,0
USER_06497,1,12,0,31,2,5,0,0
USER_06498,2,12,1,7,1,3,0,0
USER_06499,4,13,0,16,5,4,0,0
USER_06500,1,6,0,39,0,3,0,0
USER_06501,3,1,3,32,4,8,1,1
USER_06502,2,14,0,22,1,1,0,0
USER_06503,0,17,0,11,0,1,0,0
USER_06504,7,4,2,54,3,6,3,1
USER_06505,3,5,3,185,8,6,2,1
USER_06506,1,13,0,14,2,5,0,1
USER_06507,4,4,0,447,4,5,0,1
USER_06508,2,10,1,31,1,3,1,0
USER_06509,2,6,0,14,0,2,0,0
USER_06510,0,13,0,18,0,3,0,0
USER_06511,5,4,2,262,6,13,1,1
USER_06512,0,18,0,36,0,2,0,0
USER_06513,1,12,1,11,1,3,0,0
USER_06514,3,19,1,28,6,13,3,1
USER_06515,2,9,0,26,0,1,0,0
USER_06516,1,13,0,28,1,4,0,0
USER_06517,5,3,2,96,4,6,0,1
USER_06518,0,13,1,28,3,4,2,0
USER_06519,0,23,0,21,0,3,0,0
USER_06520,2,9,0,43,0,2,0,0
USER_06521,5,6,1,110,3,7,0,0
USER_06522,2,17,0,50,1,3,0,0
USER_06523,2,17,1,17,0,3,0,0
USER_06524,5,9,0,12,0,4,1,0
USER_06525,2,13,0,21,1,1,0,0
USER_06526,3,5,2,193,6,10,0,1
USER_06527,3,15,0,29,1,3,0,0
USER_06528,0,11,1,8,0,0,1,0
USER_06529,0,14,0,14,0,0,0,0
USER_06530,0,17,0,15,1,4,0,0
USER_06531,0,13,0,29,2,3,2,0
USER_06532,6,3,0,117,6,13,2,1
USER_06533,9,2,3,90,6,10,2,1
USER_06534,2,17,0,11,1,3,0,0
USER_06535,2,11,0,15,0,8,0,0
USER_06536,1,14,1,12,1,3,0,0
USER_06537,1,15,1,26,0,3,0,0
USER_06538,2,15,1,36,0,4,0,0
USER_06539,0,14,0,77,1,1,0,0
USER_06540,4,20,2,60,3,9,1,1
USER_06541,3,2,0,32,6,9,4,1
USER_06542,2,7,1,18,2,5,0,0
USER_06543,0,22,0,320,6,7,0,1
USER_06544,2,15,0,91,2,3,0,0
USER_06545,6,16,0,15,1,5,1,0
USER_06546,6,1,2,158,5,8,2,1
USER_06547,3,20,0,37,0,2,1,1
USER_06548,3,7,0,16,1,4,0,0
USER_06549,7,16,1,103,3,12,1,1
USER_06550,2,15,1,9,1,2,1,0
USER_06551,6,13,2,77,5,15,4,1
USER_06552,2,14,0,12,3,2,0,0
USER_06553,5,2,1,138,3,7,1,1
USER_06554,0,19,0,22,3,3,0,0
USER_06555,2,9,0,30,3,1,1,0
USER_06556,2,11,0,18,2,1,0,0
USER_06557,2,16,0,56,6,7,1,1
USER_06558,3,12,0,19,1,2,0,1
USER_06559,7,6,2,62,12,9,2,1
USER_06560,2,15,0,31,3,3,1,0
USER_06561,0,14,0,10,0,4,0,0
USER_06562,2,19,0,27,0,3,0,0
USER_06563,1,16,1,15,1,4,0,0
USER_06564,5,13,3,89,3,12,2,1
USER_06565,1,16,1,10,2,0,0,1
USER_06566,0,9,1,10,0,2,0,0
USER_06567,1,12,1,18,2,2,0,0
USER_06568,2,12,0,23,0,2,0,0
USER_06569,2,17,0,28,0,3,0,0
USER_06570,6,12,2,95,7,6,0,1
USER_06571,4,13,0,31,3,3,0,1
USER_06572,0,13,0,18,1,3,0,0
USER_06573,1,17,1,19,1,0,0,0
USER_06574,2,9,0,60,1,1,1,0
USER_06575,2,13,2,36,0,1,0,0
USER_06576,4,18,0,16,4,6,0,0
USER_06577,2,15,1,20,3,1,0,1
USER_06578,3,19,0,58,5,8,4,0
USER_06579,5,3,2,93,7,9,2,1
USER_06580,4,1,1,36,1,6,3,1
USER_06581,3,2,1,44,9,10,5,1
USER_06582,1,12,0,22,2,6,0,1
USER_06583,2,5,4,80,4,15,3,1
USER_06584,2,15,2,19,2,6,0,0
USER_06585,0,9,1,22,1,1,0,0
USER_06586,3,17,0,18,7,0,0,0
USER_06587,3,15,0,27,2,3,0,0
USER_06588,7,9,0,557,11,9,1,0
USER_06589,8,4,3,143,5,10,2,1
USER_06590,1,13,1,34,2,2,0,0
USER_06591,4,16,0,45,0,2,0,0
USER_06592,1,13,1,30,3,6,0,0
USER_06593,1,16,0,13,3,1,1,0
USER_06594,7,1,0,41,3,8,3,1
USER_06595,3,7,0,67,6,10,0,0
USER_06596,2,18,0,13,0,3,0,0
USER_06597,3,14,0,14,0,3,0,1
USER_06598,3,9,0,45,1,7,0,0
USER_06599,1,12,0,43,0,2,2,0
USER_06600,1,20,0,18,0,0,0,0
USER_06601,2,11,0,10,2,4,1,0
USER_06602,3,7,1,8,3,2,0,0
USER_06603,2,10,0,16,0,1,0,0
USER_06604,3,12,2,51,0,3,0,0
USER_06605,3,0,0,230,7,5,0,1
USER_06606,1,17,0,18,1,2,0,0
USER_06607,7,2,0,93,3,14,1,1
USER_06608,2,18,0,29,1,5,0,0
USER_06609,1,15,0,18,1,3,0,0
USER_06610,0,17,0,11,2,4,0,0
USER_06611,6,8,3,271,6,11,0,1
USER_06612,3,12,0,59,2,1,0,0
USER_06613,3,19,0,21,0,3,0,0
USER_06614,0,18,0,9,1,3,0,0
USER_06615,2,1,2,55,6,7,1,1
USER_06616,2,18,0,29,0,3,0,0
USER_06617,0,22,0,24,2,1,0,0
USER_06618,2,5,3,95,2,7,1,1
USER_06619,3,6,0,42,0,3,0,0
USER_06620,3,7,0,13,1,1,1,0
USER_06621,3,22,0,100,4,9,1,0
USER_06622,0,10,0,26,2,5,0,0
USER_06623,1,10,0,31,1,3,1,0
USER_06624,2,14,0,15,2,2,0,0
USER_06625,1,12,1,37,2,1,0,0
USER_06626,4,23,2,59,7,8,0,1
USER_06627,0,16,0,34,2,4,1,0
USER_06628,1,9,0,24,0,5,1,0
USER_06629,4,14,1,24,2,2,1,0
USER_06630,3,11,1,28,1,2,0,0
USER_06631,0,16,1,28,0,1,0,0
USER_06632,0,12,1,26,1,3,0,0
USER_06633,4,3,0,114,5,7,0,1
USER_06634,1,13,0,40,0,2,0,0
USER_06635,6,4,0,167,3,1,2,1
USER_06636,1,14,0,43,2,1,0,0
USER_06637,3,8,0,18,1,1,1,0
USER_06638,9,23,0,273,4,7,1,1
USER_06639,9,4,1,112,2,6,1,1
USER_06640,2,6,0,43,0,3,0,0
USER_06641,1,12,1,32,2,3,0,0
USER_06642,6,5,1,32,5,6,0,1
USER_06643,6,16,0,6,1,2,0,0
USER_06644,1,15,0,18,0,2,1,0
USER_06645,2,13,0,40,1,4,2,0
USER_06646,0,12,0,50,0,6,0,1
USER_06647,1,10,0,11,0,3,0,0
USER_06648,1,16,0,13,1,4,1,0
USER_06649,6,5,2,25,4,9,2,0
USER_06650,0,11,0,19,0,2,0,0
USER_06651,1,18,0,29,1,3,0,0
USER_06652,6,17,2,478,3,10,1,1
USER_06653,2,16,0,43,1,3,1,0
USER_06654,3,13,0,57,0,6,1,0
USER_06655,2,20,3,14,1,3,0,0
USER_06656,4,10,0,16,1,5,0,0
USER_06657,1,6,0,46,1,3,0,0
USER_06658,5,5,1,59,5,18,2,1
USER_06659,3,7,0,80,3,7,2,1
USER_06660,2,16,1,12,1,5,0,0
USER_06661,4,17,0,22,1,1,0,0
USER_06662,3,9,0,165,8,8,2,1
USER_06663,3,17,1,30,0,4,0,0
USER_06664,5,0,1,193,5,10,0,1
USER_06665,0,14,0,8,1,4,0,0
USER_06666,2,6,0,79,4,9,2,0
USER_06667,0,1,0,154,4,11,2,1
USER_06668,1,11,0,32,1,5,0,0
USER_06669,3,13,0,30,1,3,0,0
USER_06670,4,2,0,47,6,11,1,1
USER_06671,4,15,0,32,3,2,0,1
USER_06672,1,19,0,15,1,3,0,0
USER_06673,2,10,2,29,1,3,0,1
USER_06674,2,7,0,30,0,2,0,0
USER_06675,2,13,0,27,1,2,0,0
USER_06676,0,14,2,32,1,2,0,0
USER_06677,3,12,0,22,0,5,1,0
USER_06678,4,9,0,66,0,4,0,0
USER_06679,1,17,0,23,0,5,0,0
USER_06680,2,14,0,42,1,3,0,0
USER_06681,4,19,1,68,0,1,1,0
USER_06682,7,22,0,26,5,6,1,0
USER_06683,2,10,0,39,3,1,1,0
USER_06684,5,18,0,43,8,7,2,1
USER_06685,1,15,1,84,0,4,0,0
USER_06686,1,19,0,70,0,5,2,0
USER_06687,2,14,1,93,6,8,0,0
USER_06688,4,7,1,101,3,6,4,1
USER_06689,2,13,0,7,0,1,0,0
USER_06690,1,12,0,28,1,3,0,0
USER_06691,1,12,0,29,1,2,0,0
USER_06692,3,14,0,27,1,4,0,0
USER_06693,4,22,0,108,11,9,1,1
USER_06694,2,7,0,73,8,11,2,1
USER_06695,0,13,0,24,0,4,0,0
USER_06696,0,13,0,13,4,4,1,0
USER_06697,3,20,1,33,2,3,0,0
USER_06698,2,13,0,24,1,6,1,0
USER_06699,0,23,2,94,9,10,1,1
USER_06700,2,11,1,83,0,2,0,1
USER_06701,1,16,0,28,3,2,1,0
USER_06702,0,12,0,18,0,0,0,0
USER_06703,2,3,1,103,3,8,2,1
USER_06704,1,15,1,95,1,2,0,0
USER_06705,1,17,0,35,0,1,1,0
USER_06706,1,13,1,19,1,1,0,0
USER_06707,2,11,0,111,2,4,0,0
USER_06708,1,16,0,35,0,2,0,0
USER_06709,1,6,0,33,1,2,0,0
USER_06710,3,16,0,16,0,6,0,0
USER_06711,0,13,0,24,2,3,0,1
USER_06712,5,0,0,76,5,8,1,1
USER_06713,2,9,0,40,0,4,1,0
USER_06714,1,13,1,7,2,6,0,0
USER_06715,3,16,0,20,1,1,0,0
USER_06716,3,17,1,51,2,5,3,1
USER_06717,6,23,1,143,5,12,1,1
USER_06718,3,22,1,368,3,8,1,1
USER_06719,2,17,2,45,1,0,1,0
USER_06720,1,14,0,25,0,5,0,0
USER_06721,2,13,1,20,0,3,0,0
USER_06722,4,17,0,21,2,3,0,0
USER_06723,3,13,1,35,2,6,0,0
USER_06724,1,7,2,33,2,3,1,0
USER_06725,2,10,0,41,3,1,0,0
USER_06726,3,18,0,31,1,2,1,0
USER_06727,1,12,0,37,0,0,0,0
USER_06728,0,14,0,44,3,5,1,1
USER_06729,3,23,2,35,8,9,2,1
USER_06730,1,15,0,29,0,1,0,0
USER_06731,4,3,0,124,6,16,0,1
USER_06732,2,21,1,56,0,10,1,1
USER_06733,4,5,2,219,7,6,2,1
USER_06734,4,1,2,161,2,8,3,1
USER_06735,3,7,0,37,1,4,1,0
USER_06736,6,1,0,34,5,11,4,1
USER_06737,0,20,0,16,0,4,1,0
USER_06738,0,16,0,33,0,3,0,0
USER_06739,3,6,1,55,4,10,1,0
USER_06740,5,19,0,20,1,1,0,0
USER_06741,2,10,0,27,2,2,1,1
USER_06742,0,14,0,41,0,3,0,0
USER_06743,3,15,0,48,2,1,0,0
USER_06744,2,13,0,53,0,2,0,0
USER_06745,2,8,0,31,0,2,0,0
USER_06746,5,18,0,19,2,2,1,0
USER_06747,0,13,1,23,1,2,0,0
USER_06748,3,15,1,23,2,5,0,0
USER_06749,1,11,1,12,1,2,0,0
USER_06750,0,10,0,13,0,1,0,0
USER_06751,1,12,2,6,1,2,1,0
USER_06752,3,12,0,19,2,1,1,0
USER_06753,5,7,0,28,7,11,1,1
USER_06754,4,14,2,138,5,7,0,0
USER_06755,0,10,0,19,3,2,0,0
USER_06756,2,8,1,59,2,3,0,0
USER_06757,8,3,3,350,8,4,1,1
USER_06758,4,4,2,18,5,13,3,1
USER_06759,1,12,0,13,0,3,1,0
USER_06760,0,11,0,20,1,4,0,0
USER_06761,0,13,0,18,1,3,0,0
USER_06762,4,13,1,19,3,2,1,0
USER_06763,3,5,1,43,3,12,3,1
USER_06764,3,17,1,30,1,2,0,0
USER_06765,0,16,0,19,0,5,1,0
USER_06766,1,16,0,13,1,1,1,0
USER_06767,6,2,1,34,3,8,2,0
USER_06768,0,15,0,22,3,0,0,0
USER_06769,6,6,0,363,6,12,1,1
USER_06770,3,9,0,19,1,3,1,0
USER_06771,3,12,0,39,0,0,0,0
USER_06772,2,15,0,46,1,3,0,0
USER_06773,1,8,0,17,1,2,1,0
USER_06774,2,1,2,76,4,4,1,1
USER_06775,0,13,1,12,2,2,0,0
USER_06776,1,12,0,6,0,0,0,0
USER_06777,3,17,0,25,1,1,1,0
USER_06778,2,16,0,24,3,4,0,0
USER_06779,3,8,0,16,1,2,0,0
USER_06780,5,0,1,97,6,14,0,1
USER_06781,3,17,0,31,0,2,0,0
USER_06782,3,15,0,7,1,4,0,0
USER_06783,3,3,0,17,0,2,0,1
USER_06784,2,18,0,26,0,0,1,1
USER_06785,2,13,0,35,4,3,0,0
USER_06786,1,13,0,31,0,2,0,0
USER_06787,2,10,0,29,1,2,0,0
USER_06788,5,0,1,16,2,10,1,1
USER_06789,4,3,1,87,5,8,1,1
USER_06790,2,12,0,83,3,8,1,0
USER_06791,0,3,0,15,1,0,0,0
USER_06792,0,11,0,64,0,3,1,0
USER_06793,4,19,5,93,9,9,1,1
USER_06794,3,12,0,32,2,4,0,0
USER_06795,2,10,0,36,0,5,2,1
USER_06796,3,16,0,22,1,2,0,0
USER_06797,4,22,2,26,5,10,2,1
USER_06798,3,13,0,24,3,4,1,1
USER_06799,1,9,0,32,1,6,0,0
USER_06800,1,12,0,84,2,5,1,0
USER_06801,1,11,0,54,3,0,0,0
USER_06802,1,19,0,14,0,2,0,0
USER_06803,0,13,0,36,1,2,0,0
USER_06804,4,18,0,41,1,3,0,0
USER_06805,3,4,2,110,6,14,2,1
USER_06806,4,6,0,23,8,8,1,0
USER_06807,0,9,0,21,0,7,0,0
USER_06808,4,21,0,33,5,6,1,1
USER_06809,2,15,1,19,1,3,0,0
USER_06810,6,8,0,35,5,7,3,0
USER_06811,2,11,0,40,2,4,0,0
USER_06812,1,12,0,20,0,1,0,0
USER_06813,2,14,0,17,0,1,0,0
USER_06814,2,8,1,18,0,2,0,0
USER_06815,1,14,0,53,1,4,0,0
USER_06816,1,15,0,38,0,3,1,0
USER_06817,2,16,0,10,0,5,0,0
USER_06818,0,7,1,26,0,2,0,0
USER_06819,4,12,0,16,2,1,0,1
USER_06820,3,7,0,34,6,8,2,1
USER_06821,0,14,0,22,1,2,0,0
USER_06822,2,8,1,154,2,5,1,1
USER_06823,3,11,0,32,2,5,0,0
USER_06824,4,13,0,19,4,2,0,0
USER_06825,2,23,0,43,1,4,0,0
USER_06826,3,15,2,36,1,2,0,1
USER_06827,2,8,0,20,2,3,1,0
USER_06828,3,22,2,179,5,11,1,1
USER_06829,0,19,0,13,0,3,1,0
USER_06830,4,2,1,164,2,6,0,1
USER_06831,0,18,1,35,2,2,0,1
USER_06832,2,21,0,27,0,4,1,0
USER_06833,2,14,0,20,0,4,0,0
USER_06834,4,0,0,28,8,8,4,1
USER_06835,0,18,0,15,1,4,0,0
USER_06836,1,10,0,24,0,3,0,0
USER_06837,0,18,1,16,2,0,0,0
USER_06838,2,14,1,14,1,6,0,0
USER_06839,9,19,1,63,4,10,1,1
USER_06840,5,2,1,69,3,11,0,1
USER_06841,5,21,0,61,4,8,1,1
USER_06842,3,5,4,90,7,8,3,1
USER_06843,9,11,2,74,8,13,3,1
USER_06844,2,14,0,52,1,2,0,0
USER_06845,2,16,0,12,0,2,0,0
USER_06846,2,15,0,7,2,2,1,0
USER_06847,0,11,0,74,1,8,0,0
USER_06848,2,9,0,17,1,4,0,0
USER_06849,1,10,0,13,2,2,0,0
USER_06850,4,20,1,53,8,11,2,1
USER_06851,2,2,0,20,6,9,3,1
USER_06852,0,12,0,19,3,3,0,0
USER_06853,4,1,1,110,5,7,1,1
USER_06854,0,12,0,32,2,2,0,1
USER_06855,0,9,0,32,1,3,0,0
USER_06856,0,16,0,56,0,2,0,0
USER_06857,0,9,0,52,3,3,0,0
USER_06858,1,13,0,26,1,1,0,0
USER_06859,2,17,0,55,0,4,1,0
USER_06860,2,13,1,47,3,0,1,1
USER_06861,0,19,1,18,2,4,0,0
USER_06862,4,2,0,84,3,4,2,1
USER_06863,1,8,0,127,1,1,1,0
USER_06864,1,5,0,18,0,3,0,0
USER_06865,1,16,1,26,1,2,0,0
USER_06866,1,6,0,6,1,3,0,0
USER_06867,0,19,0,31,0,3,0,0
USER_06868,3,19,1,37,0,7,1,1
USER_06869,2,14,0,29,0,2,0,0
USER_06870,1,10,0,32,1,5,0,1
USER_06871,3,7,1,43,0,3,1,0
USER_06872,1,14,0,15,1,1,1,0
USER_06873,2,13,0,14,1,1,0,0
USER_06874,0,14,1,37,3,5,0,0
USER_06875,1,15,0,34,1,2,2,0
USER_06876,1,9,1,18,1,4,1,0
USER_06877,1,12,0,30,0,0,1,0
USER_06878,1,14,0,22,1,1,0,0
USER_06879,0,21,0,43,4,1,0,0
USER_06880,0,16,2,37,2,2,0,0
USER_06881,1,14,0,31,0,2,1,0
USER_06882,0,9,0,17,1,1,0,0
USER_06883,2,17,0,13,1,3,1,0
USER_06884,3,3,2,107,7,7,1,1
USER_06885,3,2,1,75,4,8,4,1
USER_06886,4,4,0,79,3,6,1,0
USER_06887,1,13,0,12,1,0,0,0
USER_06888,1,12,0,70,2,5,0,0
USER_06889,2,18,0,61,4,0,0,0
USER_06890,0,9,0,58,2,1,1,0
USER_06891,2,10,1,21,1,1,0,0
USER_06892,2,8,0,20,2,1,0,0
USER_06893,0,9,0,18,1,2,0,0
USER_06894,2,14,1,18,2,5,0,0
USER_06895,0,8,1,27,2,4,1,0
USER_06896,0,0,0,22,0,6,0,1
USER_06897,3,5,2,57,3,9,2,1
USER_06898,3,11,0,31,0,2,0,0
USER_06899,3,14,0,20,1,5,0,1
USER_06900,1,20,3,77,4,11,2,1
USER_06901,0,9,0,13,1,6,0,0
USER_06902,3,7,0,24,0,3,1,0
USER_06903,4,9,0,27,0,6,1,0
USER_06904,2,19,0,10,1,3,0,1
USER_06905,0,6,0,22,0,1,0,0
USER_06906,2,8,2,107,7,11,1,1
USER_06907,5,21,1,104,6,10,2,1
USER_06908,2,9,1,163,5,10,3,1
USER_06909,3,9,4,50,7,5,1,1
USER_06910,2,10,1,36,1,7,0,0
USER_06911,3,9,0,98,7,11,1,1
USER_06912,2,14,0,21,0,3,0,0
USER_06913,3,8,0,36,0,8,0,0
USER_06914,5,8,0,280,5,8,2,0
USER_06915,2,8,2,196,4,7,1,0
USER_06916,2,2,1,98,9,4,1,1
USER_06917,1,10,0,56,2,4,0,0
USER_06918,3,15,0,27,1,4,0,0
USER_06919,3,14,1,12,3,2,0,0
USER_06920,2,17,0,14,2,2,0,0
USER_06921,3,3,2,49,7,8,1,1
USER_06922,4,6,5,67,3,8,1,1
USER_06923,2,10,0,72,2,3,0,0
USER_06924,2,7,0,20,0,4,0,0
USER_06925,1,15,0,28,2,3,0,0
USER_06926,0,11,0,64,2,4,0,0
USER_06927,2,17,0,32,0,3,0,0
USER_06928,6,6,0,9,3,5,1,0
USER_06929,4,15,0,18,4,2,0,0
USER_06930,3,1,1,26,6,11,2,1
USER_06931,0,17,0,64,0,5,1,0
USER_06932,7,8,4,176,9,11,0,1
USER_06933,2,14,0,17,2,1,0,0
USER_06934,1,6,0,18,0,2,0,0
USER_06935,1,14,1,29,1,1,0,0
USER_06936,8,6,4,167,6,12,1,1
USER_06937,5,10,1,45,4,7,2,1
USER_06938,1,11,0,27,1,9,1,0
USER_06939,2,8,1,29,2,3,0,0
USER_06940,2,13,1,34,0,2,0,0
USER_06941,3,0,3,94,2,8,0,0
USER_06942,2,12,0,30,0,5,0,0
USER_06943,0,11,1,106,0,8,0,0
USER_06944,3,18,0,16,1,5,0,0
USER_06945,0,20,0,6,0,7,1,0
USER_06946,2,7,2,72,0,11,2,0
USER_06947,4,6,2,173,3,9,0,1
USER_06948,0,16,1,12,4,7,0,0
USER_06949,3,9,4,210,5,12,0,0
USER_06950,4,0,1,65,4,7,1,1
USER_06951,2,18,0,65,0,2,0,0
USER_06952,4,3,0,40,3,13,1,1
USER_06953,1,14,0,32,2,3,0,0
USER_06954,2,7,0,47,0,3,1,0
USER_06955,3,18,1,97,1,9,1,1
USER_06956,2,11,1,68,2,1,0,0
USER_06957,0,13,0,3,0,0,0,0
USER_06958,0,15,0,26,0,3,0,0
USER_06959,2,11,0,29,0,2,1,0
USER_06960,5,10,0,43,6,12,0,0
USER_06961,2,12,0,5,2,1,0,0
USER_06962,1,11,0,11,4,3,0,0
USER_06963,1,16,0,37,1,2,0,0
USER_06964,0,15,0,60,2,2,0,0
USER_06965,2,7,0,19,1,1,0,0
USER_06966,1,19,0,18,3,4,1,0
USER_06967,2,11,0,19,2,2,0,0
USER_06968,4,12,0,47,1,5,1,0
USER_06969,4,10,0,63,0,0,0,0
USER_06970,0,11,0,24,0,2,1,0
USER_06971,4,3,1,95,7,10,1,1
USER_06972,2,14,0,18,1,1,0,0
USER_06973,0,11,0,24,0,5,0,0
USER_06974,5,8,0,141,6,9,4,1
USER_06975,1,16,0,43,0,7,0,0
USER_06976,2,15,0,15,0,4,0,0
USER_06977,6,5,1,176,4,8,1,1
USER_06978,1,20,0,13,1,3,0,0
USER_06979,6,3,0,37,2,8,0,1
USER_06980,5,2,1,207,3,11,1,1
USER_06981,9,0,1,160,7,8,3,1
USER_06982,7,0,0,24,3,9,1,1
USER_06983,2,8,0,13,1,1,0,0
USER_06984,3,22,1,388,6,9,0,1
USER_06985,1,17,0,20,0,6,0,0
USER_06986,1,11,0,50,2,2,0,0
USER_06987,1,13,1,28,2,1,1,0
USER_06988,1,11,1,21,1,2,0,0
USER_06989,1,13,1,15,1,4,0,0
USER_06990,1,1,1,32,1,4,1,0
USER_06991,2,12,0,25,1,1,1,0
USER_06992,1,13,0,18,1,4,0,0
USER_06993,4,16,0,173,4,7,2,0
USER_06994,2,13,2,37,0,2,1,1
USER_06995,3,3,1,35,8,16,2,1
USER_06996,5,18,2,198,4,12,1,1
USER_06997,2,0,1,75,6,8,0,1
USER_06998,0,18,0,17,0,3,1,0
USER_06999,3,2,2,35,4,9,2,1
USER_07000,6,20,2,316,6,11,1,1
USER_07001,5,9,1,120,9,12,1,1
USER_07002,4,7,2,148,5,10,4,1
USER_07003,3,16,1,20,1,0,0,1
USER_07004,2,12,0,9,0,3,0,0
USER_07005,9,22,0,30,5,8,0,1
USER_07006,1,7,0,18,1,6,0,0
USER_07007,6,22,2,180,7,9,0,1
USER_07008,0,11,0,12,1,4,0,0
USER_07009,1,16,1,8,0,5,0,0
USER_07010,0,16,0,27,2,0,1,0
USER_07011,0,8,0,29,1,5,1,0
USER_07012,1,6,1,91,10,14,2,1
USER_07013,1,10,0,49,0,2,0,1
USER_07014,4,5,1,41,6,6,2,1
USER_07015,1,15,0,37,1,3,0,0
USER_07016,3,14,2,149,7,12,2,1
USER_07017,0,14,0,14,4,4,0,0
USER_07018,1,14,0,27,1,2,0,0
USER_07019,2,13,0,20,2,3,0,0
USER_07020,1,15,0,23,0,5,0,0
USER_07021,4,5,1,22,6,8,1,1
USER_07022,5,5,5,160,5,8,0,1
USER_07023,0,17,0,45,1,0,0,0
USER_07024,3,18,2,45,0,3,0,0
USER_07025,4,12,0,55,1,3,1,0
USER_07026,3,13,1,17,0,2,1,0
USER_07027,3,15,0,22,2,3,0,0
USER_07028,1,12,0,34,1,2,0,0
USER_07029,0,15,0,14,1,2,0,0
USER_07030,6,0,1,148,3,3,3,0
USER_07031,2,16,0,17,0,2,0,0
USER_07032,4,15,0,7,0,3,0,0
USER_07033,2,13,0,19,2,4,0,1
USER_07034,1,16,1,19,0,6,1,0
USER_07035,3,15,0,31,2,1,0,0
USER_07036,0,21,0,5,0,4,1,0
USER_07037,0,7,2,27,2,6,0,1
USER_07038,4,10,2,122,5,11,1,0
USER_07039,5,18,2,48,8,3,3,1
USER_07040,5,5,0,50,6,7,0,1
USER_07041,2,11,0,29,0,0,0,0
USER_07042,1,13,0,21,0,2,1,0
USER_07043,3,11,0,24,2,0,0,0
USER_07044,4,19,1,17,0,3,0,0
USER_07045,6,15,1,68,5,10,0,1
USER_07046,1,8,2,70,6,10,1,1
USER_07047,1,8,1,24,0,3,0,1
USER_07048,4,3,0,46,1,2,0,1
USER_07049,3,13,0,17,1,5,0,0
USER_07050,3,13,0,66,1,2,1,1
USER_07051,6,4,1,111,6,14,2,1
USER_07052,3,15,0,33,1,2,1,0
USER_07053,1,16,2,27,1,4,0,1
USER_07054,3,11,0,27,2,5,0,0
USER_07055,3,13,0,22,1,3,0,0
USER_07056,3,13,0,43,1,3,1,0
USER_07057,2,12,2,330,9,9,1,0
USER_07058,3,18,2,44,0,6,0,1
USER_07059,1,14,1,33,0,3,0,0
USER_07060,3,17,1,92,0,5,1,0
USER_07061,0,12,0,45,0,6,0,0
USER_07062,1,9,1,13,0,3,0,0
USER_07063,2,17,1,31,1,4,0,0
USER_07064,1,16,1,71,1,3,0,0
USER_07065,3,11,0,24,4,3,1,0
USER_07066,5,0,0,48,7,10,2,1
USER_07067,4,1,1,73,5,11,0,1
USER_07068,3,2,0,178,3,8,1,1
USER_07069,1,13,0,18,0,4,1,0
USER_07070,5,11,1,17,2,8,3,1
USER_07071,3,20,0,35,1,5,0,0
USER_07072,1,13,1,10,1,4,2,0
USER_07073,0,17,0,44,0,0,0,1
USER_07074,1,4,0,32,1,7,2,1
USER_07075,4,2,0,232,3,12,1,1
USER_07076,2,17,1,52,1,1,0,0
USER_07077,1,12,0,23,0,3,1,0
USER_07078,7,2,1,150,4,12,2,1
USER_07079,1,11,1,11,0,1,0,0
USER_07080,3,7,2,49,5,5,1,0
USER_07081,0,23,2,30,7,8,3,1
USER_07082,4,23,0,39,1,9,1,1
USER_07083,5,8,0,105,2,12,1,1
USER_07084,2,16,0,21,0,4,2,0
USER_07085,1,18,0,87,2,0,0,0
USER_07086,7,20,2,186,4,7,4,1
USER_07087,2,3,1,63,8,10,2,1
USER_07088,1,11,0,19,0,4,3,0
USER_07089,1,20,0,42,3,2,2,0
USER_07090,5,13,1,17,3,6,1,0
USER_07091,1,12,1,6,1,3,0,1
USER_07092,0,9,1,13,1,5,0,0
USER_07093,3,6,0,61,3,8,3,1
USER_07094,3,22,2,72,4,7,3,1
USER_07095,3,17,1,53,1,2,0,0
USER_07096,4,12,1,12,1,3,1,0
USER_07097,5,12,0,25,0,4,0,0
USER_07098,2,16,0,23,1,3,0,0
USER_07099,2,13,0,7,2,2,0,0
USER_07100,1,9,0,60,1,0,1,0
USER_07101,0,18,0,39,1,3,0,0
USER_07102,1,11,0,18,1,0,0,0
USER_07103,2,14,1,58,5,1,1,0
USER_07104,1,15,0,10,1,4,0,0
USER_07105,3,5,1,26,1,1,2,1
USER_07106,2,12,1,23,3,4,0,0
USER_07107,2,11,0,20,0,6,1,0
USER_07108,2,9,0,54,1,1,0,0
USER_07109,2,13,0,26,0,7,0,1
USER_07110,0,13,0,13,1,1,0,0
USER_07111,5,3,1,85,4,9,4,1
USER_07112,0,13,0,17,0,2,0,0
USER_07113,0,13,0,21,0,7,0,0
USER_07114,1,19,0,41,2,3,1,0
USER_07115,3,12,2,120,4,6,4,1
USER_07116,5,4,0,51,4,8,1,1
USER_07117,0,10,2,19,2,2,0,0
USER_07118,1,17,0,29,0,3,1,0
USER_07119,2,12,1,34,2,6,0,0
USER_07120,2,10,0,83,1,3,0,0
USER_07121,2,16,0,40,0,0,0,0
USER_07122,1,18,0,60,0,3,0,0
USER_07123,4,21,2,217,4,9,1,0
USER_07124,4,22,1,96,4,8,4,0
USER_07125,1,18,0,16,2,1,0,0
USER_07126,2,9,2,32,2,8,1,0
USER_07127,2,15,0,86,0,4,1,0
USER_07128,0,13,0,25,2,3,0,0
USER_07129,4,3,0,98,3,6,2,0
USER_07130,2,5,0,10,1,1,0,0
USER_07131,0,9,0,32,2,6,1,0
USER_07132,0,15,0,23,1,3,1,0
USER_07133,2,22,0,21,1,2,0,0
USER_07134,1,11,0,24,1,0,0,0
USER_07135,2,12,0,18,3,2,0,0
USER_07136,0,14,0,28,0,4,0,0
USER_07137,1,19,0,28,0,7,0,0
USER_07138,3,10,0,38,1,3,0,0
USER_07139,2,5,3,317,4,8,2,1
USER_07140,2,13,2,26,1,5,1,0
USER_07141,1,14,0,28,2,4,0,0
USER_07142,4,22,2,71,7,11,0,1
USER_07143,5,1,3,45,7,12,3,1
USER_07144,0,15,0,24,1,3,0,0
USER_07145,2,23,0,8,5,10,2,1
USER_07146,4,21,2,124,3,11,3,1
USER_07147,0,8,0,10,1,2,0,0
USER_07148,5,22,2,26,4,15,0,1
USER_07149,7,2,7,76,3,8,1,1
USER_07150,0,17,1,13,1,2,1,0
USER_07151,1,18,0,21,2,4,0,1
USER_07152,5,20,1,72,4,11,0,0
USER_07153,9,21,2,25,4,10,2,1
USER_07154,3,8,0,30,1,5,0,0
USER_07155,5,1,1,140,5,8,4,1
USER_07156,2,4,3,94,4,9,1,1
USER_07157,8,13,1,47,6,11,3,0
USER_07158,14,4,1,76,2,8,2,1
USER_07159,3,11,0,25,1,5,0,1
USER_07160,1,15,0,37,0,4,1,0
USER_07161,1,13,0,21,0,1,0,0
USER_07162,4,13,0,20,0,2,2,0
USER_07163,2,12,2,16,0,2,0,0
USER_07164,9,5,3,28,7,12,3,1
USER_07165,5,6,0,190,6,8,1,0
USER_07166,3,15,0,46,1,3,2,0
USER_07167,1,5,2,40,4,10,2,1
USER_07168,3,15,4,43,2,5,0,0
USER_07169,0,15,0,57,0,3,0,0
USER_07170,0,11,0,17,1,1,0,0
USER_07171,2,20,0,42,0,7,0,0
USER_07172,2,10,1,10,0,5,0,0
USER_07173,4,1,0,168,3,8,4,1
USER_07174,2,6,0,25,1,2,0,0
USER_07175,0,11,0,28,0,2,0,0
USER_07176,1,16,0,29,1,6,0,0
USER_07177,2,13,2,74,0,1,1,0
USER_07178,5,11,2,607,6,8,1,1
USER_07179,7,5,4,35,6,8,1,1
USER_07180,2,15,0,24,0,3,0,0
USER_07181,0,17,0,55,0,2,0,0
USER_07182,0,8,0,18,1,5,0,0
USER_07183,2,16,0,32,1,2,0,0
USER_07184,0,12,1,10,0,1,1,1
USER_07185,2,11,2,28,1,1,0,0
USER_07186,2,9,0,100,0,3,1,0
USER_07187,1,15,0,51,0,3,0,0
USER_07188,3,14,0,30,1,4,0,0
USER_07189,4,16,0,40,0,3,0,0
USER_07190,1,8,1,9,0,5,0,0
USER_07191,1,17,0,38,1,4,0,0
USER_07192,2,15,1,27,1,0,1,1
USER_07193,4,10,0,53,0,1,0,0
USER_07194,1,17,0,33,2,3,0,0
USER_07195,4,1,1,52,7,14,2,1
USER_07196,5,7,2,281,7,9,1,1
USER_07197,1,14,0,22,1,2,0,0
USER_07198,1,1,1,46,3,4,1,1
USER_07199,3,2,1,93,7,11,2,1
USER_07200,0,11,0,14,1,2,1,0
USER_07201,0,7,1,12,1,2,0,0
USER_07202,1,5,1,10,0,3,0,0
USER_07203,2,14,0,39,2,4,0,0
USER_07204,7,1,3,118,3,8,1,0
USER_07205,1,12,0,39,4,2,0,0
USER_07206,0,14,0,15,0,3,0,0
USER_07207,0,13,1,34,0,2,0,0
USER_07208,1,16,0,22,1,4,0,0
USER_07209,3,13,0,24,2,6,0,0
USER_07210,1,11,0,36,0,5,0,1
USER_07211,3,11,0,48,1,2,0,0
USER_07212,5,3,0,106,12,5,3,1
USER_07213,3,15,0,62,2,4,1,0
USER_07214,1,11,1,9,3,2,1,0
USER_07215,8,1,0,495,6,10,4,1
USER_07216,1,14,0,18,0,4,1,0
USER_07217,0,14,0,35,0,2,0,0
USER_07218,6,7,4,71,6,10,2,1
USER_07219,2,9,0,13,3,3,1,0
USER_07220,1,13,0,30,4,9,0,0
USER_07221,2,15,0,18,1,4,1,0
USER_07222,0,14,0,8,0,3,0,0
USER_07223,2,8,0,31,1,3,0,0
USER_07224,2,14,0,21,0,3,1,0
USER_07225,0,16,0,11,0,2,1,0
USER_07226,3,11,0,27,1,3,0,0
USER_07227,0,11,0,4,1,4,0,0
USER_07228,1,17,0,14,1,5,0,0
USER_07229,1,17,0,72,2,4,1,0
USER_07230,9,7,1,306,6,7,3,1
USER_07231,2,14,0,23,1,1,0,0
USER_07232,0,9,0,33,1,1,2,0
USER_07233,2,15,0,11,0,4,0,0
USER_07234,2,11,0,63,1,2,0,0
USER_07235,2,10,2,27,3,2,0,1
USER_07236,3,4,3,38,8,7,0,1
USER_07237,0,17,0,26,1,3,0,0
USER_07238,4,11,0,25,0,2,0,1
USER_07239,2,0,1,24,0,3,0,0
USER_07240,2,7,2,194,5,9,4,0
USER_07241,1,18,0,32,1,7,1,0
USER_07242,1,6,1,18,1,3,0,0
USER_07243,7,14,3,222,3,14,3,1
USER_07244,3,22,1,112,4,13,0,0
USER_07245,0,15,1,55,1,2,0,0
USER_07246,4,2,3,94,6,5,0,1
USER_07247,4,20,3,46,9,8,2,1
USER_07248,1,9,0,10,2,3,0,0
USER_07249,7,3,0,323,6,10,2,1
USER_07250,2,13,0,16,1,5,0,0
USER_07251,2,13,1,11,2,4,1,0
USER_07252,1,16,0,54,1,4,0,0
USER_07253,2,11,2,80,5,10,1,1
USER_07254,2,16,0,15,1,1,0,0
USER_07255,4,15,0,32,0,0,1,0
USER_07256,0,14,0,22,1,5,0,1
USER_07257,1,10,1,22,2,2,1,0
USER_07258,1,9,0,279,8,10,2,1
USER_07259,7,13,1,103,4,8,3,1
USER_07260,1,12,0,25,3,3,0,0
USER_07261,3,2,2,65,1,7,2,1
USER_07262,3,17,2,123,4,9,1,1
USER_07263,0,16,0,23,1,5,0,0
USER_07264,3,12,0,8,2,4,0,0
USER_07265,1,13,0,98,1,2,1,0
USER_07266,0,13,0,12,0,2,0,0
USER_07267,1,14,0,54,1,3,0,0
USER_07268,1,4,0,13,3,1,1,0
USER_07269,5,8,0,40,4,6,2,0
USER_07270,0,11,0,36,2,2,0,0
USER_07271,3,23,1,314,7,8,3,1
USER_07272,8,8,2,52,6,5,2,1
USER_07273,3,11,0,61,2,2,0,0
USER_07274,4,10,2,16,1,2,0,0
USER_07275,5,2,1,65,5,7,2,1
USER_07276,10,5,1,20,4,4,1,1
USER_07277,3,17,0,28,2,6,0,0
USER_07278,0,20,0,35,3,4,1,0
USER_07279,0,8,0,41,1,7,0,1
USER_07280,2,2,3,45,5,9,3,0
USER_07281,8,7,1,246,2,8,2,1
USER_07282,3,11,1,19,1,0,0,0
USER_07283,0,11,1,47,1,4,1,0
USER_07284,1,11,0,61,1,4,0,0
USER_07285,3,1,3,90,6,8,2,1
USER_07286,6,9,1,101,5,8,1,1
USER_07287,3,9,1,42,1,11,2,1
USER_07288,1,18,0,30,0,4,0,0
USER_07289,1,9,1,17,0,1,0,0
USER_07290,2,15,0,28,1,3,1,0
USER_07291,2,10,1,45,2,4,0,1
USER_07292,0,14,0,9,1,6,0,0
USER_07293,5,6,3,223,4,8,2,1
USER_07294,4,9,0,25,1,0,0,0
USER_07295,0,14,1,15,1,5,0,0
USER_07296,6,23,0,88,4,8,4,1
USER_07297,1,16,1,13,1,3,1,0
USER_07298,3,16,0,31,2,2,0,1
USER_07299,4,0,0,161,6,12,3,1
USER_07300,1,12,1,15,1,6,0,0
USER_07301,1,16,0,11,0,4,0,0
USER_07302,1,16,0,31,0,4,0,0
USER_07303,5,0,2,164,1,8,2,1
USER_07304,1,14,0,39,1,3,0,0
USER_07305,1,12,0,38,4,2,0,0
USER_07306,0,15,1,19,0,5,0,0
USER_07307,2,10,0,25,2,3,0,0
USER_07308,1,3,1,49,5,7,4,1
USER_07309,0,13,1,15,0,3,0,0
USER_07310,4,16,1,34,2,0,0,1
USER_07311,0,11,1,13,0,0,1,0
USER_07312,2,14,0,22,1,3,0,0
USER_07313,2,12,1,15,1,1,0,0
USER_07314,1,8,0,21,0,5,1,0
USER_07315,1,12,2,14,3,2,0,0
USER_07316,4,15,0,8,2,1,0,0
USER_07317,4,10,1,115,7,9,2,0
USER_07318,5,1,0,101,5,10,3,1
USER_07319,3,16,0,40,1,5,0,0
USER_07320,2,17,0,61,1,2,0,0
USER_07321,3,10,0,32,6,1,0,0
USER_07322,1,13,1,40,0,2,0,0
USER_07323,2,17,0,40,3,5,0,0
USER_07324,5,9,2,47,2,10,0,0
USER_07325,7,5,1,138,5,9,1,1
USER_07326,2,17,1,21,0,3,1,0
USER_07327,4,3,2,174,3,11,1,1
USER_07328,3,15,2,25,0,1,2,1
USER_07329,0,12,1,16,1,2,0,0
USER_07330,2,14,1,13,2,1,1,0
USER_07331,3,11,0,18,4,2,0,0
USER_07332,2,11,1,77,2,9,4,0
USER_07333,2,8,0,16,0,2,0,0
USER_07334,2,16,2,9,0,2,0,0
USER_07335,3,17,0,84,1,5,0,0
USER_07336,9,8,3,68,4,7,1,1
USER_07337,1,11,0,46,0,2,0,0
USER_07338,1,11,0,45,3,5,2,0
USER_07339,1,15,0,26,4,8,2,0
USER_07340,4,3,3,41,3,7,2,1
USER_07341,1,15,1,47,1,2,1,0
USER_07342,1,13,0,43,2,4,0,0
USER_07343,5,1,0,30,6,6,1,1
USER_07344,1,13,0,42,2,0,0,0
USER_07345,0,17,0,33,0,2,0,0
USER_07346,1,10,0,36,1,3,0,0
USER_07347,1,10,0,43,0,1,0,0
USER_07348,2,10,0,17,0,0,0,0
USER_07349,1,15,0,23,2,4,0,0
USER_07350,1,7,0,11,0,2,1,0
USER_07351,1,6,0,60,0,2,0,0
USER_07352,1,15,0,32,2,3,0,0
USER_07353,6,2,1,54,6,16,1,1
USER_07354,2,10,0,6,1,4,1,0
USER_07355,1,8,1,26,3,3,0,0
USER_07356,2,10,0,22,1,2,1,0
USER_07357,12,9,0,27,5,10,1,1
USER_07358,0,12,0,30,0,7,1,0
USER_07359,1,13,1,44,1,3,1,0
USER_07360,1,9,0,51,1,6,1,0
USER_07361,1,13,0,58,2,1,0,0
USER_07362,6,2,3,212,1,5,1,1
USER_07363,1,15,6,56,6,6,1,0
USER_07364,3,6,1,25,3,9,0,1
USER_07365,2,10,0,30,0,2,0,0
USER_07366,1,5,1,33,0,2,0,0
USER_07367,2,14,4,39,1,6,0,0
USER_07368,2,23,0,32,3,16,0,1
USER_07369,3,7,0,15,4,9,1,0
USER_07370,7,21,3,102,2,7,3,1
USER_07371,1,11,0,11,0,4,0,0
USER_07372,4,1,1,78,4,3,0,1
USER_07373,0,14,1,22,0,1,0,0
USER_07374,3,4,2,31,5,10,0,1
USER_07375,3,10,0,31,2,4,0,0
USER_07376,2,6,0,20,1,1,1,0
USER_07377,0,12,0,18,0,4,0,0
USER_07378,9,11,1,243,6,3,1,1
USER_07379,5,8,0,30,2,2,0,0
USER_07380,2,19,0,27,0,0,0,0
USER_07381,0,12,0,37,1,2,0,0
USER_07382,2,17,0,26,0,8,0,0
USER_07383,6,6,0,43,6,13,0,1
USER_07384,3,7,0,21,1,2,0,0
USER_07385,2,15,0,14,0,3,0,0
USER_07386,3,1,2,324,3,6,1,1
USER_07387,2,11,0,24,1,2,1,0
USER_07388,2,20,0,28,1,5,0,0
USER_07389,2,16,0,29,0,3,0,0
USER_07390,3,12,0,29,1,1,0,0
USER_07391,2,13,0,17,2,4,1,0
USER_07392,0,7,1,10,0,4,0,0
USER_07393,2,11,0,8,0,5,0,0
USER_07394,8,3,0,162,4,12,2,1
USER_07395,0,2,3,97,7,5,1,1
USER_07396,6,1,3,43,7,8,0,1
USER_07397,2,17,0,33,0,1,0,0
USER_07398,1,17,1,35,1,6,0,0
USER_07399,10,5,3,40,3,12,3,1
USER_07400,4,8,2,448,3,8,6,1
USER_07401,1,14,0,11,1,5,1,0
USER_07402,2,14,0,17,1,3,0,0
USER_07403,1,11,0,56,2,4,0,0
USER_07404,2,14,0,33,2,3,0,0
USER_07405,2,10,0,13,2,2,2,0
USER_07406,0,13,1,14,1,4,0,0
USER_07407,4,6,2,280,3,9,0,0
USER_07408,2,11,0,12,2,3,0,0
USER_07409,0,16,0,24,0,5,0,0
USER_07410,1,16,0,28,1,2,0,0
USER_07411,1,9,1,322,7,12,1,1
USER_07412,3,0,0,37,1,10,1,1
USER_07413,1,16,1,35,1,3,1,0
USER_07414,4,15,0,26,1,2,1,0
USER_07415,0,13,0,34,2,6,0,0
USER_07416,9,3,3,108,9,13,1,1
USER_07417,1,11,0,201,0,3,0,0
USER_07418,5,11,0,106,2,10,4,1
USER_07419,1,17,0,19,1,3,1,0
USER_07420,1,16,1,25,2,3,0,0
USER_07421,0,11,0,41,1,2,1,0
USER_07422,2,17,0,14,1,2,2,0
USER_07423,0,9,0,38,2,4,1,0
USER_07424,1,13,0,27,0,2,0,0
USER_07425,8,15,2,48,3,10,0,1
USER_07426,1,10,1,31,1,2,0,0
USER_07427,5,9,3,113,1,5,4,1
USER_07428,1,15,1,47,3,4,0,0
USER_07429,1,18,1,22,0,2,0,0
USER_07430,7,20,1,231,5,10,1,1
USER_07431,2,4,4,192,2,7,1,1
USER_07432,1,11,0,27,0,3,0,1
USER_07433,3,5,2,68,4,8,3,1
USER_07434,0,13,1,36,2,1,0,0
USER_07435,1,13,2,15,0,5,0,0
USER_07436,2,16,0,39,0,2,0,0
USER_07437,2,22,0,75,0,3,0,0
USER_07438,0,13,1,50,2,0,0,0
USER_07439,0,13,0,23,0,3,1,0
USER_07440,2,6,2,84,7,9,3,1
USER_07441,6,6,1,19,2,11,1,0
USER_07442,5,20,1,41,6,10,1,1
USER_07443,7,2,0,60,6,9,2,1
USER_07444,2,8,1,44,1,4,0,0
USER_07445,1,10,0,18,2,4,1,0
USER_07446,2,7,0,29,0,5,0,1
USER_07447,1,12,0,34,1,2,1,0
USER_07448,0,19,0,33,1,5,0,0
USER_07449,3,10,2,25,0,2,2,0
USER_07450,1,11,1,31,2,4,0,0
USER_07451,2,15,1,22,3,2,0,0
USER_07452,0,8,0,30,0,2,0,0
USER_07453,2,14,0,78,2,0,0,0
USER_07454,1,4,0,32,1,3,0,0
USER_07455,3,8,2,165,7,10,0,1
USER_07456,0,8,0,56,0,2,1,1
USER_07457,3,20,2,39,2,10,1,0
USER_07458,3,2,1,35,6,5,1,1
USER_07459,2,13,0,12,1,4,0,0
USER_07460,0,12,0,10,0,6,1,0
USER_07461,1,21,0,40,0,7,1,0
USER_07462,0,16,2,133,1,2,0,0
USER_07463,0,7,1,23,2,2,1,0
USER_07464,6,23,0,51,9,12,1,1
USER_07465,3,23,2,62,4,10,2,1
USER_07466,2,13,0,30,0,5,0,0
USER_07467,4,17,1,22,3,1,1,1
USER_07468,2,17,0,12,1,2,0,0
USER_07469,5,23,3,251,1,17,1,1
USER_07470,0,14,0,26,1,4,0,0
USER_07471,0,11,0,46,2,3,0,0
USER_07472,1,7,2,157,4,8,1,0
USER_07473,2,13,0,78,1,3,0,0
USER_07474,3,17,0,28,1,4,1,0
USER_07475,1,11,1,16,1,4,0,0
USER_07476,1,12,0,35,5,7,0,1
USER_07477,2,11,0,27,1,3,0,1
USER_07478,2,18,0,13,2,1,1,0
USER_07479,1,13,0,15,3,1,0,0
USER_07480,5,7,2,238,4,11,2,1
USER_07481,0,12,0,58,0,6,0,0
USER_07482,5,20,0,30,8,10,4,1
USER_07483,0,23,1,47,2,4,1,0
USER_07484,3,8,0,34,6,7,1,1
USER_07485,2,16,0,60,1,2,1,1
USER_07486,6,20,0,117,5,11,1,0
USER_07487,0,11,0,28,0,3,0,0
USER_07488,1,14,0,17,2,6,1,0
USER_07489,1,5,0,17,0,4,0,0
USER_07490,1,11,1,48,1,4,0,0
USER_07491,5,6,3,79,7,14,4,1
USER_07492,4,4,0,95,4,5,1,1
USER_07493,7,4,1,127,6,11,2,1
USER_07494,0,11,1,15,2,3,0,0
USER_07495,8,23,0,63,4,7,2,1
USER_07496,4,2,1,27,3,8,0,1
USER_07497,6,19,2,22,0,2,0,0
USER_07498,0,13,1,12,1,1,0,0
USER_07499,2,18,2,13,2,4,0,1
USER_07500,0,14,1,29,1,4,0,0
USER_07501,2,9,0,18,1,1,1,0
USER_07502,4,9,2,70,0,18,0,1
USER_07503,0,18,0,36,0,2,0,0
USER_07504,3,14,0,18,1,1,0,0
USER_07505,1,9,0,23,0,3,1,0
USER_07506,7,3,0,11,5,17,3,1
USER_07507,3,2,1,91,3,8,2,1
USER_07508,6,16,3,69,3,8,1,0
USER_07509,2,15,0,10,3,3,0,0
USER_07510,1,5,0,28,1,5,0,0
USER_07511,2,10,0,25,0,2,0,0
USER_07512,1,11,0,21,1,1,0,0
USER_07513,4,17,0,20,1,2,0,0
USER_07514,0,13,0,15,0,3,1,0
USER_07515,2,23,2,169,6,10,2,1
USER_07516,3,10,0,13,2,1,0,0
USER_07517,5,6,0,183,6,11,3,1
USER_07518,2,16,0,24,1,2,1,0
USER_07519,2,12,1,42,0,2,0,0
USER_07520,2,13,0,39,1,4,0,0
USER_07521,1,9,0,25,2,1,0,0
USER_07522,1,13,1,22,1,4,0,0
USER_07523,2,14,0,14,1,3,0,0
USER_07524,1,13,0,52,0,3,0,0
USER_07525,0,15,0,9,0,2,0,0
USER_07526,2,16,0,14,1,2,0,0
USER_07527,3,2,0,265,3,12,2,1
USER_07528,3,5,1,84,10,13,2,1
USER_07529,3,19,2,37,2,3,0,0
USER_07530,2,9,0,57,0,3,0,0
USER_07531,1,16,1,51,1,0,0,0
USER_07532,0,13,0,17,2,6,0,0
USER_07533,0,13,0,20,0,4,0,0
USER_07534,0,11,1,13,3,2,0,0
USER_07535,1,15,0,27,1,5,0,0
USER_07536,7,6,1,391,5,8,0,1
USER_07537,0,18,1,25,1,1,0,0
USER_07538,2,17,1,78,10,3,1,0
USER_07539,2,13,0,27,0,1,0,0
USER_07540,0,19,0,23,0,5,0,1
USER_07541,2,1,3,75,1,12,1,1
USER_07542,0,9,0,10,0,5,0,0
USER_07543,1,10,0,27,0,2,0,0
USER_07544,0,1,1,119,6,10,2,1
USER_07545,0,17,0,46,0,6,0,0
USER_07546,0,17,0,61,2,5,0,0
USER_07547,4,14,0,16,0,1,1,0
USER_07548,0,10,1,14,0,2,1,0
USER_07549,1,7,0,20,1,1,0,0
USER_07550,2,10,0,40,1,2,1,1
USER_07551,4,22,3,70,6,9,0,1
USER_07552,2,21,0,28,2,6,0,0
USER_07553,0,11,1,29,0,3,0,0
USER_07554,3,11,0,18,0,4,0,0
USER_07555,1,11,0,39,2,4,0,0
USER_07556,6,0,0,58,6,5,1,1
USER_07557,0,7,1,57,2,5,0,0
USER_07558,2,19,1,36,1,4,2,0
USER_07559,3,3,4,42,6,7,1,1
USER_07560,3,2,1,49,3,13,2,0
USER_07561,6,2,0,49,6,7,5,1
USER_07562,2,9,2,35,0,3,0,0
USER_07563,3,18,0,18,1,5,1,1
USER_07564,1,13,0,8,0,3,0,0
USER_07565,1,15,0,15,1,1,0,0
USER_07566,4,2,3,224,3,12,1,1
USER_07567,2,16,0,32,1,3,0,0
USER_07568,2,16,0,21,0,1,2,0
USER_07569,5,21,2,103,7,8,2,1
USER_07570,6,2,1,83,11,10,4,1
USER_07571,2,12,0,72,1,4,1,0
USER_07572,7,21,2,45,6,12,1,1
USER_07573,1,17,0,43,0,3,0,1
USER_07574,5,7,1,28,1,2,0,0
USER_07575,0,13,0,15,2,3,0,0
USER_07576,6,5,3,55,4,9,1,1
USER_07577,0,23,3,187,7,7,2,1
USER_07578,3,13,0,24,1,3,1,0
USER_07579,2,13,0,17,1,2,0,0
USER_07580,1,12,0,21,1,4,0,0
USER_07581,3,15,0,19,1,3,0,0
USER_07582,6,3,3,278,7,10,1,1
USER_07583,1,9,0,57,1,2,1,0
USER_07584,5,10,0,198,5,12,1,1
USER_07585,2,7,0,11,0,4,1,0
USER_07586,2,10,1,11,2,2,0,0
USER_07587,0,10,0,20,0,2,0,0
USER_07588,3,2,1,46,7,8,1,1
USER_07589,1,14,0,21,0,1,0,0
USER_07590,4,9,2,79,1,2,0,0
USER_07591,1,16,0,16,2,3,0,0
USER_07592,6,1,1,55,6,9,1,1
USER_07593,6,5,0,28,2,8,2,1
USER_07594,0,20,3,115,7,10,0,1
USER_07595,0,17,0,8,1,3,0,0
USER_07596,7,9,2,32,7,5,3,1
USER_07597,0,13,0,9,1,1,1,0
USER_07598,3,23,1,17,5,8,1,0
USER_07599,1,15,0,31,3,2,0,0
USER_07600,1,5,0,11,0,0,1,0
USER_07601,2,11,1,166,2,5,1,1
USER_07602,4,12,1,28,11,14,1,1
USER_07603,2,11,0,65,0,8,0,1
USER_07604,1,20,0,26,1,2,0,0
USER_07605,3,20,0,137,2,16,1,1
USER_07606,4,3,1,105,13,7,0,1
USER_07607,4,5,3,173,4,14,2,1
USER_07608,3,14,0,58,1,2,0,0
USER_07609,0,12,1,14,4,4,0,0
USER_07610,3,4,1,316,5,13,2,1
USER_07611,3,1,1,138,12,13,4,1
USER_07612,6,2,1,95,5,10,1,1
USER_07613,2,9,0,29,3,2,0,0
USER_07614,1,13,0,15,1,2,0,0
USER_07615,4,15,0,26,4,4,0,0
USER_07616,9,20,0,231,5,4,1,1
USER_07617,2,14,0,64,1,3,0,0
USER_07618,1,13,0,17,3,3,1,1
USER_07619,3,4,1,51,7,6,2,1
USER_07620,6,2,0,19,4,3,1,0
USER_07621,2,10,0,35,0,5,1,0
USER_07622,7,6,1,30,11,14,2,1
USER_07623,3,16,0,29,0,3,0,0
USER_07624,2,13,1,35,2,6,0,0
USER_07625,2,10,0,34,0,0,0,0
USER_07626,2,10,0,19,1,4,0,0
USER_07627,4,20,0,194,5,9,1,0
USER_07628,5,5,1,243,4,7,3,1
USER_07629,0,8,0,16,1,8,0,1
USER_07630,3,6,0,166,4,10,0,0
USER_07631,2,7,0,7,1,3,0,0
USER_07632,3,23,3,80,6,7,2,1
USER_07633,2,3,2,98,7,11,1,1
USER_07634,5,11,4,62,2,3,0,0
USER_07635,1,9,0,30,0,1,0,0
USER_07636,0,17,0,14,1,3,1,1
USER_07637,1,12,0,28,1,6,0,0
USER_07638,3,22,2,36,7,8,2,1
USER_07639,1,16,1,11,0,8,0,0
USER_07640,2,8,0,27,1,3,0,0
USER_07641,2,8,1,9,2,2,0,0
USER_07642,7,5,2,43,5,7,0,1
USER_07643,1,1,0,21,0,3,0,0
USER_07644,6,21,0,64,9,9,2,1
USER_07645,1,14,0,10,1,3,0,0
USER_07646,1,13,0,22,0,5,0,0
USER_07647,1,15,0,7,1,2,1,0
USER_07648,4,15,0,16,1,3,0,1
USER_07649,2,14,0,35,1,0,0,0
USER_07650,4,21,0,364,3,10,1,1
USER_07651,6,1,1,35,2,3,2,1
USER_07652,2,19,0,15,1,2,0,0
USER_07653,1,10,0,19,0,6,1,0
USER_07654,2,9,0,13,0,2,0,0
USER_07655,0,9,0,70,0,2,0,0
USER_07656,4,0,1,172,2,15,1,1
USER_07657,3,23,1,41,0,8,2,1
USER_07658,8,3,1,36,5,10,1,1
USER_07659,3,15,0,66,1,0,0,0
USER_07660,2,11,0,19,0,6,1,1
USER_07661,3,12,0,22,1,5,0,0
USER_07662,6,1,4,459,7,4,2,1
USER_07663,0,17,1,25,0,5,0,0
USER_07664,4,7,1,24,3,2,1,0
USER_07665,2,9,0,23,1,4,0,0
USER_07666,0,12,0,14,1,1,0,0
USER_07667,2,22,2,60,7,4,0,0
USER_07668,0,12,0,34,2,1,0,0
USER_07669,1,10,1,37,0,3,0,0
USER_07670,2,13,0,73,1,7,0,0
USER_07671,5,9,1,110,5,8,0,0
USER_07672,1,10,0,25,1,3,0,0
USER_07673,2,3,0,876,7,6,0,1
USER_07674,1,19,0,38,0,5,0,0
USER_07675,2,10,0,36,1,2,0,0
USER_07676,0,17,0,11,0,3,1,0
USER_07677,3,12,0,9,0,1,0,0
USER_07678,2,13,2,170,4,8,4,1
USER_07679,2,5,3,111,3,10,2,1
USER_07680,4,4,1,49,3,5,0,1
USER_07681,2,1,1,73,3,8,2,1
USER_07682,1,15,1,8,0,8,0,0
USER_07683,0,8,0,21,0,3,0,0
USER_07684,3,5,3,92,4,7,0,1
USER_07685,3,13,0,19,0,3,1,0
USER_07686,4,2,3,61,10,10,2,1
USER_07687,2,11,0,65,1,2,0,0
USER_07688,1,12,1,52,0,7,0,0
USER_07689,1,16,0,67,0,1,0,0
USER_07690,1,7,0,13,0,1,0,0
USER_07691,2,17,1,32,0,5,1,0
USER_07692,0,10,1,92,0,3,0,0
USER_07693,1,17,0,28,1,3,0,0
USER_07694,0,17,0,29,1,4,0,0
USER_07695,2,12,0,23,1,5,0,0
USER_07696,1,16,0,24,0,2,0,0
USER_07697,1,12,1,76,2,3,1,0
USER_07698,5,21,1,168,9,6,2,1
USER_07699,1,14,0,21,0,1,0,1
USER_07700,3,16,0,41,0,3,0,0
USER_07701,2,9,1,17,1,3,0,0
USER_07702,2,7,0,36,2,2,0,0
USER_07703,2,14,0,29,0,5,0,0
USER_07704,0,19,0,47,0,5,0,0
USER_07705,1,13,1,20,0,8,0,1
USER_07706,2,17,0,19,2,4,0,0
USER_07707,1,17,0,27,1,3,0,0
USER_07708,1,16,0,24,0,2,0,0
USER_07709,0,12,1,28,0,4,0,0
USER_07710,2,11,1,36,0,0,1,0
USER_07711,1,13,0,28,2,3,1,0
USER_07712,7,11,1,111,0,1,4,0
USER_07713,1,16,0,13,1,4,3,0
USER_07714,1,12,0,29,2,0,0,0
USER_07715,2,12,0,12,1,3,0,0
USER_07716,1,12,0,34,0,3,1,0
USER_07717,4,10,0,21,1,7,0,0
USER_07718,4,8,1,62,6,7,0,1
USER_07719,5,23,3,164,4,12,3,1
USER_07720,1,9,0,27,0,3,2,0
USER_07721,2,9,0,22,1,4,0,0
USER_07722,0,8,0,18,3,13,1,1
USER_07723,1,13,1,32,3,4,0,0
USER_07724,2,7,0,20,1,3,0,0
USER_07725,2,3,1,154,3,8,0,1
USER_07726,2,5,0,47,1,2,0,0
USER_07727,1,7,0,25,2,4,0,0
USER_07728,0,11,1,25,0,2,1,0
USER_07729,7,14,0,7,1,0,0,0
USER_07730,1,13,0,35,0,4,0,0
USER_07731,0,13,0,9,0,4,0,0
USER_07732,0,11,0,30,0,4,1,0
USER_07733,6,17,0,19,2,2,1,1
USER_07734,1,11,0,21,1,3,1,0
USER_07735,8,7,1,55,4,8,1,0
USER_07736,4,18,0,15,2,1,0,0
USER_07737,4,12,2,92,1,9,2,0
USER_07738,1,12,0,47,0,7,1,0
USER_07739,2,16,0,23,1,5,0,0
USER_07740,3,11,0,19,0,6,1,0
USER_07741,0,17,0,6,1,5,0,0
USER_07742,2,13,0,19,0,3,0,0
USER_07743,8,3,2,194,5,6,1,1
USER_07744,4,6,3,46,4,4,0,0
USER_07745,3,10,2,43,5,9,0,0
USER_07746,0,18,0,17,5,5,0,1
USER_07747,0,16,0,115,0,1,0,0
USER_07748,1,7,1,22,2,5,1,0
USER_07749,5,11,0,19,1,2,2,0
USER_07750,7,18,3,34,7,6,3,1
USER_07751,5,4,2,128,6,10,2,1
USER_07752,2,10,1,25,1,2,0,0
USER_07753,10,4,2,12,4,8,0,1
USER_07754,7,6,3,177,4,13,2,1
USER_07755,2,11,0,20,0,1,2,0
USER_07756,1,4,0,101,4,9,1,1
USER_07757,1,21,0,43,1,3,0,0
USER_07758,0,10,1,88,0,5,1,0
USER_07759,2,9,0,46,1,0,1,0
USER_07760,1,19,1,26,0,2,0,1
USER_07761,0,17,0,26,1,2,1,0
USER_07762,3,12,1,56,7,7,2,0
USER_07763,5,13,0,14,0,3,0,0
USER_07764,2,16,0,29,3,5,0,0
USER_07765,1,16,2,52,1,4,0,0
USER_07766,3,16,0,47,3,2,1,1
USER_07767,7,6,3,132,7,11,2,1
USER_07768,1,12,0,17,3,2,0,0
USER_07769,2,4,2,402,4,12,4,1
USER_07770,1,15,0,16,3,3,1,0
USER_07771,2,19,0,15,0,9,0,0
USER_07772,2,14,0,15,1,1,1,0
USER_07773,1,11,0,22,2,4,1,1
USER_07774,4,3,1,158,5,10,1,0
USER_07775,2,12,0,25,1,2,1,0
USER_07776,0,17,0,19,1,3,0,0
USER_07777,4,13,0,53,2,4,0,0
USER_07778,6,8,0,24,4,8,1,1
USER_07779,3,10,0,14,2,2,0,0
USER_07780,8,4,1,29,5,4,1,1
USER_07781,3,3,2,90,3,7,3,1
USER_07782,1,14,0,29,0,6,1,0
USER_07783,0,16,0,91,0,2,0,0
USER_07784,2,12,0,13,0,1,0,0
USER_07785,5,5,0,21,2,4,0,1
USER_07786,5,0,2,175,5,4,4,1
USER_07787,2,10,1,41,0,3,0,0
USER_07788,3,2,1,179,5,13,0,1
USER_07789,2,18,0,45,0,7,2,1
USER_07790,2,16,0,20,1,2,1,0
USER_07791,0,1,1,394,3,13,2,1
USER_07792,0,10,0,15,0,3,0,0
USER_07793,5,12,0,23,0,4,0,0
USER_07794,1,17,0,36,4,2,0,0
USER_07795,5,7,1,24,0,1,0,0
USER_07796,6,0,2,204,3,14,4,1
USER_07797,4,17,0,37,1,6,0,0
USER_07798,7,23,1,166,3,13,3,1
USER_07799,1,11,0,39,0,2,1,0
USER_07800,4,8,0,47,0,6,0,0
USER_07801,3,15,1,29,0,3,0,0
USER_07802,2,7,2,39,3,12,3,0
USER_07803,0,14,0,19,2,4,0,0
USER_07804,1,15,1,20,0,4,1,0
USER_07805,1,15,0,27,1,1,0,0
USER_07806,0,14,0,46,0,1,1,0
USER_07807,1,12,0,83,5,10,1,1
USER_07808,1,18,0,14,0,3,0,0
USER_07809,2,11,0,68,6,8,2,1
USER_07810,2,13,0,31,0,4,0,0
USER_07811,0,10,0,32,0,1,0,0
USER_07812,1,16,0,96,0,2,0,0
USER_07813,3,4,0,229,5,10,4,1
USER_07814,0,13,1,35,0,6,0,1
USER_07815,2,15,0,22,0,5,0,0
USER_07816,0,13,0,40,1,3,0,0
USER_07817,1,14,0,6,0,1,0,0
USER_07818,2,14,0,11,0,4,0,0
USER_07819,7,22,2,82,3,6,1,0
USER_07820,1,16,0,18,3,3,0,0
USER_07821,1,4,2,18,0,1,0,0
USER_07822,1,15,0,47,1,7,0,0
USER_07823,1,9,0,28,0,3,1,0
USER_07824,2,17,0,26,1,2,0,0
USER_07825,7,2,2,22,5,12,1,1
USER_07826,4,11,1,41,1,5,1,0
USER_07827,2,23,1,108,7,9,1,1
USER_07828,2,13,0,11,1,0,2,0
USER_07829,3,23,2,164,4,9,3,1
USER_07830,1,17,0,56,1,6,0,0
USER_07831,6,1,1,40,6,14,3,1
USER_07832,4,13,0,36,1,0,0,0
USER_07833,3,11,0,23,3,1,0,0
USER_07834,0,16,0,11,2,1,1,0
USER_07835,1,11,0,21,1,2,1,0
USER_07836,0,13,0,75,2,0,0,0
USER_07837,1,12,1,8,2,4,0,0
USER_07838,2,3,3,31,8,5,2,1
USER_07839,4,6,2,43,3,12,1,1
USER_07840,1,13,0,87,2,1,0,0
USER_07841,5,0,2,44,4,7,1,1
USER_07842,0,11,0,15,0,1,0,0
USER_07843,1,14,0,23,0,1,1,0
USER_07844,2,9,0,39,2,2,0,0
USER_07845,2,14,1,54,1,0,0,0
USER_07846,2,13,1,35,1,2,0,1
USER_07847,2,5,0,10,1,2,1,1
USER_07848,4,14,0,14,1,3,0,0
USER_07849,2,19,0,27,0,0,1,0
USER_07850,4,21,0,185,6,11,0,0
USER_07851,3,14,1,26,3,2,5,0
USER_07852,9,1,2,98,6,14,1,1
USER_07853,1,21,1,13,0,8,0,0
USER_07854,2,21,0,12,2,6,0,0
USER_07855,1,19,0,36,0,3,0,0
USER_07856,5,8,1,53,5,8,4,1
USER_07857,2,10,1,25,1,3,0,0
USER_07858,1,9,1,9,1,2,0,0
USER_07859,2,6,1,266,6,9,0,1
USER_07860,3,11,1,482,4,8,3,0
USER_07861,3,10,1,54,0,4,2,1
USER_07862,2,15,0,24,1,5,0,0
USER_07863,1,9,0,13,1,2,0,0
USER_07864,0,14,0,26,0,2,0,0
USER_07865,5,8,1,12,4,9,0,0
USER_07866,0,16,0,17,0,2,0,0
USER_07867,1,10,0,19,0,2,0,0
USER_07868,2,9,1,20,1,6,0,1
USER_07869,1,10,0,21,0,5,0,0
USER_07870,2,14,1,18,0,0,1,0
USER_07871,1,11,0,39,1,0,0,0
USER_07872,1,16,0,12,0,1,1,0
USER_07873,2,13,1,26,1,8,0,0
USER_07874,0,15,0,17,2,3,0,0
USER_07875,2,10,1,17,1,3,0,0
USER_07876,0,12,1,41,0,4,0,0
USER_07877,4,13,0,40,0,2,0,0
USER_07878,4,1,3,103,4,15,3,1
USER_07879,5,11,1,14,4,8,2,0
USER_07880,4,10,2,16,3,10,0,0
USER_07881,2,7,0,39,0,5,1,0
USER_07882,0,11,0,27,1,2,0,0
USER_07883,2,13,0,43,1,2,1,0
USER_07884,6,23,4,48,7,12,1,1
USER_07885,1,6,1,17,1,5,1,0
USER_07886,2,13,0,24,1,1,0,0
USER_07887,2,9,0,28,2,1,0,0
USER_07888,3,7,0,12,0,1,1,0
USER_07889,3,7,1,31,2,10,1,1
USER_07890,3,14,1,21,0,1,0,0
USER_07891,0,14,0,31,1,2,0,0
USER_07892,5,3,2,81,3,8,3,1
USER_07893,1,17,0,24,0,6,0,0
USER_07894,1,15,0,31,0,4,0,0
USER_07895,2,9,0,25,0,3,1,0
USER_07896,3,11,0,109,0,0,1,0
USER_07897,0,6,1,32,1,2,0,0
USER_07898,3,18,0,13,1,0,0,0
USER_07899,6,6,1,50,2,12,2,0
USER_07900,0,21,0,26,2,2,0,0
USER_07901,1,11,0,21,0,3,1,0
USER_07902,1,12,0,16,2,3,0,0
USER_07903,5,9,0,88,2,8,2,1
USER_07904,4,19,1,20,0,1,0,0
USER_07905,5,7,0,78,1,17,1,0
USER_07906,2,13,0,29,0,5,0,0
USER_07907,3,13,0,34,0,4,0,0
USER_07908,4,3,2,95,5,8,1,1
USER_07909,1,20,0,18,2,2,0,0
USER_07910,3,15,0,19,1,0,0,0
USER_07911,3,2,0,51,5,10,1,1
USER_07912,1,16,0,27,1,1,0,0
USER_07913,0,15,0,15,2,3,0,0
USER_07914,5,1,1,111,3,8,2,1
USER_07915,4,18,2,13,4,5,0,0
USER_07916,2,5,0,157,5,5,5,1
USER_07917,6,7,2,117,3,6,2,0
USER_07918,1,11,1,35,0,1,1,0
USER_07919,3,13,1,181,4,6,3,0
USER_07920,0,18,1,16,1,1,0,0
USER_07921,1,14,0,40,2,3,0,0
USER_07922,0,5,0,32,0,3,0,0
USER_07923,1,13,2,162,6,11,1,0
USER_07924,0,6,0,20,0,2,0,0
USER_07925,7,23,1,51,4,7,2,1
USER_07926,1,15,2,19,3,0,0,0
USER_07927,0,14,0,19,0,2,1,0
USER_07928,2,10,1,23,0,0,1,0
USER_07929,0,8,0,41,3,1,0,0
USER_07930,2,19,0,32,0,5,0,0
USER_07931,4,18,0,23,0,1,0,0
USER_07932,0,12,1,18,1,6,1,0
USER_07933,3,13,1,39,2,4,0,0
USER_07934,0,10,1,47,0,1,2,0
USER_07935,2,12,0,25,0,4,2,0
USER_07936,2,13,0,32,1,5,0,0
USER_07937,1,16,0,6,0,2,0,0
USER_07938,0,7,1,16,2,2,1,0
USER_07939,0,14,0,10,1,3,0,0
USER_07940,1,18,1,27,0,3,0,0
USER_07941,3,12,0,12,0,3,1,0
USER_07942,0,9,0,143,2,2,1,0
USER_07943,2,17,1,39,1,1,0,0
USER_07944,0,9,0,30,1,1,0,0
USER_07945,3,8,0,18,4,2,1,0
USER_07946,1,6,0,19,2,5,0,0
USER_07947,7,8,1,17,6,15,2,1
USER_07948,1,8,0,84,0,4,0,0
USER_07949,2,7,0,39,1,0,1,0
USER_07950,2,2,1,71,6,5,2,0
USER_07951,1,9,0,21,0,5,0,0
USER_07952,1,15,0,7,2,2,0,0
USER_07953,4,10,0,153,4,12,2,1
USER_07954,0,13,1,18,0,1,0,0
USER_07955,2,23,3,96,6,14,1,1
USER_07956,0,16,0,23,0,3,0,0
USER_07957,0,8,0,26,0,0,1,0
USER_07958,1,17,0,15,1,7,0,0
USER_07959,0,12,0,42,0,3,2,0
USER_07960,4,0,3,116,5,4,2,1
USER_07961,1,14,1,20,3,6,0,0
USER_07962,4,17,0,26,0,2,0,0
USER_07963,3,14,1,13,0,2,0,0
USER_07964,2,12,2,54,11,10,1,0
USER_07965,1,15,0,52,1,1,0,1
USER_07966,7,5,0,63,8,12,0,1
USER_07967,0,16,1,25,0,4,0,0
USER_07968,8,7,2,65,6,7,2,1
USER_07969,2,14,0,32,0,3,1,0
USER_07970,3,14,0,13,2,5,0,1
USER_07971,2,16,0,10,0,4,0,0
USER_07972,0,12,0,9,1,5,1,0
USER_07973,2,14,0,29,3,3,0,0
USER_07974,0,13,1,50,0,3,0,0
USER_07975,9,1,0,44,3,12,1,1
USER_07976,0,4,0,163,3,17,0,1
USER_07977,4,23,1,398,3,12,0,1
USER_07978,5,4,2,52,1,5,1,0
USER_07979,2,2,2,72,5,7,2,1
USER_07980,1,13,1,23,0,8,0,0
USER_07981,1,11,0,28,0,5,0,0
USER_07982,5,2,0,73,8,7,0,1
USER_07983,8,0,1,99,2,10,3,1
USER_07984,6,19,2,104,7,7,2,1
USER_07985,6,23,0,20,7,8,2,1
USER_07986,4,14,0,16,1,4,0,0
USER_07987,0,19,1,27,2,8,1,1
USER_07988,7,21,1,107,5,17,3,1
USER_07989,1,15,0,16,3,6,0,1
USER_07990,2,1,3,43,11,15,2,1
USER_07991,1,16,1,25,1,1,2,0
USER_07992,2,3,1,59,1,12,2,1
USER_07993,1,22,0,45,2,4,0,0
USER_07994,6,22,5,82,3,6,0,1
USER_07995,0,15,1,44,0,4,0,0
USER_07996,0,17,0,38,1,2,0,0
USER_07997,2,14,0,22,1,1,0,0
USER_07998,2,14,0,44,1,5,0,0
USER_07999,1,15,0,65,0,0,0,0
USER_08000,6,4,0,59,4,3,3,1
USER_08001,0,17,0,25,0,6,1,0
USER_08002,6,12,0,56,5,9,2,1
USER_08003,1,14,1,67,0,5,0,0
USER_08004,3,8,2,16,1,5,1,0
USER_08005,3,4,4,97,7,4,2,0
USER_08006,1,2,3,270,5,7,2,1
USER_08007,0,14,0,17,2,1,1,0
USER_08008,7,1,0,59,2,5,1,1
USER_08009,5,8,0,261,6,11,1,1
USER_08010,5,16,0,16,0,4,0,0
USER_08011,4,9,1,178,4,8,1,0
USER_08012,8,10,2,75,6,13,3,1
USER_08013,0,13,0,11,1,2,0,0
USER_08014,0,13,0,38,0,0,0,0
USER_08015,6,14,0,27,0,4,0,0
USER_08016,1,15,0,31,0,3,0,0
USER_08017,7,2,1,93,3,14,2,1
USER_08018,7,0,7,28,4,7,0,1
USER_08019,2,9,0,32,3,3,2,0
USER_08020,2,11,0,17,2,7,0,0
USER_08021,3,17,0,61,1,1,0,0
USER_08022,5,10,1,36,1,1,0,1
USER_08023,7,16,2,130,3,10,2,1
USER_08024,0,8,0,37,0,2,0,0
USER_08025,0,14,0,9,2,2,0,0
USER_08026,1,16,1,10,2,1,2,0
USER_08027,1,13,0,62,2,3,0,0
USER_08028,7,5,2,22,3,8,1,1
USER_08029,6,23,1,46,3,10,3,1
USER_08030,1,19,0,33,2,2,1,0
USER_08031,1,13,0,31,2,2,0,0
USER_08032,1,6,0,23,2,2,1,0
USER_08033,0,10,0,15,3,3,1,0
USER_08034,2,6,0,11,2,4,0,0
USER_08035,2,11,0,43,0,2,0,0
USER_08036,5,5,1,412,4,6,1,0
USER_08037,2,12,1,9,1,2,1,0
USER_08038,0,12,0,21,3,7,0,0
USER_08039,1,20,0,21,0,1,0,0
USER_08040,9,6,2,131,4,6,2,1
USER_08041,1,12,1,18,1,1,2,0
USER_08042,3,16,1,29,2,3,0,0
USER_08043,4,16,0,40,5,12,1,0
USER_08044,2,14,0,26,1,1,1,0
USER_08045,2,21,0,126,4,10,2,1
USER_08046,3,10,1,27,1,4,1,0
USER_08047,7,6,1,77,7,10,2,1
USER_08048,7,23,1,157,2,13,2,1
USER_08049,1,8,0,25,1,5,0,0
USER_08050,3,15,0,16,0,2,0,0
USER_08051,1,10,0,42,0,4,1,0
USER_08052,8,6,1,169,8,7,2,1
USER_08053,6,8,6,156,4,8,1,1
USER_08054,8,9,1,347,6,7,2,1
USER_08055,4,19,3,356,4,9,1,1
USER_08056,3,16,0,41,1,4,0,0
USER_08057,2,8,0,16,1,7,0,0
USER_08058,3,11,0,22,2,6,1,0
USER_08059,6,1,1,340,4,12,2,1
USER_08060,2,18,2,76,12,11,4,1
USER_08061,3,15,0,19,2,3,0,0
USER_08062,2,10,0,48,0,3,0,0
USER_08063,2,5,0,52,2,3,2,0
USER_08064,2,19,3,208,4,12,1,1
USER_08065,5,1,0,130,3,8,4,1
USER_08066,2,8,0,49,0,2,0,0
USER_08067,2,13,0,7,1,4,0,0
USER_08068,2,13,0,27,1,4,0,0
USER_08069,1,11,0,60,0,1,1,0
USER_08070,4,7,0,41,3,12,3,0
USER_08071,1,15,1,37,2,7,0,0
USER_08072,2,8,0,11,1,4,2,0
USER_08073,1,17,0,20,1,3,1,1
USER_08074,1,11,1,43,1,1,0,1
USER_08075,4,19,3,196,8,4,1,1
USER_08076,3,10,0,6,2,5,0,0
USER_08077,0,9,0,19,0,1,1,0
USER_08078,0,17,0,9,1,3,0,0
USER_08079,5,9,1,84,7,8,0,1
USER_08080,5,4,2,36,8,11,1,1
USER_08081,0,14,0,5,0,6,0,1
USER_08082,1,12,1,16,0,5,0,0
USER_08083,3,17,0,13,1,1,1,0
USER_08084,1,13,0,27,0,4,0,0
USER_08085,1,5,0,16,1,1,0,1
USER_08086,5,5,0,21,5,13,3,1
USER_08087,5,17,3,129,3,8,4,1
USER_08088,2,13,0,60,0,1,0,0
USER_08089,0,13,2,28,1,1,1,0
USER_08090,2,17,0,33,0,2,0,0
USER_08091,1,18,0,22,2,2,1,0
USER_08092,1,10,1,14,2,0,0,0
USER_08093,2,13,0,34,2,1,1,0
USER_08094,5,4,2,82,6,11,2,1
USER_08095,0,8,0,25,1,0,1,0
USER_08096,1,2,1,100,6,8,4,1
USER_08097,1,14,0,21,0,2,0,0
USER_08098,2,12,0,17,1,4,0,0
USER_08099,1,20,0,24,1,3,0,0
USER_08100,3,6,0,57,11,11,4,0
USER_08101,6,14,0,52,2,7,0,0
USER_08102,1,13,0,28,0,1,0,0
USER_08103,8,3,1,176,3,8,4,1
USER_08104,4,3,1,155,2,15,0,0
USER_08105,2,7,0,56,1,5,1,0
USER_08106,2,9,0,22,0,2,0,0
USER_08107,0,14,0,20,2,7,0,0
USER_08108,2,23,3,84,4,10,3,1
USER_08109,2,11,0,53,2,2,0,0
USER_08110,2,16,0,9,1,3,0,0
USER_08111,2,15,1,40,2,3,0,0
USER_08112,3,17,1,50,2,1,0,0
USER_08113,6,3,0,71,3,11,0,1
USER_08114,6,0,1,57,2,6,0,0
USER_08115,1,19,0,36,1,4,0,0
USER_08116,5,0,3,82,9,15,1,1
USER_08117,7,14,0,57,3,2,0,0
USER_08118,0,19,0,39,0,2,0,0
USER_08119,0,15,1,23,0,3,1,0
USER_08120,6,4,3,292,1,8,2,1
USER_08121,1,18,0,24,1,3,0,0
USER_08122,0,16,2,21,2,4,0,0
USER_08123,6,3,2,54,5,11,5,1
USER_08124,0,9,1,38,1,3,1,0
USER_08125,2,5,1,45,6,7,3,0
USER_08126,3,12,0,41,2,1,1,0
USER_08127,0,6,0,18,0,3,2,0
USER_08128,0,15,0,33,1,2,0,0
USER_08129,2,22,0,16,0,4,0,0
USER_08130,2,13,0,9,1,1,0,0
USER_08131,1,14,0,59,0,3,1,0
USER_08132,6,4,1,361,6,4,1,1
USER_08133,6,10,4,17,8,5,1,1
USER_08134,4,21,0,65,5,12,1,0
USER_08135,1,12,0,66,0,5,1,0
USER_08136,2,14,1,35,1,1,0,0
USER_08137,0,11,0,10,0,2,0,0
USER_08138,1,13,0,11,1,1,1,0
USER_08139,3,0,1,21,5,5,2,1
USER_08140,2,18,1,46,0,4,0,0
USER_08141,1,13,0,69,0,4,0,0
USER_08142,2,11,0,29,2,1,1,0
USER_08143,3,12,0,40,1,3,0,0
USER_08144,0,15,0,51,2,3,0,0
USER_08145,3,10,1,9,1,5,0,0
USER_08146,2,10,0,17,1,2,0,0
USER_08147,1,13,0,32,0,2,0,0
USER_08148,3,6,1,35,2,1,0,1
USER_08149,6,22,2,108,8,11,5,1
USER_08150,1,11,0,37,0,2,0,0
USER_08151,1,15,1,40,1,1,1,0
USER_08152,1,10,1,28,1,2,0,0
USER_08153,3,11,0,37,1,3,0,0
USER_08154,0,4,1,118,8,13,4,1
USER_08155,0,10,1,33,1,4,0,0
USER_08156,3,19,2,129,6,9,0,1
USER_08157,5,10,1,52,6,11,2,1
USER_08158,0,5,1,22,2,1,1,1
USER_08159,2,9,0,30,1,0,0,0
USER_08160,1,15,0,7,0,3,0,0
USER_08161,1,8,0,12,0,2,1,0
USER_08162,1,9,0,16,1,7,0,0
USER_08163,2,12,0,10,0,5,0,0
USER_08164,4,15,0,24,1,2,1,0
USER_08165,1,8,0,6,1,2,1,0
USER_08166,2,11,0,31,0,5,1,0
USER_08167,1,18,0,20,0,3,0,0
USER_08168,4,12,0,296,4,7,2,0
USER_08169,1,15,1,49,1,4,0,0
USER_08170,0,9,0,39,0,6,0,0
USER_08171,8,7,1,58,8,10,2,1
USER_08172,3,16,2,14,0,1,0,0
USER_08173,5,14,1,15,2,2,0,0
USER_08174,1,15,0,127,0,2,1,0
USER_08175,0,15,1,9,0,6,1,0
USER_08176,7,4,0,65,5,10,2,1
USER_08177,4,12,0,48,0,6,1,0
USER_08178,5,9,0,23,2,3,1,0
USER_08179,1,10,1,21,1,1,0,0
USER_08180,3,11,1,57,1,3,0,0
USER_08181,2,5,0,9,1,4,0,0
USER_08182,11,5,2,91,1,11,2,1
USER_08183,2,16,0,16,1,5,2,1
USER_08184,2,13,0,28,0,6,0,0
USER_08185,2,11,0,48,2,2,1,0
USER_08186,5,9,4,151,4,11,0,1
USER_08187,0,7,0,23,1,2,0,0
USER_08188,1,7,0,46,3,1,1,0
USER_08189,2,19,1,9,2,1,1,0
USER_08190,6,0,2,136,9,6,0,1
USER_08191,2,16,1,17,0,3,0,0
USER_08192,6,0,2,67,8,11,1,1
USER_08193,2,13,0,22,1,2,1,0
USER_08194,4,22,2,31,6,5,1,0
USER_08195,1,5,0,120,7,8,3,1
USER_08196,2,5,0,50,1,1,0,0
USER_08197,1,11,0,19,0,4,1,0
USER_08198,0,18,0,18,0,4,0,0
USER_08199,3,13,1,50,2,4,0,0
USER_08200,0,12,1,23,1,2,1,0
USER_08201,1,13,1,20,1,1,0,0
USER_08202,4,1,0,46,5,8,0,1
USER_08203,2,9,0,43,2,3,0,0
USER_08204,2,16,0,39,0,2,0,0
USER_08205,3,10,0,14,2,3,0,1
USER_08206,1,21,1,17,1,3,0,0
USER_08207,3,12,0,42,0,3,0,0
USER_08208,1,14,0,33,1,2,0,0
USER_08209,1,19,0,5,1,4,0,0
USER_08210,9,22,0,127,4,11,1,1
USER_08211,0,8,0,22,1,4,0,0
USER_08212,5,0,2,37,2,9,1,0
USER_08213,2,7,0,64,0,6,3,0
USER_08214,0,12,0,20,0,3,0,0
USER_08215,2,9,0,118,1,4,1,1
USER_08216,3,12,0,8,0,2,0,0
USER_08217,8,3,4,93,2,6,2,1
USER_08218,1,19,1,25,2,3,0,0
USER_08219,3,7,1,37,0,2,0,1
USER_08220,5,3,3,76,2,8,2,1
USER_08221,4,13,0,49,2,3,0,1
USER_08222,1,23,1,153,5,12,2,1
USER_08223,3,8,0,30,0,2,0,0
USER_08224,1,16,1,20,8,13,0,1
USER_08225,1,13,0,12,2,4,0,1
USER_08226,3,12,0,21,1,1,0,0
USER_08227,0,17,1,22,1,5,0,0
USER_08228,0,17,1,11,1,4,0,0
USER_08229,2,22,1,199,6,5,1,1
USER_08230,2,17,0,16,0,1,1,0
USER_08231,1,16,1,35,0,2,0,0
USER_08232,2,13,0,30,1,4,0,0
USER_08233,4,5,2,16,9,13,2,1
USER_08234,2,8,0,14,1,3,2,0
USER_08235,4,20,1,29,7,8,5,0
USER_08236,0,14,1,18,1,4,1,1
USER_08237,7,4,1,45,4,17,3,1
USER_08238,1,17,0,28,1,4,0,0
USER_08239,0,18,2,16,1,1,0,0
USER_08240,1,14,0,37,1,2,0,0
USER_08241,3,15,0,61,1,3,0,0
USER_08242,1,14,3,52,10,3,2,1
USER_08243,0,22,1,22,7,7,0,1
USER_08244,4,13,0,17,2,5,0,0
USER_08245,3,4,4,155,9,10,3,1
USER_08246,2,16,0,33,1,5,0,0
USER_08247,0,16,0,29,2,4,0,0
USER_08248,0,8,2,26,0,4,0,0
USER_08249,2,13,1,12,1,3,1,0
USER_08250,2,15,0,10,0,0,0,0
USER_08251,2,8,1,24,0,1,0,0
USER_08252,1,15,0,12,0,4,0,0
USER_08253,5,10,1,87,7,5,2,1
USER_08254,5,8,3,109,4,8,2,1
USER_08255,1,15,0,18,2,6,0,0
USER_08256,1,13,0,19,3,2,0,0
USER_08257,4,1,1,227,3,11,3,1
USER_08258,0,13,0,14,0,2,0,0
USER_08259,5,20,1,51,2,12,1,0
USER_08260,0,13,2,62,2,3,1,0
USER_08261,1,7,0,61,0,4,0,1
USER_08262,0,12,0,28,0,3,0,0
USER_08263,7,6,1,44,4,11,1,1
USER_08264,2,2,2,64,9,7,0,1
USER_08265,2,13,0,13,1,1,1,0
USER_08266,6,8,0,150,5,10,0,1
USER_08267,4,10,4,379,5,5,2,0
USER_08268,0,9,0,19,0,3,1,0
USER_08269,6,5,2,109,2,8,2,1
USER_08270,1,14,1,12,2,1,0,0
USER_08271,1,13,1,32,0,3,0,0
USER_08272,0,15,0,20,1,3,0,1
USER_08273,5,3,0,79,2,6,2,0
USER_08274,5,19,1,186,4,9,0,1
USER_08275,0,9,1,43,0,0,0,0
USER_08276,0,19,1,30,1,1,0,0
USER_08277,1,14,1,54,1,2,1,1
USER_08278,5,7,1,20,4,5,2,0
USER_08279,2,22,1,876,5,7,1,0
USER_08280,2,17,0,20,1,3,0,0
USER_08281,1,10,0,12,0,3,0,0
USER_08282,2,7,0,23,4,2,1,0
USER_08283,1,14,0,21,2,6,0,0
USER_08284,4,16,1,17,1,3,0,1
USER_08285,1,17,0,14,0,4,1,0
USER_08286,1,14,1,38,0,3,0,0
USER_08287,6,10,1,34,1,1,1,0
USER_08288,4,4,0,36,3,9,0,1
USER_08289,4,14,0,15,3,1,1,0
USER_08290,2,13,0,42,1,2,1,0
USER_08291,1,7,1,276,5,11,1,1
USER_08292,5,7,0,37,4,10,2,1
USER_08293,0,14,0,27,1,3,0,1
USER_08294,3,14,0,7,0,2,0,0
USER_08295,2,8,0,63,1,1,0,0
USER_08296,4,20,1,25,0,6,0,0
USER_08297,0,8,0,13,1,4,1,0
USER_08298,3,10,0,42,1,1,0,0
USER_08299,1,14,0,11,3,2,0,0
USER_08300,1,14,0,27,0,1,2,0
USER_08301,3,6,2,87,6,7,1,1
USER_08302,0,10,0,35,1,5,0,0
USER_08303,3,12,0,20,1,3,3,1
USER_08304,2,13,2,21,0,1,0,0
USER_08305,5,6,3,62,7,12,1,1
USER_08306,1,9,2,29,0,5,0,0
USER_08307,1,13,0,35,0,6,0,1
USER_08308,1,12,0,14,3,2,0,0
USER_08309,1,14,1,28,1,4,0,0
USER_08310,2,22,0,94,1,13,2,1
USER_08311,6,2,3,40,6,9,0,1
USER_08312,1,15,0,17,2,1,0,0
USER_08313,3,17,0,22,1,1,0,0
USER_08314,1,13,2,37,1,5,0,0
USER_08315,2,13,0,7,0,2,0,0
USER_08316,0,11,0,47,2,2,1,1
USER_08317,5,23,1,59,5,10,0,1
USER_08318,7,3,1,55,7,5,3,1
USER_08319,1,14,0,17,0,2,0,0
USER_08320,1,15,1,18,0,7,1,0
USER_08321,1,11,0,10,2,3,0,0
USER_08322,2,9,0,19,5,1,0,0
USER_08323,4,10,0,8,1,4,0,0
USER_08324,9,0,3,24,8,8,1,1
USER_08325,4,9,1,55,7,14,0,1
USER_08326,1,7,0,37,1,2,0,0
USER_08327,2,18,0,17,2,2,0,0
USER_08328,3,5,0,8,0,2,0,0
USER_08329,5,21,0,31,1,8,0,0
USER_08330,3,9,1,41,1,2,0,0
USER_08331,2,18,0,25,2,2,0,0
USER_08332,2,11,0,36,2,6,0,0
USER_08333,4,18,0,64,0,5,1,1
USER_08334,1,5,0,40,0,1,0,0
USER_08335,0,15,0,30,0,5,0,0
USER_08336,2,16,1,20,0,4,0,0
USER_08337,10,4,1,72,4,21,1,1
USER_08338,1,15,0,33,1,2,0,0
USER_08339,1,17,0,47,2,3,0,0
USER_08340,4,7,3,57,7,9,2,1
USER_08341,1,11,0,47,1,5,1,0
USER_08342,2,8,0,43,2,0,0,0
USER_08343,0,16,0,10,2,1,0,0
USER_08344,0,17,0,23,1,3,0,0
USER_08345,8,22,1,119,7,7,0,1
USER_08346,0,16,0,20,2,4,0,0
USER_08347,1,14,0,62,1,3,0,0
USER_08348,4,11,0,53,1,3,0,0
USER_08349,1,17,0,18,1,2,1,0
USER_08350,0,11,0,17,0,4,1,0
USER_08351,3,22,0,76,3,6,0,0
USER_08352,4,5,2,84,3,7,1,1
USER_08353,5,23,0,103,4,7,1,1
USER_08354,1,3,1,16,1,2,0,1
USER_08355,2,16,0,11,2,4,1,0
USER_08356,3,12,2,35,3,8,2,0
USER_08357,1,15,0,17,1,6,0,0
USER_08358,0,6,0,13,3,2,0,0
USER_08359,3,1,0,43,3,6,4,1
USER_08360,2,17,0,58,1,2,0,0
USER_08361,4,17,0,9,0,4,1,0
USER_08362,5,5,2,147,4,7,2,1
USER_08363,2,19,0,17,0,5,0,0
USER_08364,0,13,0,19,1,7,0,1
USER_08365,1,14,0,32,2,5,1,0
USER_08366,7,2,3,131,4,8,3,1
USER_08367,2,11,0,20,0,1,0,0
USER_08368,6,0,0,26,3,9,1,1
USER_08369,2,5,0,38,0,2,0,0
USER_08370,1,13,0,15,1,4,0,0
USER_08371,6,15,0,32,4,3,0,0
USER_08372,0,13,0,34,1,3,0,0
USER_08373,0,18,0,33,3,6,0,0
USER_08374,0,11,1,12,1,2,0,0
USER_08375,0,12,2,28,1,7,0,0
USER_08376,2,12,0,31,1,4,1,0
USER_08377,4,22,0,227,2,10,1,0
USER_08378,4,22,1,146,8,5,2,0
USER_08379,3,11,0,29,0,1,1,0
USER_08380,2,17,1,26,1,4,0,0
USER_08381,2,18,1,25,1,7,0,0
USER_08382,1,17,1,32,2,2,1,0
USER_08383,2,15,0,15,0,3,0,0
USER_08384,1,10,0,17,0,4,1,0
USER_08385,1,13,0,31,2,1,1,0
USER_08386,2,20,0,45,0,6,0,0
USER_08387,4,2,5,172,5,11,3,1
USER_08388,1,14,1,15,0,9,0,0
USER_08389,1,8,0,25,0,2,1,0
USER_08390,2,15,0,37,0,3,0,1
USER_08391,3,11,0,32,2,2,0,0
USER_08392,1,12,0,57,0,1,1,0
USER_08393,2,3,0,42,0,3,0,1
USER_08394,1,6,3,170,5,5,4,1
USER_08395,5,16,1,31,2,6,1,0
USER_08396,2,16,0,29,0,4,0,0
USER_08397,2,12,0,9,1,2,0,0
USER_08398,4,1,0,141,5,11,0,1
USER_08399,5,7,2,110,5,10,2,0
USER_08400,4,2,1,143,4,13,0,1
USER_08401,0,16,0,18,0,2,0,1
USER_08402,1,12,0,25,3,1,0,0
USER_08403,4,8,1,10,1,2,0,0
USER_08404,4,7,1,248,8,12,3,0
USER_08405,5,23,2,82,1,6,2,1
USER_08406,6,17,3,123,1,13,0,1
USER_08407,1,6,0,31,3,4,1,0
USER_08408,3,0,0,163,5,6,0,0
USER_08409,5,7,3,99,5,13,0,1
USER_08410,1,12,3,47,1,4,0,1
USER_08411,0,13,0,26,0,3,1,0
USER_08412,2,15,0,21,1,4,0,0
USER_08413,1,7,0,14,0,3,0,0
USER_08414,1,4,1,29,3,3,0,0
USER_08415,1,16,0,61,0,4,0,0
USER_08416,4,22,1,109,4,7,2,0
USER_08417,3,5,1,154,1,8,1,0
USER_08418,1,11,1,151,6,8,2,1
USER_08419,1,14,1,85,0,2,0,0
USER_08420,1,17,2,37,1,2,0,0
USER_08421,1,14,0,26,0,2,1,0
USER_08422,2,23,3,67,2,7,2,1
USER_08423,0,14,1,19,1,1,0,0
USER_08424,3,1,4,113,2,7,2,0
USER_08425,1,14,0,9,1,3,0,0
USER_08426,1,9,0,18,1,4,0,0
USER_08427,4,10,1,99,4,11,1,1
USER_08428,1,12,0,73,1,3,0,1
USER_08429,8,1,2,20,7,16,2,1
USER_08430,0,11,1,38,0,1,1,0
USER_08431,1,15,0,29,2,5,0,0
USER_08432,0,11,0,12,2,1,0,0
USER_08433,2,2,0,57,1,8,3,1
USER_08434,1,15,0,34,1,1,0,0
USER_08435,0,7,4,109,4,7,4,1
USER_08436,4,7,2,86,4,12,1,1
USER_08437,4,9,1,28,1,5,0,0
USER_08438,4,21,0,28,7,16,2,1
USER_08439,5,22,4,179,2,11,1,1
USER_08440,1,13,1,8,1,1,0,0
USER_08441,4,15,2,50,2,6,0,0
USER_08442,1,18,0,11,1,2,2,0
USER_08443,2,14,0,22,0,4,1,0
USER_08444,3,15,2,17,1,4,1,0
USER_08445,4,3,2,94,5,9,3,1
USER_08446,0,9,0,22,0,4,0,0
USER_08447,0,15,0,15,2,1,0,0
USER_08448,0,11,0,38,0,5,0,0
USER_08449,4,7,0,28,0,3,0,1
USER_08450,5,1,2,23,1,11,0,0
USER_08451,9,5,5,168,3,9,1,1
USER_08452,1,9,0,25,0,1,2,0
USER_08453,1,7,0,112,0,3,1,0
USER_08454,3,5,3,140,8,10,2,1
USER_08455,0,18,0,12,1,4,1,0
USER_08456,5,17,0,47,0,5,0,0
USER_08457,6,23,0,51,4,7,0,1
USER_08458,3,20,1,339,7,5,2,0
USER_08459,2,14,1,9,1,4,0,0
USER_08460,0,16,1,18,4,5,0,0
USER_08461,6,4,3,31,2,11,1,0
USER_08462,2,22,0,47,3,2,0,0
USER_08463,2,15,0,16,1,0,0,0
USER_08464,5,4,3,149,2,7,0,1
USER_08465,2,12,0,51,3,1,0,0
USER_08466,2,14,0,39,1,3,0,0
USER_08467,1,14,0,14,1,2,0,0
USER_08468,1,9,0,30,1,5,0,0
USER_08469,1,9,0,32,0,3,0,0
USER_08470,3,10,0,16,0,5,0,0
USER_08471,2,12,3,69,0,4,0,0
USER_08472,5,2,0,115,5,8,0,1
USER_08473,3,11,1,15,2,6,0,0
USER_08474,0,13,0,15,1,2,0,0
USER_08475,3,8,0,22,3,1,0,0
USER_08476,2,17,0,17,0,2,0,0
USER_08477,6,22,0,212,4,12,1,1
USER_08478,3,14,0,15,1,2,1,0
USER_08479,2,9,1,36,1,1,0,0
USER_08480,6,23,2,92,5,6,1,1
USER_08481,1,18,0,16,0,3,0,0
USER_08482,0,16,0,42,0,2,0,0
USER_08483,2,23,3,86,5,12,0,1
USER_08484,1,14,0,49,3,5,1,1
USER_08485,4,4,0,48,1,9,1,0
USER_08486,8,11,1,40,2,14,4,1
USER_08487,6,6,0,208,13,10,1,0
USER_08488,3,21,0,27,3,8,0,0
USER_08489,7,6,2,38,4,13,1,1
USER_08490,3,4,1,62,7,5,1,1
USER_08491,0,20,0,53,3,1,0,0
USER_08492,6,20,0,24,4,9,2,1
USER_08493,2,12,0,8,0,7,0,0
USER_08494,5,22,3,70,3,7,3,1
USER_08495,4,14,0,11,1,0,0,0
USER_08496,0,6,0,24,0,2,0,0
USER_08497,0,10,0,31,2,2,0,1
USER_08498,2,21,2,170,4,12,0,1
USER_08499,1,22,0,19,1,3,0,0
USER_08500,0,5,0,13,2,3,0,0
USER_08501,0,17,0,63,0,5,0,0
USER_08502,6,1,2,164,4,9,1,1
USER_08503,2,11,1,23,0,1,1,0
USER_08504,3,9,0,28,2,3,0,0
USER_08505,1,17,1,31,1,0,0,0
USER_08506,0,15,1,70,2,4,0,0
USER_08507,0,13,1,10,0,3,1,0
USER_08508,1,16,1,21,1,2,0,0
USER_08509,3,21,2,118,8,11,2,1
USER_08510,6,4,1,188,4,12,2,1
USER_08511,1,14,0,36,3,1,2,0
USER_08512,1,11,0,135,2,4,0,0
USER_08513,1,10,0,40,1,2,0,0
USER_08514,10,1,0,29,4,13,0,1
USER_08515,3,18,0,44,0,2,0,0
USER_08516,0,13,0,62,1,2,1,0
USER_08517,2,13,3,69,10,11,2,1
USER_08518,1,12,1,35,1,2,0,0
USER_08519,3,7,0,9,2,3,0,0
USER_08520,3,8,0,83,2,3,1,0
USER_08521,2,7,1,30,2,1,0,0
USER_08522,1,14,0,28,0,6,0,0
USER_08523,4,5,2,132,8,7,1,1
USER_08524,1,17,0,9,0,4,0,0
USER_08525,1,16,0,6,1,6,0,0
USER_08526,4,3,5,66,3,9,1,1
USER_08527,2,12,2,35,9,5,2,1
USER_08528,0,17,0,21,0,8,0,0
USER_08529,3,7,2,25,7,13,3,1
USER_08530,1,10,0,30,1,4,0,0
USER_08531,3,9,0,32,0,5,0,0
USER_08532,1,12,0,32,0,0,1,0
USER_08533,3,7,1,21,1,3,0,0
USER_08534,5,4,1,93,6,9,1,0
USER_08535,2,16,3,345,5,11,2,1
USER_08536,2,16,0,68,0,4,0,0
USER_08537,2,12,1,27,0,2,1,0
USER_08538,6,1,6,80,6,6,2,1
USER_08539,1,11,0,28,2,1,0,0
USER_08540,2,9,1,14,0,1,0,0
USER_08541,2,19,1,13,2,2,0,0
USER_08542,6,17,1,29,0,2,2,0
USER_08543,0,14,0,15,3,3,0,0
USER_08544,4,10,0,97,6,6,2,0
USER_08545,0,21,0,14,1,3,0,0
USER_08546,1,13,0,37,0,1,0,0
USER_08547,6,5,1,274,6,12,0,1
USER_08548,3,18,2,41,0,6,0,0
USER_08549,2,5,0,111,3,9,1,1
USER_08550,1,9,0,7,2,1,0,0
USER_08551,0,12,0,41,0,5,0,0
USER_08552,2,11,0,32,1,3,1,0
USER_08553,2,8,0,363,3,13,3,1
USER_08554,4,19,3,187,5,5,0,0
USER_08555,0,5,0,70,6,9,2,1
USER_08556,3,12,0,7,1,3,0,0
USER_08557,2,14,0,23,0,2,0,0
USER_08558,6,22,2,23,3,10,2,1
USER_08559,3,12,1,21,1,4,0,0
USER_08560,5,5,2,27,5,11,0,1
USER_08561,2,14,0,50,0,4,0,0
USER_08562,2,10,0,29,0,5,0,0
USER_08563,2,14,2,26,10,11,3,1
USER_08564,1,8,1,9,0,2,0,0
USER_08565,1,10,0,14,1,5,1,0
USER_08566,2,6,0,20,3,1,1,0
USER_08567,11,10,1,28,3,9,2,1
USER_08568,3,15,1,24,0,2,0,0
USER_08569,2,10,0,19,0,3,0,0
USER_08570,5,2,2,161,8,8,1,1
USER_08571,2,16,0,37,0,5,1,0
USER_08572,4,1,0,48,3,8,1,1
USER_08573,2,23,1,29,6,9,1,0
USER_08574,0,10,0,36,5,1,0,0
USER_08575,2,15,1,116,3,14,2,0
USER_08576,0,15,0,24,3,5,2,0
USER_08577,0,15,0,15,1,5,0,0
USER_08578,1,8,1,20,1,1,0,0
USER_08579,0,15,0,38,0,6,1,0
USER_08580,2,9,0,57,2,5,1,0
USER_08581,5,8,0,42,3,2,0,0
USER_08582,1,13,0,24,2,5,0,0
USER_08583,3,15,0,43,0,6,0,0
USER_08584,2,13,1,17,4,1,0,0
USER_08585,6,13,0,143,1,10,2,1
USER_08586,2,9,0,67,1,6,0,0
USER_08587,2,6,1,45,0,1,0,0
USER_08588,2,15,1,13,1,1,1,0
USER_08589,1,14,2,14,0,0,0,0
USER_08590,0,11,0,45,2,1,0,0
USER_08591,1,11,0,34,2,2,0,0
USER_08592,1,13,0,16,0,0,0,0
USER_08593,5,1,3,192,5,5,0,1
USER_08594,2,15,0,33,3,4,1,0
USER_08595,2,16,1,14,4,1,1,0
USER_08596,5,0,2,163,3,7,4,1
USER_08597,1,12,1,56,1,1,0,0
USER_08598,3,14,1,27,1,5,1,0
USER_08599,2,3,0,74,0,3,1,0
USER_08600,1,13,1,36,1,4,0,0
USER_08601,1,7,0,26,1,3,0,0
USER_08602,0,14,0,42,3,3,0,0
USER_08603,0,16,0,47,1,5,0,0
USER_08604,6,8,1,19,8,11,0,1
USER_08605,2,15,0,22,1,2,0,0
USER_08606,1,13,0,14,2,2,0,0
USER_08607,1,15,0,9,0,1,0,0
USER_08608,5,23,0,109,7,8,1,1
USER_08609,1,14,0,32,0,0,0,0
USER_08610,0,13,1,21,2,3,0,0
USER_08611,1,9,0,29,0,3,0,1
USER_08612,5,1,0,72,10,15,2,1
USER_08613,0,20,1,15,0,1,2,0
USER_08614,2,16,0,30,0,1,0,0
USER_08615,0,15,0,13,0,2,0,0
USER_08616,1,10,0,23,0,3,2,0
USER_08617,1,14,0,14,2,1,0,1
USER_08618,3,11,0,17,0,0,0,0
USER_08619,2,21,0,15,1,4,0,0
USER_08620,6,23,0,467,3,10,2,1
USER_08621,3,21,0,55,3,9,0,0
USER_08622,0,10,1,16,1,3,0,1
USER_08623,2,12,0,18,0,6,0,0
USER_08624,1,18,0,39,0,2,0,0
USER_08625,0,17,1,27,1,1,1,0
USER_08626,1,5,0,37,0,6,0,1
USER_08627,0,14,0,33,1,8,0,0
USER_08628,4,22,0,91,5,9,0,1
USER_08629,1,12,0,10,1,0,0,0
USER_08630,3,12,1,67,6,5,1,1
USER_08631,1,20,0,10,2,2,0,0
USER_08632,4,18,1,74,0,1,0,0
USER_08633,0,15,0,22,2,5,0,0
USER_08634,1,14,0,52,1,1,1,0
USER_08635,1,13,2,37,0,2,1,0
USER_08636,1,15,0,17,0,3,0,0
USER_08637,2,12,0,56,1,4,0,0
USER_08638,0,17,1,22,1,3,1,0
USER_08639,0,9,1,49,1,3,0,0
USER_08640,1,11,0,16,0,2,2,0
USER_08641,4,12,0,32,2,5,1,0
USER_08642,3,22,2,64,5,6,0,1
USER_08643,2,16,0,28,0,5,0,0
USER_08644,1,14,0,15,1,1,0,0
USER_08645,0,14,0,10,0,1,1,0
USER_08646,1,6,1,11,0,2,0,0
USER_08647,1,15,0,55,4,6,0,1
USER_08648,1,9,0,13,0,3,0,0
USER_08649,2,11,1,19,1,6,0,0
USER_08650,1,0,0,20,1,2,0,1
USER_08651,2,15,0,43,4,2,0,1
USER_08652,3,1,1,55,4,6,2,1
USER_08653,3,12,2,80,4,12,1,1
USER_08654,1,17,0,11,2,3,0,0
USER_08655,2,9,0,10,1,3,0,0
USER_08656,2,11,0,14,0,1,0,0
USER_08657,2,17,0,38,1,4,0,0
USER_08658,1,13,0,33,2,3,1,0
USER_08659,1,14,0,51,1,4,0,0
USER_08660,1,11,0,12,1,2,0,0
USER_08661,1,15,1,15,2,4,0,0
USER_08662,2,11,0,30,2,6,0,0
USER_08663,8,4,0,59,4,12,0,1
USER_08664,4,3,2,209,9,5,2,1
USER_08665,3,10,1,10,0,4,2,0
USER_08666,3,8,1,85,0,5,0,0
USER_08667,1,9,0,22,1,1,0,0
USER_08668,0,13,0,9,0,3,0,1
USER_08669,2,10,0,84,2,0,0,0
USER_08670,6,6,2,140,5,9,4,1
USER_08671,3,17,1,40,1,2,1,0
USER_08672,2,13,1,19,3,3,2,0
USER_08673,3,2,1,23,6,11,2,1
USER_08674,0,16,0,19,0,3,0,0
USER_08675,2,14,0,49,1,5,0,0
USER_08676,6,0,2,49,2,7,1,1
USER_08677,9,5,0,156,3,14,4,1
USER_08678,3,14,0,34,0,1,1,0
USER_08679,3,12,1,142,6,12,2,1
USER_08680,1,8,0,43,1,2,0,0
USER_08681,2,17,0,9,1,3,0,0
USER_08682,3,15,0,7,1,2,0,0
USER_08683,6,11,1,81,4,10,1,1
USER_08684,8,1,2,102,7,9,1,1
USER_08685,2,16,0,28,1,3,0,1
USER_08686,1,12,0,107,1,6,0,0
USER_08687,2,3,0,59,2,7,2,0
USER_08688,4,19,1,14,0,4,0,0
USER_08689,0,11,0,9,0,4,1,1
USER_08690,8,22,1,170,7,8,2,1
USER_08691,2,1,0,32,0,4,0,0
USER_08692,0,14,0,32,0,1,0,0
USER_08693,1,7,0,30,2,2,0,0
USER_08694,1,13,0,65,1,2,0,0
USER_08695,1,23,1,104,5,9,3,1
USER_08696,0,13,1,54,1,5,0,1
USER_08697,4,18,1,32,1,3,0,0
USER_08698,2,11,0,18,0,2,0,0
USER_08699,2,15,0,22,2,2,0,1
USER_08700,0,14,1,16,1,5,0,0
USER_08701,1,15,2,38,1,2,0,0
USER_08702,2,10,0,55,0,3,0,0
USER_08703,0,16,0,43,1,3,1,0
USER_08704,4,9,1,55,0,2,0,0
USER_08705,0,14,1,24,2,0,0,0
USER_08706,2,15,0,15,1,4,1,0
USER_08707,0,10,0,26,1,1,0,0
USER_08708,0,9,0,12,0,6,1,0
USER_08709,2,12,0,27,1,4,0,1
USER_08710,0,17,0,32,2,4,0,0
USER_08711,2,9,3,93,6,12,0,1
USER_08712,1,17,2,10,1,5,1,0
USER_08713,4,4,1,53,6,5,3,1
USER_08714,1,14,2,325,7,9,0,1
USER_08715,1,13,0,15,1,2,0,0
USER_08716,0,2,1,28,1,3,1,0
USER_08717,0,15,0,25,2,1,0,0
USER_08718,0,21,0,7,0,2,1,0
USER_08719,5,10,1,20,1,3,0,0
USER_08720,1,13,0,21,3,5,1,0
USER_08721,5,3,0,50,8,12,1,1
USER_08722,3,15,0,20,1,3,0,0
USER_08723,1,4,0,44,2,11,0,1
USER_08724,6,23,3,54,3,12,1,1
USER_08725,0,14,1,19,1,3,0,0
USER_08726,3,22,2,267,5,7,2,1
USER_08727,2,3,4,105,5,7,1,0
USER_08728,2,9,0,45,0,1,0,0
USER_08729,1,21,0,143,0,3,0,0
USER_08730,0,13,1,37,1,4,0,0
USER_08731,2,9,0,25,0,2,1,0
USER_08732,0,11,0,40,0,0,0,0
USER_08733,3,9,0,17,1,3,0,0
USER_08734,1,12,1,36,3,2,0,0
USER_08735,5,6,1,78,4,7,0,1
USER_08736,2,16,0,51,0,4,0,0
USER_08737,1,9,0,24,1,3,0,0
USER_08738,1,8,0,31,1,3,0,0
USER_08739,5,7,2,48,5,10,1,1
USER_08740,1,14,0,25,1,2,0,0
USER_08741,2,15,0,26,0,2,0,0
USER_08742,4,1,0,34,2,3,0,0
USER_08743,1,14,1,27,1,3,1,1
USER_08744,12,5,2,51,5,6,0,1
USER_08745,1,17,0,16,2,0,0,0
USER_08746,2,20,0,22,2,10,1,0
USER_08747,1,7,1,19,2,2,0,0
USER_08748,4,5,4,53,4,7,3,1
USER_08749,6,0,3,49,8,15,1,1
USER_08750,1,17,0,64,0,1,0,1
USER_08751,3,2,1,88,6,13,1,1
USER_08752,1,16,0,63,1,1,0,0
USER_08753,3,19,0,252,8,13,1,1
USER_08754,5,0,0,162,2,6,0,0
USER_08755,3,17,0,39,2,3,1,0
USER_08756,3,13,0,13,0,1,0,1
USER_08757,0,16,0,29,0,4,0,0
USER_08758,3,13,0,32,1,2,0,1
USER_08759,1,16,0,62,0,1,0,0
USER_08760,3,10,0,23,0,7,1,0
USER_08761,0,15,0,45,1,5,1,0
USER_08762,0,14,0,24,4,5,1,0
USER_08763,1,16,0,11,0,0,0,0
USER_08764,2,13,0,33,1,7,0,0
USER_08765,2,10,0,21,0,0,1,0
USER_08766,3,13,0,26,0,2,1,0
USER_08767,4,13,5,128,3,10,3,0
USER_08768,2,5,1,136,6,12,2,0
USER_08769,2,7,1,15,0,1,1,0
USER_08770,2,13,0,19,0,0,0,0
USER_08771,2,17,1,19,1,3,1,1
USER_08772,4,21,0,381,5,8,0,0
USER_08773,1,7,0,25,1,6,2,0
USER_08774,2,4,3,290,3,11,2,1
USER_08775,6,22,1,18,3,6,1,0
USER_08776,1,11,0,13,1,4,0,0
USER_08777,0,15,0,15,0,6,0,0
USER_08778,5,0,1,61,4,8,0,1
USER_08779,2,2,3,84,2,11,2,1
USER_08780,1,14,0,15,1,2,0,0
USER_08781,1,16,1,74,1,5,1,0
USER_08782,1,12,0,8,1,1,0,0
USER_08783,4,9,2,77,9,10,2,1
USER_08784,1,17,0,25,1,4,0,0
USER_08785,4,3,0,115,3,9,2,1
USER_08786,0,5,0,29,0,3,0,1
USER_08787,0,8,0,23,2,5,0,1
USER_08788,2,12,0,37,1,2,0,0
USER_08789,2,7,0,12,1,3,0,0
USER_08790,4,8,0,49,4,12,1,0
USER_08791,6,1,1,29,7,10,1,1
USER_08792,5,1,0,111,5,5,1,1
USER_08793,1,15,1,22,1,3,0,1
USER_08794,7,9,0,64,6,4,1,1
USER_08795,1,19,0,33,1,1,0,0
USER_08796,2,19,0,54,0,2,0,0
USER_08797,2,10,1,20,3,3,0,0
USER_08798,1,9,0,35,2,3,0,0
USER_08799,1,11,0,14,3,2,0,0
USER_08800,1,14,1,37,2,2,1,1
USER_08801,2,18,0,31,1,0,0,0
USER_08802,1,9,0,19,0,3,0,0
USER_08803,3,13,2,17,0,5,0,0
USER_08804,2,13,0,50,0,2,0,0
USER_08805,6,7,0,24,6,13,0,1
USER_08806,1,16,1,54,1,4,0,0
USER_08807,1,9,0,23,0,3,2,1
USER_08808,6,17,2,33,5,9,3,1
USER_08809,10,2,2,126,4,8,1,1
USER_08810,3,13,2,111,6,6,1,0
USER_08811,4,12,3,63,6,11,1,1
USER_08812,3,0,1,151,4,11,4,1
USER_08813,2,12,0,45,0,2,0,0
USER_08814,6,1,4,85,7,10,1,1
USER_08815,5,4,2,90,8,7,2,1
USER_08816,1,11,2,31,1,3,1,0
USER_08817,6,8,1,80,4,8,2,1
USER_08818,5,6,0,96,1,8,2,0
USER_08819,3,4,1,88,9,8,2,1
USER_08820,3,18,0,28,9,9,1,1
USER_08821,1,18,0,12,2,3,1,0
USER_08822,0,13,0,86,2,2,1,0
USER_08823,1,9,1,25,0,5,0,0
USER_08824,4,19,3,35,5,9,1,0
USER_08825,4,8,1,271,2,12,0,0
USER_08826,6,2,1,71,4,2,5,0
USER_08827,5,23,0,21,3,10,0,1
USER_08828,2,21,0,85,7,6,2,1
USER_08829,2,12,0,26,2,1,0,0
USER_08830,3,3,2,24,4,8,2,1
USER_08831,1,8,0,46,3,5,0,0
USER_08832,2,11,0,18,0,1,0,0
USER_08833,2,16,0,10,1,4,0,0
USER_08834,1,12,0,7,2,4,0,1
USER_08835,2,11,0,65,0,5,0,0
USER_08836,1,16,0,7,0,5,1,0
USER_08837,1,18,1,24,3,4,0,1
USER_08838,6,2,0,35,8,15,1,1
USER_08839,0,7,0,9,1,1,0,0
USER_08840,2,13,0,15,1,2,0,0
USER_08841,2,14,0,20,1,6,0,0
USER_08842,3,9,0,40,2,3,0,0
USER_08843,2,18,0,29,3,5,0,0
USER_08844,1,15,1,15,0,1,0,0
USER_08845,3,17,1,37,6,9,2,1
USER_08846,2,15,0,49,0,0,1,0
USER_08847,5,5,1,261,6,8,0,1
USER_08848,0,11,0,16,0,2,1,1
USER_08849,4,3,1,55,6,8,2,1
USER_08850,2,10,2,195,7,15,3,1
USER_08851,0,11,0,23,2,3,0,0
USER_08852,0,14,0,37,1,3,0,0
USER_08853,3,12,0,33,2,3,0,0
USER_08854,0,15,1,15,0,3,0,0
USER_08855,3,14,1,14,0,7,1,0
USER_08856,1,16,1,32,1,4,1,0
USER_08857,4,3,0,55,6,10,0,1
USER_08858,5,10,4,289,4,10,1,0
USER_08859,2,10,0,13,0,5,0,0
USER_08860,0,17,0,38,0,5,0,0
USER_08861,0,20,0,58,1,2,1,0
USER_08862,0,17,0,33,1,1,0,0
USER_08863,5,6,3,31,5,11,3,1
USER_08864,3,19,0,11,2,2,0,0
USER_08865,0,16,1,8,1,2,1,0
USER_08866,0,17,1,18,0,2,0,0
USER_08867,0,10,0,13,2,6,0,0
USER_08868,1,8,0,26,0,3,1,0
USER_08869,0,18,0,50,2,4,0,0
USER_08870,2,11,0,6,1,4,0,0
USER_08871,0,10,0,32,2,1,0,0
USER_08872,4,2,0,76,6,14,3,1
USER_08873,1,7,0,32,1,5,0,0
USER_08874,5,1,2,23,1,7,1,1
USER_08875,1,16,1,18,0,3,0,0
USER_08876,3,14,1,30,3,4,0,0
USER_08877,7,7,1,95,2,10,1,0
USER_08878,1,18,0,62,1,4,0,0
USER_08879,0,18,0,22,2,2,0,0
USER_08880,0,10,0,31,0,2,0,0
USER_08881,5,13,1,69,3,8,0,1
USER_08882,5,4,2,113,4,10,2,1
USER_08883,4,12,1,33,1,3,0,1
USER_08884,2,15,0,22,1,2,0,0
USER_08885,1,18,0,15,2,2,0,0
USER_08886,0,6,0,15,1,3,0,0
USER_08887,1,14,0,73,1,2,1,0
USER_08888,1,14,0,21,0,5,0,0
USER_08889,7,6,1,47,2,12,1,1
USER_08890,1,16,0,32,3,2,0,1
USER_08891,10,11,3,56,4,3,0,1
USER_08892,8,23,1,493,1,11,1,1
USER_08893,5,2,2,441,4,10,3,1
USER_08894,1,9,2,39,0,1,0,0
USER_08895,0,11,0,70,1,2,0,1
USER_08896,0,10,0,16,1,2,0,0
USER_08897,0,19,0,31,2,3,0,0
USER_08898,2,14,0,68,0,7,0,0
USER_08899,1,8,0,16,1,1,1,1
USER_08900,4,14,1,16,1,2,0,0
USER_08901,2,9,0,36,2,4,0,0
USER_08902,4,2,5,224,8,8,2,1
USER_08903,6,2,4,46,2,11,1,1
USER_08904,0,8,1,15,0,0,0,0
USER_08905,4,4,1,60,6,7,1,0
USER_08906,0,11,0,44,1,0,1,0
USER_08907,1,17,0,25,2,6,0,0
USER_08908,3,2,0,140,4,4,2,1
USER_08909,1,15,1,9,2,3,0,0
USER_08910,0,11,1,33,0,5,1,1
USER_08911,2,16,0,31,1,1,0,0
USER_08912,4,12,0,24,1,4,0,0
USER_08913,0,15,0,73,2,5,0,0
USER_08914,1,12,0,27,0,2,0,0
USER_08915,0,13,0,18,0,4,0,0
USER_08916,1,18,0,31,1,3,0,0
USER_08917,1,13,1,10,2,3,0,0
USER_08918,2,11,0,19,2,3,0,0
USER_08919,0,6,4,59,4,8,2,1
USER_08920,6,3,2,127,5,9,4,1
USER_08921,1,17,1,16,0,2,0,0
USER_08922,4,2,0,223,4,14,0,1
USER_08923,2,19,0,25,3,2,0,1
USER_08924,1,14,1,51,0,0,0,0
USER_08925,1,11,0,18,1,2,0,0
USER_08926,1,18,1,15,1,4,1,1
USER_08927,6,1,1,42,2,5,1,1
USER_08928,6,6,2,236,6,12,1,0
USER_08929,0,13,0,29,0,2,0,0
USER_08930,2,9,0,23,1,1,0,0
USER_08931,0,15,0,37,0,2,0,0
USER_08932,1,11,0,21,1,1,0,0
USER_08933,1,17,0,39,1,0,0,0
USER_08934,9,15,4,53,1,6,1,0
USER_08935,4,0,1,218,1,9,0,1
USER_08936,4,8,1,60,5,7,5,1
USER_08937,1,15,0,63,0,0,0,0
USER_08938,3,13,0,33,1,3,0,0
USER_08939,1,13,1,6,0,5,0,0
USER_08940,3,6,0,104,7,5,2,1
USER_08941,1,14,0,42,0,5,1,0
USER_08942,2,6,0,59,0,3,0,0
USER_08943,3,6,0,47,1,5,1,1
USER_08944,4,20,1,243,6,11,0,1
USER_08945,4,3,2,112,3,10,3,1
USER_08946,3,14,0,13,2,4,0,0
USER_08947,2,9,1,27,0,3,1,0
USER_08948,3,21,2,53,6,14,1,0
USER_08949,0,14,0,30,1,3,0,0
USER_08950,0,12,0,26,1,2,0,1
USER_08951,0,15,2,16,2,2,1,0
USER_08952,2,11,1,75,3,2,1,1
USER_08953,0,13,0,40,4,5,1,0
USER_08954,2,1,0,53,8,12,0,1
USER_08955,1,16,0,38,0,2,0,0
USER_08956,1,8,3,20,4,4,0,1
USER_08957,3,14,0,22,2,5,2,0
USER_08958,0,18,0,44,1,6,0,0
USER_08959,0,15,0,25,0,2,0,0
USER_08960,0,11,0,20,2,1,2,0
USER_08961,0,14,2,12,3,0,1,0
USER_08962,0,11,2,26,0,0,1,0
USER_08963,6,0,5,115,5,5,0,1
USER_08964,2,15,0,34,1,1,0,1
USER_08965,3,13,0,31,2,3,0,0
USER_08966,2,18,1,94,1,2,0,0
USER_08967,3,13,0,15,1,1,0,0
USER_08968,3,8,0,16,0,1,0,0
USER_08969,6,18,1,104,4,7,1,0
USER_08970,2,12,1,15,0,3,1,0
USER_08971,1,9,1,53,5,9,3,1
USER_08972,1,15,0,12,2,3,0,0
USER_08973,10,21,2,55,10,6,0,1
USER_08974,2,9,0,18,0,2,0,1
USER_08975,4,13,0,24,0,6,0,0
USER_08976,1,12,1,14,0,2,0,0
USER_08977,0,14,0,37,2,5,0,0
USER_08978,2,1,2,168,1,8,1,1
USER_08979,6,17,2,26,3,2,0,1
USER_08980,0,9,0,18,0,5,0,0
USER_08981,6,13,0,28,0,1,0,0
USER_08982,3,17,0,26,2,3,0,0
USER_08983,1,9,0,25,1,2,0,0
USER_08984,2,9,3,82,3,5,1,1
USER_08985,2,7,0,22,0,2,0,0
USER_08986,1,2,3,82,6,10,2,1
USER_08987,0,11,0,16,0,4,0,0
USER_08988,6,2,2,143,7,4,2,1
USER_08989,0,15,0,14,0,5,0,0
USER_08990,1,16,0,219,1,0,1,0
USER_08991,7,3,2,68,2,6,0,0
USER_08992,0,7,0,14,0,2,0,0
USER_08993,1,10,1,25,1,1,0,0
USER_08994,0,11,0,24,2,5,1,1
USER_08995,5,10,0,27,0,6,0,0
USER_08996,5,0,2,86,2,10,1,1
USER_08997,4,20,0,59,4,11,3,1
USER_08998,3,6,1,63,1,3,0,0
USER_08999,4,5,1,185,5,8,2,1
USER_09000,1,12,0,40,2,3,0,0
USER_09001,3,23,1,125,4,10,2,1
USER_09002,0,18,0,40,0,3,0,0
USER_09003,2,9,0,24,1,1,0,0
USER_09004,0,11,0,23,0,4,1,0
USER_09005,1,17,0,11,1,3,2,0
USER_09006,5,19,1,38,6,11,3,0
USER_09007,2,15,0,41,1,2,0,0
USER_09008,2,11,0,24,0,4,1,0
USER_09009,2,12,0,76,1,3,0,1
USER_09010,1,15,1,34,2,4,0,0
USER_09011,0,12,0,73,2,0,0,0
USER_09012,0,10,0,16,1,5,0,1
USER_09013,6,4,2,30,4,11,1,1
USER_09014,1,10,0,18,1,6,0,0
USER_09015,3,5,1,116,7,10,1,1
USER_09016,0,20,1,222,6,10,0,1
USER_09017,0,10,0,29,2,5,0,0
USER_09018,0,16,1,30,0,2,0,0
USER_09019,4,23,2,65,7,6,0,1
USER_09020,5,1,1,323,6,6,7,1
USER_09021,1,6,0,13,0,4,0,0
USER_09022,3,3,0,126,2,9,1,1
USER_09023,3,5,1,97,5,11,4,1
USER_09024,2,13,0,16,0,2,0,0
USER_09025,6,23,1,61,3,14,4,1
USER_09026,1,12,0,19,2,3,1,1
USER_09027,7,16,2,186,6,9,0,1
USER_09028,4,20,4,66,6,13,1,1
USER_09029,2,14,1,26,0,4,1,0
USER_09030,1,19,0,32,1,5,2,0
USER_09031,1,11,1,46,2,1,0,0
USER_09032,6,7,0,60,9,7,0,0
USER_09033,5,10,0,12,4,1,0,0
USER_09034,4,7,0,42,5,8,2,1
USER_09035,0,10,0,10,2,12,0,0
USER_09036,2,19,0,37,1,3,1,0
USER_09037,2,8,1,58,3,11,1,1
USER_09038,2,13,0,11,0,0,0,0
USER_09039,0,11,0,18,0,4,0,0
USER_09040,1,14,0,41,2,1,0,0
USER_09041,2,10,0,13,0,8,0,0
USER_09042,2,14,2,36,1,2,1,0
USER_09043,2,14,0,64,1,3,1,0
USER_09044,3,15,1,46,1,2,0,0
USER_09045,1,19,0,31,1,3,0,0
USER_09046,5,13,0,24,2,6,0,0
USER_09047,0,12,0,15,0,5,1,0
USER_09048,1,12,0,43,0,1,1,0
USER_09049,4,0,2,65,5,9,0,1
USER_09050,1,16,0,67,0,5,0,0
USER_09051,1,9,0,30,0,2,0,0
USER_09052,0,17,1,27,1,1,0,0
USER_09053,5,5,0,189,2,6,1,1
USER_09054,1,23,1,54,4,10,0,1
USER_09055,2,20,2,47,8,10,0,1
USER_09056,5,9,1,68,6,6,1,0
USER_09057,1,17,1,40,3,3,2,1
USER_09058,3,21,4,73,3,8,1,1
USER_09059,1,9,1,28,1,5,0,0
USER_09060,4,9,1,71,6,8,0,0
USER_09061,8,3,0,25,6,7,0,1
USER_09062,7,1,0,293,10,16,1,1
USER_09063,3,12,0,30,1,5,0,0
USER_09064,5,5,1,85,5,7,0,1
USER_09065,2,10,1,37,1,4,0,0
USER_09066,0,14,0,104,1,4,2,0
USER_09067,1,17,1,57,1,5,0,0
USER_09068,2,15,0,36,0,3,0,0
USER_09069,4,10,0,15,1,4,0,1
USER_09070,1,13,0,39,1,3,0,0
USER_09071,1,16,0,21,2,4,0,0
USER_09072,1,13,1,22,0,3,1,0
USER_09073,1,7,1,14,0,3,2,0
USER_09074,3,11,1,27,0,0,0,0
USER_09075,12,0,0,230,3,11,2,1
USER_09076,3,14,0,63,2,1,0,1
USER_09077,6,8,0,59,2,12,1,1
USER_09078,1,18,0,31,2,3,1,0
USER_09079,3,13,0,43,1,4,0,0
USER_09080,3,10,1,35,2,3,0,0
USER_09081,2,12,0,26,0,2,0,0
USER_09082,1,13,0,58,0,3,0,1
USER_09083,2,17,0,4,1,7,0,0
USER_09084,1,14,1,65,2,0,0,0
USER_09085,1,7,0,7,1,5,0,0
USER_09086,0,16,0,51,1,6,1,0
USER_09087,2,6,1,39,3,4,0,0
USER_09088,2,1,3,150,7,12,0,1
USER_09089,1,19,0,57,0,4,0,1
USER_09090,2,7,2,25,0,4,0,1
USER_09091,5,13,0,32,2,6,1,0
USER_09092,0,13,0,16,0,2,0,0
USER_09093,4,13,0,26,0,7,1,0
USER_09094,3,16,0,58,2,3,0,1
USER_09095,0,11,1,36,1,3,0,0
USER_09096,1,15,0,41,2,3,0,1
USER_09097,1,12,1,26,2,3,1,0
USER_09098,3,13,0,25,2,3,0,0
USER_09099,2,8,1,16,0,0,0,1
USER_09100,5,23,3,89,4,18,1,1
USER_09101,2,14,0,12,2,3,1,0
USER_09102,1,15,0,17,3,4,0,0
USER_09103,1,17,1,15,0,2,0,0
USER_09104,5,0,2,31,4,8,1,1
USER_09105,4,9,6,70,3,13,1,1
USER_09106,4,16,2,57,9,15,0,1
USER_09107,1,14,0,28,1,4,0,0
USER_09108,1,18,0,46,2,4,0,0
USER_09109,3,0,0,109,6,17,3,1
USER_09110,3,10,1,14,2,1,0,0
USER_09111,6,2,1,40,2,10,2,1
USER_09112,3,8,0,18,1,7,0,0
USER_09113,2,11,0,34,0,1,0,0
USER_09114,3,11,0,73,1,5,0,0
USER_09115,2,16,0,39,1,5,0,0
USER_09116,6,3,1,8,7,13,3,1
USER_09117,0,11,0,29,0,2,0,0
USER_09118,1,11,1,38,2,5,0,0
USER_09119,2,14,2,41,1,4,1,0
USER_09120,5,4,0,81,1,8,0,1
USER_09121,1,14,0,14,1,1,0,0
USER_09122,7,9,2,62,8,8,0,1
USER_09123,5,4,0,180,5,7,3,1
USER_09124,2,19,1,36,0,2,0,0
USER_09125,5,6,1,28,4,7,2,0
USER_09126,1,0,2,199,5,11,2,1
USER_09127,1,21,1,24,0,6,0,1
USER_09128,4,11,0,23,1,3,0,1
USER_09129,2,11,0,16,0,5,2,0
USER_09130,0,8,1,51,0,4,0,0
USER_09131,1,12,2,9,1,2,0,0
USER_09132,2,4,1,79,6,11,1,1
USER_09133,1,18,1,37,2,2,0,0
USER_09134,1,14,0,29,1,2,0,0
USER_09135,2,12,1,22,3,7,0,0
USER_09136,1,9,0,13,0,0,0,0
USER_09137,1,9,0,22,1,3,0,0
USER_09138,1,11,0,38,1,1,0,0
USER_09139,2,19,0,13,0,3,0,0
USER_09140,1,17,0,7,0,1,0,0
USER_09141,1,16,1,18,1,6,0,0
USER_09142,2,22,1,81,4,5,2,0
USER_09143,2,13,1,8,0,3,0,0
USER_09144,4,12,0,16,1,5,0,0
USER_09145,3,11,0,68,0,5,0,0
USER_09146,0,9,2,81,5,10,3,1
USER_09147,1,10,2,35,0,2,0,0
USER_09148,2,11,0,29,0,2,0,0
USER_09149,3,10,0,6,0,3,1,0
USER_09150,3,11,0,50,0,3,1,0
USER_09151,1,1,0,10,1,3,1,0
USER_09152,2,13,0,16,0,3,0,0
USER_09153,4,15,0,19,2,1,0,0
USER_09154,8,0,2,9,6,7,1,1
USER_09155,0,17,0,13,1,1,0,0
USER_09156,4,21,2,47,4,8,2,1
USER_09157,2,9,2,43,2,6,0,0
USER_09158,0,17,1,79,0,1,0,0
USER_09159,2,11,0,21,2,6,0,0
USER_09160,0,14,0,39,1,6,0,0
USER_09161,2,8,0,22,2,3,1,1
USER_09162,3,23,0,109,5,10,1,0
USER_09163,1,12,0,34,2,6,0,0
USER_09164,2,12,0,34,2,0,0,0
USER_09165,0,12,0,14,1,6,0,0
USER_09166,0,14,1,18,0,4,0,0
USER_09167,0,13,0,25,1,1,1,0
USER_09168,1,15,1,20,0,2,0,0
USER_09169,1,6,1,35,2,4,0,0
USER_09170,2,18,0,9,0,3,0,1
USER_09171,2,12,0,64,3,5,0,0
USER_09172,0,11,1,61,2,0,0,0
USER_09173,3,14,1,33,1,1,0,0
USER_09174,1,12,0,21,0,5,0,0
USER_09175,6,9,4,182,2,10,1,1
USER_09176,3,22,1,45,5,11,6,0
USER_09177,2,15,0,31,4,5,0,0
USER_09178,1,7,1,18,0,3,0,0
USER_09179,7,3,1,164,7,6,1,1
USER_09180,0,11,2,9,2,1,0,0
USER_09181,2,7,1,26,1,6,0,0
USER_09182,1,17,1,20,0,2,0,0
USER_09183,0,12,0,69,0,0,0,0
USER_09184,2,3,1,37,4,9,2,1
USER_09185,8,3,1,482,2,7,0,1
USER_09186,4,23,0,34,5,7,2,1
USER_09187,8,7,1,19,4,9,3,0
USER_09188,2,12,0,16,1,2,0,0
USER_09189,2,10,1,93,11,9,2,1
USER_09190,2,10,0,29,1,1,0,0
USER_09191,1,10,0,15,0,3,1,0
USER_09192,1,14,0,56,2,4,0,1
USER_09193,0,10,0,27,0,6,0,0
USER_09194,1,14,0,23,2,1,0,0
USER_09195,1,11,0,17,3,1,0,0
USER_09196,2,16,0,21,1,1,0,0
USER_09197,0,12,0,10,0,3,0,0
USER_09198,1,12,1,20,0,1,0,0
USER_09199,0,13,0,14,3,3,0,0
USER_09200,1,14,1,49,0,3,0,0
USER_09201,2,13,0,25,0,2,1,0
USER_09202,1,3,1,33,8,13,1,1
USER_09203,2,20,0,57,0,2,0,0
USER_09204,1,15,0,14,2,3,0,0
USER_09205,1,16,0,26,1,4,0,0
USER_09206,2,2,1,45,4,7,4,1
USER_09207,0,12,0,27,0,2,0,0
USER_09208,0,16,0,49,2,5,0,0
USER_09209,6,18,0,23,0,3,2,0
USER_09210,5,7,0,49,6,2,3,0
USER_09211,9,8,0,170,3,11,1,1
USER_09212,2,12,0,25,2,1,0,0
USER_09213,1,18,0,14,1,2,1,0
USER_09214,4,9,0,17,0,4,0,0
USER_09215,2,11,0,6,0,1,0,0
USER_09216,2,1,1,93,7,11,0,1
USER_09217,5,2,2,37,8,10,1,1
USER_09218,7,2,5,25,4,6,1,1
USER_09219,5,23,0,56,6,8,2,1
USER_09220,1,12,0,36,2,6,0,0
USER_09221,3,3,1,22,6,5,0,1
USER_09222,1,15,0,47,2,5,0,0
USER_09223,0,12,0,68,2,4,0,1
USER_09224,4,12,0,53,0,3,0,0
USER_09225,1,8,0,15,1,0,0,0
USER_09226,6,23,2,90,7,11,1,1
USER_09227,4,18,2,24,5,11,2,1
USER_09228,6,5,3,48,6,9,1,1
USER_09229,7,23,0,120,5,10,1,1
USER_09230,2,14,0,29,1,2,0,0
USER_09231,0,16,0,35,1,2,3,0
USER_09232,7,0,1,71,5,5,1,0
USER_09233,1,7,1,22,0,1,0,1
USER_09234,6,20,1,77,2,11,0,1
USER_09235,1,14,0,14,0,1,0,0
USER_09236,1,17,1,32,1,3,0,0
USER_09237,2,9,3,69,1,1,0,1
USER_09238,3,14,0,22,0,0,0,0
USER_09239,5,15,2,85,3,8,2,1
USER_09240,4,9,2,37,2,6,5,1
USER_09241,1,9,0,9,0,5,0,1
USER_09242,1,7,1,25,2,3,0,1
USER_09243,0,15,0,17,3,3,0,0
USER_09244,1,15,0,14,1,3,0,0
USER_09245,0,11,0,9,3,1,0,0
USER_09246,0,16,0,10,0,3,0,0
USER_09247,2,11,0,27,0,2,0,0
USER_09248,1,10,0,76,0,1,0,0
USER_09249,0,14,0,18,2,3,0,0
USER_09250,5,2,1,129,2,3,4,1
USER_09251,3,14,1,14,4,0,0,0
USER_09252,1,7,0,16,4,4,0,0
USER_09253,6,0,2,396,9,7,3,1
USER_09254,1,1,1,184,5,5,2,0
USER_09255,3,3,1,103,5,13,1,1
USER_09256,0,6,0,13,0,3,1,0
USER_09257,0,16,1,19,0,2,1,0
USER_09258,5,8,5,78,7,7,4,1
USER_09259,2,14,0,32,1,5,0,0
USER_09260,0,12,0,37,0,1,0,0
USER_09261,5,1,2,56,8,8,2,1
USER_09262,1,8,0,47,0,7,0,0
USER_09263,6,5,1,139,7,10,1,1
USER_09264,3,6,1,591,3,7,2,1
USER_09265,0,2,0,22,2,4,0,0
USER_09266,10,20,3,65,3,11,1,1
USER_09267,1,12,1,40,2,3,1,0
USER_09268,5,5,2,156,5,12,1,1
USER_09269,3,5,1,159,3,7,1,1
USER_09270,0,3,2,274,4,11,4,0
USER_09271,1,14,0,25,1,2,0,0
USER_09272,5,3,1,106,2,7,0,1
USER_09273,4,4,0,51,3,10,1,1
USER_09274,2,14,0,13,0,3,0,0
USER_09275,5,11,1,9,0,1,0,0
USER_09276,2,13,0,13,0,2,1,0
USER_09277,6,3,1,56,9,13,2,1
USER_09278,0,17,1,18,0,3,1,0
USER_09279,3,8,0,30,2,4,0,0
USER_09280,4,9,0,395,9,6,1,1
USER_09281,7,9,1,134,6,8,2,1
USER_09282,5,2,0,64,9,8,0,1
USER_09283,2,14,0,42,0,3,0,0
USER_09284,2,12,0,22,1,4,0,0
USER_09285,2,12,0,21,1,3,1,0
USER_09286,0,13,0,43,2,2,0,1
USER_09287,3,21,0,103,4,11,2,1
USER_09288,2,14,0,52,0,0,0,0
USER_09289,1,17,0,44,0,0,1,0
USER_09290,2,22,0,17,2,5,1,0
USER_09291,0,16,0,20,1,1,1,0
USER_09292,3,8,2,39,6,5,1,1
USER_09293,3,9,2,61,2,15,3,1
USER_09294,1,12,0,18,1,1,0,0
USER_09295,3,11,2,33,0,2,0,0
USER_09296,0,8,0,27,0,1,0,0
USER_09297,2,17,0,18,0,4,0,0
USER_09298,7,23,2,62,5,6,3,1
USER_09299,1,10,0,27,1,4,0,0
USER_09300,1,7,0,17,1,2,0,0
USER_09301,4,6,2,202,7,11,1,1
USER_09302,2,17,0,15,2,3,0,0
USER_09303,2,9,0,19,1,2,1,0
USER_09304,1,11,0,17,1,2,0,0
USER_09305,1,16,0,47,2,6,0,0
USER_09306,1,17,0,21,2,6,0,1
USER_09307,5,0,1,119,3,11,0,1
USER_09308,1,3,1,186,6,7,0,1
USER_09309,3,12,0,50,1,5,0,0
USER_09310,0,12,0,23,1,3,0,0
USER_09311,4,11,0,22,2,4,0,0
USER_09312,2,8,0,9,0,0,0,0
USER_09313,0,16,0,22,2,7,0,1
USER_09314,3,12,0,16,2,2,0,0
USER_09315,1,7,0,8,2,3,1,0
USER_09316,5,16,0,54,7,11,2,1
USER_09317,2,22,4,29,3,8,4,0
USER_09318,2,14,0,43,4,2,0,0
USER_09319,6,0,2,28,5,10,1,1
USER_09320,2,20,0,25,3,8,2,0
USER_09321,3,1,0,43,6,7,0,1
USER_09322,0,16,1,29,1,3,2,0
USER_09323,2,12,0,101,1,4,0,0
USER_09324,2,11,0,12,1,8,0,0
USER_09325,0,16,1,9,0,7,0,0
USER_09326,0,10,0,13,2,3,1,0
USER_09327,1,11,0,35,1,3,0,1
USER_09328,5,13,0,7,1,6,0,0
USER_09329,0,17,0,33,0,2,0,0
USER_09330,1,8,0,19,0,3,0,0
USER_09331,0,17,1,23,1,2,0,0
USER_09332,0,16,0,32,0,6,1,0
USER_09333,1,15,0,19,0,4,0,0
USER_09334,2,15,0,23,1,2,0,0
USER_09335,0,9,0,25,0,5,0,0
USER_09336,4,8,1,35,6,8,1,1
USER_09337,2,7,0,23,1,1,0,0
USER_09338,2,12,1,9,1,3,0,0
USER_09339,0,14,1,29,1,2,0,0
USER_09340,1,10,0,35,3,6,0,0
USER_09341,1,15,0,104,0,5,1,0
USER_09342,0,12,1,27,1,4,0,0
USER_09343,1,2,1,36,3,9,0,0
USER_09344,3,15,1,26,0,1,0,0
USER_09345,2,13,0,27,3,4,0,0
USER_09346,0,9,0,53,0,2,0,0
USER_09347,0,18,0,83,0,2,0,0
USER_09348,1,1,2,60,5,10,2,1
USER_09349,0,9,2,53,1,4,0,0
USER_09350,0,12,0,5,1,2,0,0
USER_09351,5,12,1,33,9,15,1,1
USER_09352,1,9,0,17,0,2,1,0
USER_09353,2,16,0,31,0,2,0,0
USER_09354,5,18,3,89,5,9,1,0
USER_09355,1,19,0,19,2,4,0,0
USER_09356,4,16,0,26,0,2,0,0
USER_09357,4,8,1,73,4,9,2,1
USER_09358,2,9,0,27,1,2,0,0
USER_09359,1,13,0,36,0,2,0,0
USER_09360,2,8,0,22,1,2,0,0
USER_09361,0,12,0,17,0,4,1,0
USER_09362,1,13,0,60,4,1,0,1
USER_09363,1,14,0,27,3,1,0,0
USER_09364,2,16,2,12,0,2,1,0
USER_09365,2,1,4,89,5,5,1,1
USER_09366,2,16,0,45,1,3,0,0
USER_09367,5,8,0,99,5,15,0,1
USER_09368,4,23,0,184,5,12,0,1
USER_09369,2,4,3,79,7,13,0,1
USER_09370,2,2,3,45,7,11,1,1
USER_09371,7,9,1,65,4,6,2,0
USER_09372,1,9,0,11,4,0,0,0
USER_09373,2,13,0,12,1,4,1,1
USER_09374,6,22,0,46,6,8,1,1
USER_09375,1,9,0,24,1,1,1,0
USER_09376,3,10,0,31,1,5,2,0
USER_09377,1,8,0,205,6,11,2,0
USER_09378,2,10,0,10,2,2,0,0
USER_09379,1,11,0,38,0,7,0,0
USER_09380,0,13,0,17,3,3,0,0
USER_09381,2,16,0,32,0,5,0,0
USER_09382,3,10,0,19,0,2,0,0
USER_09383,1,6,2,15,2,3,0,0
USER_09384,4,6,0,37,4,5,2,0
USER_09385,1,12,0,18,1,2,0,0
USER_09386,0,18,0,76,2,4,0,0
USER_09387,3,4,3,106,8,8,2,1
USER_09388,0,3,1,73,7,13,0,1
USER_09389,0,11,0,26,1,4,1,0
USER_09390,3,12,1,21,3,5,0,1
USER_09391,1,9,0,16,1,3,0,0
USER_09392,5,22,1,23,4,5,0,0
USER_09393,3,15,0,19,2,1,2,0
USER_09394,1,7,0,59,0,2,0,0
USER_09395,3,12,1,155,6,5,2,1
USER_09396,1,13,0,26,2,1,0,0
USER_09397,2,15,0,11,1,1,0,0
USER_09398,4,4,1,34,8,7,2,1
USER_09399,4,3,1,95,4,9,2,1
USER_09400,1,4,0,57,0,1,1,1
USER_09401,1,11,0,19,4,4,0,0
USER_09402,3,14,2,17,2,0,0,0
USER_09403,1,15,0,38,2,1,0,0
USER_09404,2,12,0,25,0,3,1,0
USER_09405,2,21,0,33,5,5,1,1
USER_09406,1,14,0,32,0,6,1,0
USER_09407,1,13,0,34,2,4,0,0
USER_09408,0,14,0,96,1,2,0,0
USER_09409,4,0,3,338,3,7,1,0
USER_09410,1,16,1,20,0,5,1,0
USER_09411,4,14,1,24,2,3,0,0
USER_09412,4,13,0,11,0,4,0,0
USER_09413,2,17,0,22,3,4,1,0
USER_09414,2,5,2,92,10,9,2,1
USER_09415,5,1,1,44,3,10,0,0
USER_09416,0,11,0,12,4,0,1,0
USER_09417,4,9,0,17,1,1,1,0
USER_09418,3,20,4,17,4,7,0,0
USER_09419,1,6,0,35,2,3,0,0
USER_09420,2,12,4,26,5,10,1,0
USER_09421,1,17,1,26,1,0,0,0
USER_09422,1,21,1,33,0,4,0,0
USER_09423,1,17,0,20,1,3,0,0
USER_09424,3,19,0,15,0,3,1,0
USER_09425,0,14,0,21,0,3,0,0
USER_09426,6,3,2,117,7,6,2,1
USER_09427,1,14,0,28,0,5,0,0
USER_09428,2,18,0,17,0,3,0,0
USER_09429,4,5,0,9,2,1,0,0
USER_09430,9,23,2,62,4,10,1,1
USER_09431,3,12,1,8,1,3,1,0
USER_09432,2,16,0,19,1,3,0,0
USER_09433,3,16,0,9,2,4,0,0
USER_09434,0,10,0,47,0,6,0,0
USER_09435,3,3,1,49,7,9,1,1
USER_09436,2,13,2,40,0,1,0,0
USER_09437,0,11,0,12,1,2,0,0
USER_09438,3,7,2,59,10,7,1,0
USER_09439,1,12,1,86,3,1,0,0
USER_09440,1,12,0,26,1,4,0,0
USER_09441,3,16,0,8,0,4,0,0
USER_09442,7,18,2,89,3,11,0,0
USER_09443,4,20,2,44,7,6,2,0
USER_09444,1,12,1,37,3,5,1,1
USER_09445,5,0,1,35,5,10,2,1
USER_09446,2,14,1,18,2,2,1,0
USER_09447,3,16,0,36,2,3,0,0
USER_09448,1,15,1,28,0,4,0,0
USER_09449,0,13,0,18,1,3,1,0
USER_09450,1,14,0,13,0,7,0,0
USER_09451,5,3,2,41,9,11,0,1
USER_09452,0,11,0,8,3,2,0,0
USER_09453,6,2,3,138,4,24,3,1
USER_09454,1,17,1,25,2,5,0,0
USER_09455,0,12,0,20,0,2,0,0
USER_09456,1,9,0,13,1,3,1,0
USER_09457,3,15,0,30,1,0,0,0
USER_09458,1,6,0,28,3,6,0,0
USER_09459,1,15,1,14,1,2,0,0
USER_09460,5,21,3,55,8,8,2,1
USER_09461,4,9,0,54,5,12,1,1
USER_09462,1,17,0,48,0,5,0,0
USER_09463,0,16,0,20,1,2,1,0
USER_09464,4,16,0,20,1,6,0,1
USER_09465,3,10,2,66,4,9,0,1
USER_09466,2,11,0,15,1,3,1,0
USER_09467,1,11,0,21,0,4,0,1
USER_09468,1,13,0,44,1,3,0,0
USER_09469,3,19,0,27,1,5,0,0
USER_09470,2,7,0,67,1,4,0,1
USER_09471,1,11,0,27,1,5,0,0
USER_09472,0,11,0,35,3,0,0,0
USER_09473,1,15,0,18,2,2,0,0
USER_09474,2,9,0,21,1,2,0,0
USER_09475,5,13,0,27,1,2,0,0
USER_09476,5,2,0,39,4,7,3,1
USER_09477,1,9,0,22,0,2,0,0
USER_09478,3,4,0,122,8,10,0,1
USER_09479,4,13,0,52,1,3,1,1
USER_09480,3,7,1,77,3,14,4,1
USER_09481,3,3,2,240,5,12,2,1
USER_09482,2,16,0,31,2,5,0,0
USER_09483,2,12,1,18,4,12,3,1
USER_09484,0,9,1,30,1,9,0,0
USER_09485,4,19,4,223,3,3,1,0
USER_09486,3,6,0,23,1,6,0,0
USER_09487,2,15,0,11,3,0,1,0
USER_09488,5,20,0,20,1,2,0,0
USER_09489,6,21,0,33,6,10,2,0
USER_09490,2,0,2,58,7,8,2,1
USER_09491,2,11,0,13,0,1,0,0
USER_09492,4,1,0,53,4,13,0,1
USER_09493,2,1,5,51,4,8,1,0
USER_09494,4,12,0,43,0,3,0,0
USER_09495,1,8,1,16,0,5,0,0
USER_09496,3,12,0,48,0,1,1,0
USER_09497,1,9,0,30,1,9,1,0
USER_09498,2,13,0,36,0,5,0,0
USER_09499,7,8,1,27,2,5,0,0
USER_09500,2,10,0,45,0,4,0,0
USER_09501,2,12,1,15,1,4,0,0
USER_09502,1,16,1,8,1,6,0,0
USER_09503,2,11,0,17,0,3,0,0
USER_09504,2,19,0,30,2,2,1,0
USER_09505,1,15,0,17,1,1,0,0
USER_09506,0,14,0,40,1,5,0,0
USER_09507,0,15,1,28,0,2,3,0
USER_09508,1,5,1,18,0,2,1,0
USER_09509,3,12,0,60,8,9,3,0
USER_09510,0,17,0,4,0,1,0,0
USER_09511,3,15,0,36,2,3,1,0
USER_09512,4,8,2,28,1,2,1,0
USER_09513,4,15,0,15,1,2,0,0
USER_09514,3,1,1,109,6,3,0,1
USER_09515,2,15,0,18,0,2,1,0
USER_09516,6,7,1,813,5,8,4,1
USER_09517,3,4,3,88,9,12,1,1
USER_09518,0,14,1,9,1,5,0,0
USER_09519,1,14,0,20,0,2,1,0
USER_09520,0,17,0,8,3,4,0,0
USER_09521,3,1,0,49,3,10,0,1
USER_09522,0,10,0,26,0,4,1,0
USER_09523,2,7,0,31,2,3,1,0
USER_09524,2,18,0,16,3,5,0,1
USER_09525,1,8,2,13,1,4,0,0
USER_09526,0,9,0,30,2,2,0,0
USER_09527,0,11,0,6,0,0,1,0
USER_09528,2,11,1,27,1,1,0,0
USER_09529,5,1,1,100,8,14,2,1
USER_09530,1,13,0,19,0,3,0,1
USER_09531,1,9,0,48,0,6,0,1
USER_09532,1,14,0,30,0,1,0,0
USER_09533,5,21,1,288,8,8,0,1
USER_09534,1,17,0,34,0,3,0,0
USER_09535,2,5,2,78,2,14,0,1
USER_09536,0,15,1,23,0,4,0,0
USER_09537,4,23,3,126,4,6,4,1
USER_09538,0,10,1,15,0,2,0,0
USER_09539,4,0,0,106,3,4,3,1
USER_09540,0,16,1,23,1,1,0,0
USER_09541,4,6,2,30,6,7,3,1
USER_09542,2,9,2,37,3,9,4,1
USER_09543,0,15,0,32,0,2,0,0
USER_09544,2,6,0,5,1,7,0,1
USER_09545,2,9,0,35,1,2,0,0
USER_09546,3,14,0,16,1,5,0,0
USER_09547,0,13,2,45,2,3,0,0
USER_09548,0,15,0,41,1,5,0,0
USER_09549,2,14,0,49,0,1,0,0
USER_09550,2,14,0,37,0,6,0,1
USER_09551,3,23,2,26,6,10,1,1
USER_09552,1,18,0,6,1,4,0,0
USER_09553,0,9,1,9,0,7,0,0
USER_09554,1,12,0,42,0,1,0,0
USER_09555,0,13,0,11,1,2,0,0
USER_09556,2,15,0,20,0,5,0,0
USER_09557,2,10,1,42,1,2,0,0
USER_09558,3,13,0,112,0,3,0,0
USER_09559,3,17,0,29,1,2,0,1
USER_09560,1,13,1,26,1,4,0,0
USER_09561,3,14,2,7,0,2,0,0
USER_09562,0,12,0,31,0,2,0,0
USER_09563,2,13,0,24,2,1,1,0
USER_09564,0,13,1,42,3,9,1,1
USER_09565,3,14,1,34,0,2,0,0
USER_09566,1,9,0,44,2,2,0,0
USER_09567,2,13,1,13,0,1,0,0
USER_09568,2,23,2,309,4,12,3,1
USER_09569,4,16,1,17,0,9,1,0
USER_09570,0,15,0,13,1,3,0,0
USER_09571,0,18,1,20,2,3,0,0
USER_09572,1,13,0,25,0,4,0,0
USER_09573,3,8,0,28,1,4,0,0
USER_09574,5,10,3,25,3,11,0,1
USER_09575,1,7,1,50,0,6,0,0
USER_09576,1,7,0,40,0,2,0,0
USER_09577,3,11,0,48,2,1,0,0
USER_09578,1,14,0,66,2,3,1,0
USER_09579,2,9,1,18,0,3,0,0
USER_09580,0,18,0,57,1,2,0,0
USER_09581,3,3,1,19,5,13,1,1
USER_09582,1,17,1,29,0,1,0,0
USER_09583,3,19,0,41,2,3,0,1
USER_09584,2,21,1,63,2,10,1,1
USER_09585,7,4,1,37,10,5,4,1
USER_09586,8,10,1,82,7,7,2,1
USER_09587,2,10,0,25,1,7,0,0
USER_09588,1,13,0,36,1,2,1,0
USER_09589,5,18,1,45,9,8,2,0
USER_09590,2,9,0,11,2,2,0,0
USER_09591,6,18,2,139,3,9,1,1
USER_09592,0,15,0,19,1,4,0,0
USER_09593,8,23,2,198,4,7,1,1
USER_09594,1,11,0,70,3,5,0,1
USER_09595,2,8,0,11,0,3,0,0
USER_09596,1,13,0,14,3,8,0,0
USER_09597,1,11,0,63,2,4,0,0
USER_09598,2,16,1,43,0,5,0,0
USER_09599,6,12,3,132,1,8,2,0
USER_09600,1,10,0,32,2,3,0,0
USER_09601,2,13,0,36,1,4,0,0
USER_09602,1,12,0,28,2,6,1,0
USER_09603,1,10,1,26,1,5,0,0
USER_09604,2,12,0,55,0,5,1,0
USER_09605,0,8,1,9,0,3,0,0
USER_09606,4,6,0,160,2,11,2,1
USER_09607,0,14,0,11,1,2,0,0
USER_09608,3,17,1,59,0,9,0,0
USER_09609,10,5,0,26,4,8,2,1
USER_09610,0,9,0,21,2,3,0,0
USER_09611,2,15,2,164,9,10,1,1
USER_09612,0,9,0,42,2,4,1,0
USER_09613,2,14,0,32,1,3,0,0
USER_09614,1,17,0,23,3,1,0,0
USER_09615,2,13,0,14,2,3,0,0
USER_09616,1,10,0,45,1,2,0,0
USER_09617,1,14,0,21,3,6,1,0
USER_09618,1,4,1,19,1,2,1,0
USER_09619,0,13,0,51,3,2,0,0
USER_09620,4,2,2,39,7,12,0,1
USER_09621,2,10,0,105,1,2,0,0
USER_09622,1,8,2,90,8,8,4,1
USER_09623,6,14,2,157,5,13,0,0
USER_09624,3,2,2,124,7,12,2,1
USER_09625,2,22,2,65,7,8,1,1
USER_09626,5,23,1,104,8,8,1,1
USER_09627,1,14,0,35,0,3,0,0
USER_09628,0,16,0,46,0,6,1,0
USER_09629,2,9,2,417,5,9,3,0
USER_09630,3,16,0,17,0,0,0,0
USER_09631,6,4,0,27,5,12,1,1
USER_09632,4,11,0,48,7,9,1,1
USER_09633,1,15,1,21,1,1,1,0
USER_09634,2,12,0,27,0,3,0,0
USER_09635,1,10,0,38,3,3,0,0
USER_09636,0,12,0,32,0,5,0,0
USER_09637,1,12,1,45,1,1,1,0
USER_09638,4,12,2,35,6,17,0,1
USER_09639,0,10,1,15,0,7,0,0
USER_09640,1,17,0,20,2,5,0,1
USER_09641,7,20,4,206,4,10,2,1
USER_09642,1,17,0,51,1,2,0,0
USER_09643,5,1,3,572,5,10,4,1
USER_09644,0,8,0,17,0,6,0,0
USER_09645,4,6,0,25,5,3,2,0
USER_09646,0,11,0,61,4,5,0,0
USER_09647,1,9,0,29,1,2,0,0
USER_09648,0,8,0,14,2,7,0,0
USER_09649,1,14,1,10,1,3,0,0
USER_09650,2,14,0,69,1,3,0,0
USER_09651,1,2,0,52,6,10,2,1
USER_09652,4,1,1,118,5,8,3,1
USER_09653,2,13,0,20,0,0,0,0
USER_09654,2,12,0,84,1,3,0,1
USER_09655,9,2,1,208,4,10,2,1
USER_09656,4,23,3,76,5,9,0,1
USER_09657,1,8,0,14,3,2,0,0
USER_09658,3,7,1,60,0,2,0,0
USER_09659,5,2,3,527,8,9,2,1
USER_09660,2,14,1,26,2,3,2,0
USER_09661,1,15,0,5,1,3,0,0
USER_09662,4,7,1,78,5,9,4,1
USER_09663,2,19,0,39,0,0,0,0
USER_09664,4,5,0,85,5,13,1,1
USER_09665,2,5,0,16,1,0,0,0
USER_09666,5,0,1,118,5,7,1,1
USER_09667,6,3,1,377,7,11,1,1
USER_09668,0,6,2,46,6,13,0,1
USER_09669,2,5,0,133,5,8,0,1
USER_09670,12,23,2,18,9,12,1,1
USER_09671,4,10,0,17,0,1,0,0
USER_09672,3,3,0,12,6,7,4,0
USER_09673,1,3,0,20,7,8,2,1
USER_09674,2,9,0,12,2,4,0,1
USER_09675,1,12,0,54,0,2,1,0
USER_09676,0,16,0,23,0,3,0,0
USER_09677,1,16,0,11,1,0,0,0
USER_09678,7,1,2,91,8,12,0,1
USER_09679,2,8,1,16,1,1,0,0
USER_09680,0,15,0,57,1,4,0,0
USER_09681,1,13,1,18,0,2,0,0
USER_09682,1,21,1,19,1,2,0,0
USER_09683,5,11,1,70,7,8,1,1
USER_09684,0,13,0,57,1,2,0,0
USER_09685,2,17,0,14,0,4,0,0
USER_09686,0,15,1,18,0,3,0,0
USER_09687,2,12,1,41,3,10,0,0
USER_09688,4,4,1,78,3,6,3,1
USER_09689,2,12,0,32,0,3,0,0
USER_09690,2,12,0,81,1,4,1,0
USER_09691,1,15,0,37,3,4,0,0
USER_09692,2,11,0,8,4,6,0,0
USER_09693,4,11,2,35,4,4,1,0
USER_09694,2,15,0,23,2,3,0,0
USER_09695,1,11,0,14,1,2,4,0
USER_09696,3,15,0,30,1,4,0,0
USER_09697,1,13,0,16,3,2,1,0
USER_09698,1,12,0,65,1,4,0,0
USER_09699,1,16,1,34,1,4,0,0
USER_09700,1,9,0,13,0,6,0,0
USER_09701,0,9,0,26,0,2,0,0
USER_09702,1,13,0,5,0,4,0,0
USER_09703,2,2,2,202,5,11,3,1
USER_09704,0,18,0,49,1,0,0,0
USER_09705,5,12,0,59,1,3,0,0
USER_09706,0,8,1,18,1,2,1,0
USER_09707,5,1,0,68,5,5,0,1
USER_09708,6,1,2,57,3,11,2,1
USER_09709,5,4,0,368,9,9,3,1
USER_09710,3,11,0,14,2,3,1,0
USER_09711,3,1,0,38,1,7,1,1
USER_09712,4,18,1,30,0,2,0,0
USER_09713,5,22,3,41,4,8,3,1
USER_09714,2,12,1,131,3,8,1,1
USER_09715,1,8,0,25,2,1,0,0
USER_09716,1,13,0,48,1,4,2,1
USER_09717,2,14,0,15,3,2,0,0
USER_09718,0,16,0,13,0,2,0,0
USER_09719,6,21,3,77,5,12,1,1
USER_09720,4,13,0,83,0,4,0,0
USER_09721,3,20,2,321,4,13,2,1
USER_09722,6,23,3,26,8,15,2,1
USER_09723,0,9,1,21,0,3,0,0
USER_09724,1,14,1,17,1,2,0,0
USER_09725,1,7,0,30,0,1,2,0
USER_09726,4,22,2,68,2,14,1,1
USER_09727,0,19,1,18,1,1,0,0
USER_09728,1,11,0,21,0,3,1,0
USER_09729,1,14,0,28,1,5,0,0
USER_09730,6,6,0,147,6,7,4,1
USER_09731,4,18,1,19,0,4,0,0
USER_09732,5,13,0,28,0,1,1,1
USER_09733,7,4,2,70,6,9,3,1
USER_09734,1,15,1,15,0,1,0,0
USER_09735,1,18,0,27,2,2,0,0
USER_09736,1,13,0,38,3,0,0,0
USER_09737,0,18,0,36,2,4,1,0
USER_09738,3,17,0,60,1,2,0,1
USER_09739,2,16,1,34,0,3,0,0
USER_09740,1,13,1,25,1,9,1,0
USER_09741,2,12,0,32,1,4,1,0
USER_09742,2,19,0,22,1,5,2,0
USER_09743,1,10,0,50,1,3,0,0
USER_09744,4,15,0,23,2,2,2,0
USER_09745,6,0,6,145,3,8,2,1
USER_09746,3,2,1,53,6,9,1,1
USER_09747,2,9,1,19,2,4,0,0
USER_09748,10,0,0,58,4,8,3,1
USER_09749,3,10,0,113,3,6,1,0
USER_09750,0,16,0,19,1,3,0,0
USER_09751,4,9,0,71,4,7,1,1
USER_09752,1,21,4,38,10,10,2,1
USER_09753,1,18,0,41,0,1,0,0
USER_09754,1,12,0,60,1,1,0,0
USER_09755,0,18,1,16,0,7,0,0
USER_09756,2,11,0,39,1,3,0,0
USER_09757,4,23,1,44,6,10,1,1
USER_09758,5,9,0,24,1,4,0,0
USER_09759,2,18,0,38,0,1,0,0
USER_09760,1,11,1,11,0,3,1,0
USER_09761,7,23,1,52,2,11,1,1
USER_09762,1,12,0,13,3,4,0,0
USER_09763,2,9,2,94,4,6,3,0
USER_09764,1,18,0,42,1,3,0,0
USER_09765,2,7,0,13,1,5,0,0
USER_09766,2,15,0,11,1,3,0,0
USER_09767,1,15,0,35,4,9,0,0
USER_09768,2,9,0,15,2,2,0,1
USER_09769,2,11,0,37,1,1,0,0
USER_09770,3,10,0,72,1,4,0,0
USER_09771,1,12,0,15,1,3,1,0
USER_09772,3,3,1,35,6,10,0,1
USER_09773,3,0,3,103,4,11,1,1
USER_09774,4,14,1,64,1,1,0,0
USER_09775,5,11,1,110,1,10,3,1
USER_09776,1,20,2,11,1,1,0,0
USER_09777,0,13,1,27,2,2,0,0
USER_09778,1,10,1,58,0,4,0,0
USER_09779,0,14,1,21,1,4,0,0
USER_09780,2,19,4,19,7,8,0,0
USER_09781,0,11,2,9,2,3,1,1
USER_09782,6,18,0,32,1,2,0,0
USER_09783,0,7,0,11,0,2,0,0
USER_09784,4,12,0,89,0,3,0,1
USER_09785,0,13,1,27,0,2,0,0
USER_09786,1,16,0,25,1,3,0,0
USER_09787,4,18,0,20,1,3,1,0
USER_09788,2,18,1,15,0,1,0,0
USER_09789,2,14,0,22,0,2,0,0
USER_09790,7,0,1,169,3,7,0,1
USER_09791,1,15,0,43,2,4,1,0
USER_09792,1,13,0,24,0,4,0,0
USER_09793,1,11,0,22,2,2,0,0
USER_09794,2,14,1,26,1,4,0,0
USER_09795,0,17,0,16,1,3,0,0
USER_09796,0,13,0,68,0,1,2,0
USER_09797,0,12,0,17,0,1,1,0
USER_09798,2,17,0,16,2,2,0,0
USER_09799,2,11,2,35,3,5,0,0
USER_09800,1,15,0,19,0,3,0,0
USER_09801,0,14,0,62,1,5,1,0
USER_09802,0,16,1,32,2,1,1,0
USER_09803,2,16,0,14,2,4,0,0
USER_09804,5,2,1,33,6,9,1,1
USER_09805,3,12,1,24,3,3,0,1
USER_09806,4,20,2,40,4,9,1,1
USER_09807,4,14,0,16,1,4,0,0
USER_09808,2,14,0,29,0,1,0,0
USER_09809,1,22,0,40,1,4,0,0
USER_09810,4,18,0,60,7,4,2,1
USER_09811,3,13,1,63,0,1,0,0
USER_09812,0,11,0,25,2,3,0,0
USER_09813,2,9,1,30,0,2,0,0
USER_09814,3,8,0,6,3,3,0,0
USER_09815,5,8,2,29,3,7,2,1
USER_09816,0,12,0,14,1,5,2,0
USER_09817,1,16,1,53,0,4,0,0
USER_09818,1,14,0,8,1,1,0,0
USER_09819,3,10,0,15,1,3,1,0
USER_09820,8,0,0,75,2,7,1,1
USER_09821,7,0,1,211,4,9,0,1
USER_09822,3,5,1,113,3,7,1,1
USER_09823,1,10,0,31,0,7,2,0
USER_09824,1,4,0,18,0,5,1,0
USER_09825,1,9,0,13,1,5,0,0
USER_09826,1,9,0,63,1,2,0,0
USER_09827,4,21,0,27,4,10,0,1
USER_09828,1,18,1,23,1,1,0,0
USER_09829,2,6,1,16,0,2,0,0
USER_09830,1,16,1,23,2,4,2,0
USER_09831,4,18,2,52,4,11,0,0
USER_09832,1,10,0,20,1,3,0,0
USER_09833,3,3,3,34,5,8,2,0
USER_09834,2,11,1,161,5,7,2,1
USER_09835,3,23,2,447,5,12,1,1
USER_09836,0,17,0,19,2,3,1,0
USER_09837,1,13,0,43,1,4,1,0
USER_09838,1,18,0,30,0,4,1,0
USER_09839,3,15,2,55,5,7,2,0
USER_09840,5,1,3,24,4,13,3,1
USER_09841,0,11,0,24,1,0,0,0
USER_09842,1,11,0,25,1,3,1,0
USER_09843,0,12,0,33,2,5,0,0
USER_09844,0,13,0,22,0,3,0,0
USER_09845,3,14,0,29,0,5,0,0
USER_09846,2,12,0,41,2,2,0,0
USER_09847,5,5,2,57,4,8,2,1
USER_09848,0,19,2,41,1,3,0,0
USER_09849,2,14,1,17,0,1,1,0
USER_09850,1,19,1,27,0,4,0,0
USER_09851,3,18,0,9,1,1,0,0
USER_09852,1,12,0,11,0,3,0,0
USER_09853,1,15,1,16,0,3,0,0
USER_09854,1,13,0,11,1,6,0,0
USER_09855,1,18,0,21,1,3,0,0
USER_09856,0,10,1,48,1,3,2,0
USER_09857,4,8,0,22,1,2,1,0
USER_09858,4,13,0,28,2,3,0,0
USER_09859,3,10,0,81,0,4,1,0
USER_09860,0,10,0,28,0,4,0,0
USER_09861,1,12,2,25,1,4,0,0
USER_09862,0,11,0,14,0,4,1,0
USER_09863,2,12,0,29,3,3,1,0
USER_09864,6,20,2,31,7,7,3,0
USER_09865,2,14,0,17,0,1,0,0
USER_09866,1,11,0,29,1,1,0,0
USER_09867,1,11,0,12,0,2,1,0
USER_09868,2,0,3,153,7,6,0,1
USER_09869,2,17,0,20,1,5,0,0
USER_09870,3,2,4,130,5,12,2,1
USER_09871,1,13,0,8,2,2,0,0
USER_09872,4,5,2,129,3,6,4,1
USER_09873,2,12,1,40,3,0,0,0
USER_09874,1,15,0,33,0,2,0,0
USER_09875,1,13,0,22,0,2,0,0
USER_09876,2,19,0,5,1,3,0,0
USER_09877,2,4,0,101,3,6,1,0
USER_09878,5,4,0,54,3,5,0,1
USER_09879,2,13,0,45,0,1,1,0
USER_09880,2,6,0,15,1,4,1,0
USER_09881,2,13,0,13,0,4,0,0
USER_09882,0,4,0,22,0,3,0,0
USER_09883,1,10,1,10,2,2,1,0
USER_09884,5,13,1,12,1,2,0,0
USER_09885,4,7,1,48,1,1,0,0
USER_09886,3,6,1,65,2,7,4,1
USER_09887,6,18,0,135,2,9,1,1
USER_09888,3,21,1,93,3,8,3,0
USER_09889,1,16,0,7,1,3,0,0
USER_09890,2,9,1,257,4,8,0,0
USER_09891,0,18,2,17,0,4,0,0
USER_09892,0,10,0,60,3,6,0,0
USER_09893,1,12,0,26,0,2,0,0
USER_09894,3,1,1,113,3,4,3,1
USER_09895,2,16,1,31,0,7,0,1
USER_09896,4,5,0,80,6,13,3,1
USER_09897,3,13,1,36,1,2,0,0
USER_09898,9,21,4,56,7,9,4,1
USER_09899,3,15,0,28,2,3,1,0
USER_09900,5,8,1,94,6,10,1,1
USER_09901,2,16,0,84,1,3,1,1
USER_09902,1,14,0,6,0,4,0,0
USER_09903,7,7,1,92,8,9,1,1
USER_09904,3,12,0,19,0,3,0,0
USER_09905,1,13,0,41,0,4,0,1
USER_09906,7,2,1,53,6,8,2,1
USER_09907,2,9,0,37,1,2,1,0
USER_09908,4,10,1,66,1,7,2,1
USER_09909,2,12,0,16,1,5,0,0
USER_09910,4,0,3,197,7,6,0,1
USER_09911,3,16,0,20,3,3,0,0
USER_09912,1,12,0,46,0,4,0,0
USER_09913,5,0,1,47,1,7,2,0
USER_09914,2,8,0,56,0,5,0,0
USER_09915,0,7,0,40,1,2,1,0
USER_09916,2,13,0,21,1,2,0,0
USER_09917,5,17,1,11,1,3,0,1
USER_09918,1,12,0,17,0,3,2,0
USER_09919,0,6,1,21,1,2,0,0
USER_09920,6,4,0,70,7,7,3,1
USER_09921,2,11,1,22,1,4,0,0
USER_09922,1,12,0,40,3,4,1,0
USER_09923,0,9,0,17,0,7,0,0
USER_09924,1,10,0,22,1,2,0,0
USER_09925,3,8,0,23,1,5,1,0
USER_09926,1,9,3,108,3,6,2,0
USER_09927,1,19,0,50,3,5,0,0
USER_09928,0,10,0,35,0,3,0,0
USER_09929,4,6,1,142,8,4,1,1
USER_09930,0,11,1,55,0,2,1,0
USER_09931,0,12,0,10,3,4,0,0
USER_09932,0,14,0,6,1,5,1,0
USER_09933,3,14,0,30,0,3,0,0
USER_09934,0,16,0,20,2,2,0,0
USER_09935,8,1,0,63,8,11,1,1
USER_09936,2,13,0,37,0,3,0,0
USER_09937,4,4,0,7,0,6,3,0
USER_09938,1,14,0,45,1,4,0,0
USER_09939,6,22,1,23,2,11,2,0
USER_09940,2,4,2,76,3,13,1,1
USER_09941,4,22,2,314,4,16,1,0
USER_09942,1,17,1,44,3,5,0,0
USER_09943,7,21,0,64,6,13,3,1
USER_09944,1,19,1,22,2,1,0,0
USER_09945,1,16,0,25,4,4,0,0
USER_09946,0,15,0,28,2,5,1,0
USER_09947,6,23,1,363,4,16,2,1
USER_09948,3,19,0,75,1,6,1,0
USER_09949,1,16,1,17,3,1,1,0
USER_09950,2,10,0,25,0,3,0,1
USER_09951,3,5,0,28,0,5,1,1
USER_09952,3,4,3,297,5,16,0,1
USER_09953,5,6,3,134,3,7,2,1
USER_09954,3,12,0,19,0,1,2,0
USER_09955,2,18,0,33,0,4,0,0
USER_09956,0,9,0,22,2,3,1,1
USER_09957,4,22,4,96,8,8,0,1
USER_09958,1,17,1,9,0,3,0,0
USER_09959,1,8,0,8,0,3,0,0
USER_09960,0,15,1,48,0,3,0,0
USER_09961,1,13,2,20,0,6,0,0
USER_09962,3,11,1,42,1,2,1,0
USER_09963,0,5,0,188,1,1,0,0
USER_09964,8,20,3,80,7,7,4,1
USER_09965,2,11,0,19,0,5,0,0
USER_09966,1,12,0,29,0,3,1,0
USER_09967,2,18,1,10,0,2,0,0
USER_09968,0,13,1,19,0,2,0,0
USER_09969,2,14,0,38,1,3,0,0
USER_09970,1,20,0,20,0,2,0,0
USER_09971,2,1,0,667,4,7,0,1
USER_09972,2,10,0,8,0,3,1,0
USER_09973,1,23,1,68,2,8,0,0
USER_09974,2,13,0,57,0,7,0,1
USER_09975,2,11,1,7,1,3,1,0
USER_09976,0,10,0,33,0,2,0,0
USER_09977,2,1,0,166,10,7,1,1
USER_09978,4,4,0,205,6,6,2,0
USER_09979,3,11,0,30,1,4,0,0
USER_09980,0,14,0,57,1,3,1,0
USER_09981,1,10,0,74,1,2,0,0
USER_09982,1,18,0,29,0,5,0,0
USER_09983,3,0,1,50,7,4,1,1
USER_09984,1,10,0,21,3,6,0,0
USER_09985,2,11,0,27,1,4,0,0
USER_09986,1,12,0,143,10,9,2,1
USER_09987,5,18,1,77,9,11,4,0
USER_09988,3,8,0,240,9,8,1,1
USER_09989,4,15,1,75,0,3,0,0
USER_09990,2,15,1,11,2,1,0,0
USER_09991,1,8,0,108,2,4,0,0
USER_09992,3,14,0,12,0,0,1,0
USER_09993,3,18,1,7,1,3,1,1
USER_09994,3,12,0,51,2,2,2,0
USER_09995,0,17,0,14,1,0,0,0
USER_09996,1,12,1,30,1,4,0,0
USER_09997,3,13,0,28,0,6,0,0
USER_09998,1,9,1,12,1,3,0,0
USER_09999,0,11,0,6,0,4,0,0
USER_10000,2,17,0,19,1,5,0,0
